ply
format ascii 1.0
element vertex 9155
property float x
property float y
property float z
property uchar red
property uchar green
property uchar blue
end_header
-0.015927449 0.13510871 0.41602194 95 106 50
-0.015409798 0.1353861 0.41687605 91 101 45
-0.014868941 0.13547258 0.41714236 88 98 43
-0.014339157 0.13567048 0.41775176 91 101 45
-0.013827603 0.13606362 0.41896227 94 104 49
-0.013331369 0.13664652 0.42075714 95 106 50
-0.012872487 0.13767965 0.4239383 92 103 48
0.108545154 0.14433572 0.44443342 99 111 41
-0.06213626 0.13462856 0.4128652 23 28 12
-0.06163174 0.13471717 0.4131369 23 27 11
-0.061329532 0.13525352 0.41478175 23 28 12
-0.061096545 0.13595358 0.4169286 22 27 11
-0.060801763 0.1365276 0.41868895 20 24 8
-0.06035331 0.13676392 0.4194137 20 24 9
-0.05987512 0.13693662 0.4199433 24 29 13
-0.059437297 0.13720572 0.42076856 29 34 18
-0.059166744 0.13786969 0.4228047 29 34 18
-0.05896137 0.1386996 0.42534983 27 31 16
-0.058719534 0.1394589 0.42767835 26 30 16
-0.058785275 0.14097051 0.43231404 27 31 17
-0.036187988 0.13966301 0.42830434 24 26 9
-0.035708677 0.14000069 0.42933986 23 26 9
-0.0352309 0.14035536 0.43042755 23 26 9
-0.034695193 0.14048709 0.43083152 24 27 10
-0.03406875 0.14024968 0.43010345 24 27 11
-0.03337733 0.13973221 0.42851654 24 27 10
-0.03261263 0.13888481 0.42591783 22 26 10
-0.017270124 0.13330378 0.40880245 26 29 14
-0.016839081 0.13416946 0.41145724 27 30 15
-0.016415752 0.13515636 0.4144838 26 29 15
-0.015976684 0.13607727 0.41730794 25 28 13
-0.015497771 0.13671248 0.41925594 24 26 12
-0.014986475 0.13709849 0.42043972 23 26 11
-0.014465544 0.13742267 0.42143387 24 26 12
-0.013951711 0.13784291 0.4227226 25 27 13
-0.013561147 0.13956681 0.4280093 25 28 13
-0.013546704 0.14547983 0.44614273 24 27 13
-0.013310544 0.14944111 0.45829082 23 26 12
-0.013063616 0.15365301 0.47120744 23 26 11
0.03924047 0.14466262 0.44363663 22 25 9
0.039863266 0.14479744 0.4440501 23 26 9
0.04024976 0.14408247 0.4418575 24 27 10
0.040468026 0.14279433 0.4379071 25 28 10
0.04061796 0.14130473 0.433339 25 28 10
0.04079492 0.13994925 0.4291821 24 28 10
0.04108467 0.13901252 0.42630944 24 28 10
0.041512426 0.13856176 0.4249271 24 28 10
0.04205683 0.13850716 0.42475966 24 28 10
0.04273427 0.13888638 0.4259226 24 28 10
0.043469165 0.13944004 0.42762056 25 28 11
0.044170775 0.13987413 0.42895174 25 29 11
0.044796817 0.14006093 0.42952463 24 28 10
0.0474035 0.14106825 0.43261376 28 33 15
0.048034288 0.14124368 0.43315175 26 31 13
0.0486028 0.14123403 0.43312213 23 28 10
0.04911263 0.14105605 0.43257633 22 26 9
0.04968118 0.14104886 0.4325543 22 27 10
0.050303757 0.14119351 0.43299788 23 28 11
0.051066257 0.1417232 0.43462232 24 28 11
0.10508285 0.14419702 0.44220877 26 30 11
0.105945 0.14457688 0.44337365 25 29 10
0.106291674 0.14425299 0.4423804 25 28 10
0.106669836 0.14397512 0.4415283 25 28 10
0.10687741 0.1434713 0.43998322 26 29 11
0.10727369 0.14322488 0.4392275 26 29 11
0.10793719 0.14333594 0.4395681 26 30 12
0.10932566 0.14440341 0.4428417 26 29 11
0.11162835 0.14666066 0.44976398 25 28 10
0.117683455 0.15379795 0.47165194 24 27 9
-0.06510767 0.14040612 0.428847 0 0 0
-0.06427581 0.13982807 0.42708144 0 0 0
-0.06341179 0.13916923 0.42506912 0 0 0
-0.062064085 0.13742761 0.41974965 0 0 0
-0.061180636 0.13669187 0.41750243 0 0 0
-0.06076496 0.13699736 0.4184355 0 0 0
-0.060238693 0.13705684 0.4186172 0 0 0
-0.059718788 0.13713203 0.41884685 0 0 0
-0.05925577 0.13734049 0.4194835 0 0 0
-0.058975574 0.13798058 0.4214386 0 0 0
-0.061438937 0.14511292 0.44322312 0 0 0
-0.061803844 0.1473784 0.45014265 0 0 0
-0.06225214 0.14988865 0.4578098 0 0 0
-0.06254895 0.1520798 0.4645023 0 0 0
-0.06275722 0.15409692 0.47066325 0 0 0
-0.037765224 0.14634024 0.44697177 0 0 0
-0.037179083 0.14635576 0.44701916 0 0 0
-0.036609467 0.14643787 0.44726995 0 0 0
-0.036039256 0.14652026 0.4475216 0 0 0
-0.0354695 0.14660726 0.44778734 0 0 0
-0.034885384 0.14663687 0.4478778 0 0 0
-0.034244824 0.14642614 0.44723415 0 0 0
-0.033587877 0.14613673 0.4463502 0 0 0
-0.032906406 0.14572838 0.44510293 0 0 0
-0.019125136 0.13950099 0.4260824 0 0 0
-0.018556772 0.13945696 0.42594793 0 0 0
-0.01798397 0.13937576 0.42569995 0 0 0
-0.017409766 0.13927813 0.42540172 0 0 0
-0.016858041 0.13935982 0.42565122 0 0 0
-0.016325582 0.13961187 0.42642108 0 0 0
-0.015807865 0.14001252 0.4276448 0 0 0
-0.015304938 0.14057869 0.42937407 0 0 0
-0.014819046 0.1413509 0.43173265 0 0 0
-0.01435313 0.14238305 0.4348852 0 0 0
-0.013898538 0.14361823 0.43865785 0 0 0
-0.013475789 0.14530416 0.4438072 0 0 0
-0.013059339 0.14721435 0.44964162 0 0 0
-0.01262967 0.14915039 0.4555549 0 0 0
-0.012171147 0.15092222 0.46096668 0 0 0
-0.011662113 0.15222126 0.46493435 0 0 0
-0.011107143 0.15303175 0.46740985 0 0 0
-0.01051462 0.15338974 0.4685033 0 0 0
-0.009893682 0.15335207 0.46838823 0 0 0
-0.009250111 0.15293516 0.46711487 0 0 0
-0.008595128 0.15225655 0.46504214 0 0 0
-0.007942922 0.15152653 0.4628124 0 0 0
-0.0072973315 0.15081152 0.46062854 0 0 0
-0.006662235 0.15020311 0.45877028 0 0 0
-0.0060383254 0.14975047 0.45738775 0 0 0
0.0031032853 0.15392296 0.4701319 0 0 0
0.003705123 0.15314509 0.46775603 0 0 0
0.004297823 0.15226574 0.46507022 0 0 0
0.004883764 0.15139668 0.4624158 0 0 0
0.005469111 0.1507044 0.46030134 0 0 0
0.0060583786 0.15024778 0.4589067 0 0 0
0.006652699 0.14998811 0.4581136 0 0 0
0.007251524 0.14986482 0.45773703 0 0 0
0.007847819 0.14971223 0.45727095 0 0 0
0.008437034 0.14945602 0.45648843 0 0 0
0.009015818 0.14906153 0.4552835 0 0 0
0.009588241 0.14861773 0.45392796 0 0 0
0.010157429 0.14817896 0.45258784 0 0 0
0.010732513 0.14787018 0.45164472 0 0 0
0.0113152135 0.1476933 0.4511045 0 0 0
0.011903246 0.14760025 0.45082027 0 0 0
0.012497048 0.14758419 0.45077118 0 0 0
0.013086997 0.14752614 0.45059392 0 0 0
0.013680121 0.1475074 0.45053664 0 0 0
0.014280295 0.14756306 0.45070663 0 0 0
0.014901103 0.14781895 0.45148823 0 0 0
0.0155581925 0.14840122 0.45326668 0 0 0
0.039217394 0.14736234 0.45009357 0 0 0
0.039284337 0.14541069 0.4441326 0 0 0
0.039935272 0.14564629 0.4448522 0 0 0
0.04038824 0.14516354 0.44337773 0 0 0
0.04066701 0.1440774 0.44006032 0 0 0
0.040877532 0.1427835 0.4361083 0 0 0
0.041107975 0.14159414 0.4324756 0 0 0
0.041437097 0.14077261 0.42996636 0 0 0
0.041919682 0.14048758 0.4290958 0 0 0
0.042560503 0.14073339 0.42984658 0 0 0
0.043366995 0.14151335 0.43222883 0 0 0
0.044791624 0.14426392 0.44063002 0 0 0
0.046005663 0.14627442 0.44677073 0 0 0
0.046725396 0.14668226 0.4480164 0 0 0
0.04708524 0.14596425 0.44582337 0 0 0
0.046761595 0.14317131 0.43729278 0 0 0
0.04740605 0.1433744 0.4379131 0 0 0
0.048048533 0.1435667 0.43850046 0 0 0
0.048660416 0.14366408 0.4387979 0 0 0
0.049239874 0.14366457 0.43879938 0 0 0
0.04977119 0.14352623 0.4383768 0 0 0
0.051965516 0.14813158 0.45244312 0 0 0
0.052654076 0.14838876 0.45322862 0 0 0
0.053351615 0.14866517 0.4540729 0 0 0
0.054244887 0.1494748 0.45654577 0 0 0
0.0933518 0.15231083 0.46520796 0 0 0
0.09367459 0.15183856 0.46376544 0 0 0
0.10996748 0.15151075 0.4627642 0 0 0
0.11107665 0.15219343 0.46484935 0 0 0
0.11188486 0.1524585 0.46565896 0 0 0
0.11248454 0.15243806 0.46559653 0 0 0
0.11275802 0.1519782 0.46419197 0 0 0
0.11312579 0.15164971 0.46318865 0 0 0
0.11373366 0.15164487 0.4631739 0 0 0
0.114614174 0.15200168 0.4642637 0 0 0
0.11594954 0.15295471 0.46717456 0 0 0
0.117555715 0.154253 0.47113997 0 0 0
0.11924864 0.15565087 0.4754095 0 0 0
0.12073275 0.15676294 0.47880617 0 0 0
0.122189514 0.15782812 0.48205957 0 0 0
0.12330556 0.15844445 0.48394206 0 0 0
-0.12147402 0.13624789 0.41447508 0 0 0
-0.12143006 0.13681486 0.4161999 0 0 0
-0.12203965 0.1381267 0.42019057 0 0 0
-0.12755746 0.14503108 0.44119415 0 0 0
-0.12744482 0.1455677 0.4428266 0 0 0
-0.12714365 0.14589293 0.44381598 0 0 0
-0.12669447 0.14605057 0.44429553 0 0 0
-0.12626909 0.14623722 0.44486332 0 0 0
-0.113687195 0.14977837 0.45563573 0 0 0
-0.11369127 0.15058047 0.45807573 0 0 0
-0.11360954 0.15127687 0.46019426 0 0 0
-0.06379033 0.13692924 0.41654783 0 0 0
-0.06329034 0.13703734 0.41687667 0 0 0
-0.06281657 0.1372046 0.4173855 0 0 0
-0.062185854 0.137029 0.4168513 0 0 0
-0.061472643 0.13666686 0.41574964 0 0 0
-0.060746484 0.13626914 0.41453975 0 0 0
-0.060044758 0.1359195 0.4134761 0 0 0
-0.059333164 0.1355409 0.4123244 0 0 0
-0.0589441 0.13589889 0.41341344 0 0 0
-0.059007466 0.13731645 0.4177257 0 0 0
-0.05917814 0.1390128 0.42288613 0 0 0
-0.059447538 0.1409756 0.4288571 0 0 0
-0.05970364 0.14294429 0.434846 0 0 0
-0.060027402 0.14511478 0.44144878 0 0 0
-0.060357384 0.14734302 0.44822726 0 0 0
-0.0606129 0.14943181 0.45458144 0 0 0
-0.060737547 0.15123649 0.4600714 0 0 0
-0.037443377 0.14343694 0.43634465 0 0 0
-0.036610264 0.1424368 0.4333022 0 0 0
-0.03602335 0.142378 0.4331233 0 0 0
-0.03545633 0.1423972 0.4331817 0 0 0
-0.034903176 0.14247362 0.4334142 0 0 0
-0.034359574 0.14259224 0.43377504 0 0 0
-0.033815593 0.14271326 0.4341432 0 0 0
-0.033226553 0.14264503 0.4339356 0 0 0
-0.033670533 0.14708707 0.4474486 0 0 0
-0.03348122 0.14887185 0.45287806 0 0 0
-0.03277745 0.14839247 0.4514197 0 0 0
-0.03207241 0.14788945 0.4498895 0 0 0
-0.01909399 0.1358401 0.4132346 0 0 0
-0.018550761 0.13585705 0.41328612 0 0 0
-0.017992018 0.13575795 0.4129847 0 0 0
-0.017488217 0.13608018 0.41396493 0 0 0
-0.017033711 0.13681915 0.41621295 0 0 0
-0.01657244 0.13755125 0.41844 0 0 0
-0.016078793 0.13805583 0.41997498 0 0 0
-0.015564418 0.13841215 0.42105892 0 0 0
-0.015069482 0.13897412 0.42276844 0 0 0
-0.014576785 0.13960075 0.42467472 0 0 0
-0.014092547 0.14036177 0.4269898 0 0 0
-0.013610139 0.14120519 0.42955554 0 0 0
-0.01329273 0.14390825 0.4377784 0 0 0
-0.013039913 0.1475881 0.4489728 0 0 0
-0.012646078 0.14994636 0.45614675 0 0 0
-0.012174259 0.15156953 0.46108454 0 0 0
-0.011615042 0.15221818 0.4630578 0 0 0
-0.010970929 0.15176451 0.4616777 0 0 0
-0.010253197 0.15017918 0.456855 0 0 0
-0.009644467 0.15009202 0.45658988 0 0 0
-0.009013383 0.14962216 0.4551605 0 0 0
-0.008372987 0.14891954 0.4530231 0 0 0
-0.0077385483 0.14822297 0.45090407 0 0 0
-0.007122872 0.14779958 0.44961613 0 0 0
-0.0065248553 0.147699 0.44931012 0 0 0
-0.0059311436 0.14768548 0.449269 0 0 0
-0.005409539 0.14966391 0.45528755 0 0 0
-0.004874986 0.15173393 0.4615847 0 0 0
-0.0042821593 0.15232252 0.46337518 0 0 0
-0.0036851887 0.15293533 0.4652394 0 0 0
-0.0030829187 0.15352935 0.46704644 0 0 0
-0.0024781653 0.15426579 0.46928674 0 0 0
-0.0018673716 0.15499185 0.47149545 0 0 0
0.0018576618 0.15418592 0.4690438 0 0 0
0.0024840992 0.15463518 0.47041044 0 0 0
0.0031091187 0.1548341 0.4710156 0 0 0
0.0037198334 0.1543731 0.46961316 0 0 0
0.0043190285 0.15363401 0.46736482 0 0 0
0.0049119713 0.15288511 0.4650866 0 0 0
0.0055037425 0.15227021 0.46321607 0 0 0
0.006096357 0.15179929 0.4617835 0 0 0
0.0066928454 0.15150167 0.46087813 0 0 0
0.00729594 0.15139076 0.4605407 0 0 0
0.007902225 0.151358 0.46044105 0 0 0
0.0085079195 0.15131941 0.4603237 0 0 0
0.009108991 0.15120926 0.4599886 0 0 0
0.00969998 0.15095595 0.45921797 0 0 0
0.010238172 0.1499591 0.45618552 0 0 0
0.010651373 0.14734401 0.4482302 0 0 0
0.011139375 0.14598444 0.44409433 0 0 0
0.011710324 0.14579354 0.4435136 0 0 0
0.012289976 0.145724 0.44330207 0 0 0
0.013015021 0.14730637 0.44811574 0 0 0
0.013826317 0.1496849 0.4553514 0 0 0
0.01443199 0.14973189 0.45549434 0 0 0
0.015051623 0.14991416 0.45604882 0 0 0
0.015693525 0.15029567 0.4572094 0 0 0
0.016359659 0.15087241 0.45896384 0 0 0
0.019687437 0.15319286 0.46602282 0 0 0
0.020312028 0.15326348 0.46623766 0 0 0
0.02092914 0.15327516 0.4662732 0 0 0
0.02153625 0.15321504 0.46609026 0 0 0
0.03708526 0.14428484 0.43892404 0 0 0
0.03756225 0.14389232 0.43772995 0 0 0
0.038234703 0.14424911 0.43881536 0 0 0
0.03890573 0.14458995 0.43985218 0 0 0
0.039496746 0.1446278 0.43996733 0 0 0
0.04000499 0.14436583 0.43917042 0 0 0
0.04044285 0.143861 0.43763468 0 0 0
0.040858906 0.14329392 0.43590957 0 0 0
0.04124889 0.14265242 0.4339581 0 0 0
0.041695654 0.14222217 0.43264922 0 0 0
0.042341024 0.14247182 0.4334087 0 0 0
0.04309175 0.14306462 0.43521205 0 0 0
0.04391587 0.14388226 0.43769938 0 0 0
0.044735115 0.1446629 0.44007412 0 0 0
0.04552366 0.14532553 0.44208986 0 0 0
0.046257194 0.145798 0.44352716 0 0 0
0.04692396 0.14605083 0.4442963 0 0 0
0.047489148 0.14598516 0.4440965 0 0 0
0.04797188 0.1456707 0.4431399 0 0 0
0.04841993 0.1452598 0.4418899 0 0 0
0.04882821 0.14474076 0.44031098 0 0 0
0.049269207 0.14432979 0.43906078 0 0 0
0.04973319 0.14399494 0.43804213 0 0 0
0.050280593 0.14390652 0.43777317 0 0 0
0.050909348 0.14405032 0.43821058 0 0 0
0.05168327 0.14459701 0.4398737 0 0 0
0.05264234 0.14564382 0.44305813 0 0 0
0.053729013 0.14701675 0.4472347 0 0 0
0.06555445 0.16002998 0.4868218 0 0 0
0.06619209 0.16001777 0.48678467 0 0 0
0.06684138 0.16003369 0.4868331 0 0 0
0.0836588 0.15205139 0.4625504 0 0 0
0.08878566 0.15142211 0.4606361 0 0 0
0.08810545 0.14923985 0.4539975 0 0 0
0.08719806 0.14670484 0.44628584 0 0 0
0.087889254 0.14687532 0.44680446 0 0 0
0.08854777 0.1469893 0.44715118 0 0 0
0.08911894 0.14695773 0.44705513 0 0 0
0.09030424 0.1479326 0.45002076 0 0 0
0.091816336 0.1494266 0.45456558 0 0 0
0.09306474 0.15047482 0.45775434 0 0 0
0.0946812 0.15210077 0.46270064 0 0 0
0.09515049 0.15187483 0.46201327 0 0 0
0.09548244 0.15143393 0.46067205 0 0 0
0.101006 0.14209318 0.43225688 0 0 0
0.101993725 0.14267662 0.43403172 0 0 0
0.10325516 0.14363427 0.43694496 0 0 0
0.10438492 0.14439914 0.43927175 0 0 0
0.10556694 0.14522745 0.4417915 0 0 0
0.10650335 0.14571063 0.44326138 0 0 0
0.10717607 0.14582974 0.44362372 0 0 0
0.10751042 0.14548965 0.44258913 0 0 0
0.10792221 0.14525746 0.44188282 0 0 0
0.108647645 0.14544766 0.4424614 0 0 0
0.109708786 0.14608282 0.4443936 0 0 0
0.11125292 0.14735094 0.4482513 0 0 0
0.11309309 0.14899567 0.45325467 0 0 0
0.11496013 0.15065826 0.45831242 0 0 0
0.117751874 0.15350899 0.4669845 0 0 0
0.12146039 0.15751895 0.47918308 0 0 0
0.12232237 0.15781488 0.4800833 0 0 0
0.1228222 0.15764293 0.47956023 0 0 0
0.12159965 0.15527341 0.47235197 0 0 0
0.123862535 0.15420885 0.46911356 0 0 0
0.13000488 0.1407444 0.4281538 0 0 0
0.12945534 0.13954277 0.42449835 0 0 0
0.12876897 0.13820462 0.4204276 0 0 0
0.12806557 0.13685977 0.41633648 0 0 0
0.12764728 0.13582979 0.41320324 0 0 0
0.12759355 0.13519487 0.41127172 0 0 0
0.12791105 0.134957 0.41054812 0 0 0
0.12817095 0.13466063 0.40964654 0 0 0
-0.12417048 0.13858312 0.41989273 2 3 1
-0.12458786 0.13967249 0.4231934 2 3 1
-0.12435755 0.14004229 0.42431384 2 3 1
-0.12421087 0.14051004 0.42573106 2 3 1
-0.12414695 0.14107607 0.42744613 2 3 1
-0.12409518 0.14166117 0.42921886 2 2 1
-0.12391944 0.14210945 0.43057713 2 3 1
-0.12531681 0.14437422 0.43743914 2 3 1
-0.12608491 0.14593162 0.4421579 2 3 1
-0.12176679 0.14359292 0.4350719 2 3 1
-0.120803036 0.14313155 0.433674 2 3 1
-0.11987903 0.14271313 0.43240622 2 3 1
-0.11876613 0.14206475 0.43044168 2 3 1
-0.11763114 0.14138357 0.4283778 2 3 1
-0.116868444 0.14114547 0.42765635 2 3 1
-0.11638375 0.14124241 0.4279501 2 3 1
-0.11246425 0.14567909 0.44139275 2 3 1
-0.112201765 0.14609605 0.44265613 2 3 1
-0.11196069 0.14654541 0.44401762 2 3 1
-0.11181854 0.14712965 0.44578785 2 3 1
-0.111745626 0.14781167 0.44785428 2 3 1
-0.064954266 0.14120492 0.4278365 2 3 1
-0.06456224 0.14158386 0.42898464 2 3 1
-0.06406252 0.14173125 0.4294312 2 3 1
-0.06345623 0.14164338 0.42916498 2 3 1
-0.06258895 0.14096612 0.42711294 2 3 1
-0.06198145 0.14086694 0.42681244 2 2 1
-0.06159578 0.14127472 0.42804798 2 2 1
-0.061407935 0.142148 0.43069392 2 3 1
-0.061137106 0.14284371 0.43280184 3 3 2
-0.06101396 0.14390084 0.43600488 3 3 2
-0.061284337 0.14591509 0.44210783 3 3 2
-0.0616221 0.14813006 0.44881895 3 3 2
-0.061795257 0.14998849 0.4544498 3 3 2
-0.061872426 0.1516481 0.4594783 3 3 2
-0.061859813 0.15311834 0.46393296 3 3 2
-0.06179251 0.15448128 0.46806252 3 3 2
-0.061655167 0.15569487 0.47173956 3 3 2
-0.061321415 0.15643218 0.47397354 2 3 1
-0.060666382 0.15635666 0.47374472 2 3 1
-0.037901737 0.14577591 0.44168615 2 2 1
-0.03729455 0.14568184 0.44140112 2 2 1
-0.036705874 0.14565822 0.44132957 2 2 1
-0.03612635 0.14567077 0.44136757 2 2 1
-0.035548467 0.14569044 0.44142717 2 2 1
-0.035003927 0.14584969 0.44190967 2 2 1
-0.03446411 0.14603436 0.4424692 2 2 1
-0.033880986 0.14603874 0.44248247 2 2 1
-0.033429552 0.14662084 0.44424617 2 2 1
-0.01956749 0.13976778 0.42348212 2 2 1
-0.019095402 0.14040737 0.42542002 2 2 1
-0.018618504 0.14104927 0.4273649 2 2 1
-0.018129393 0.1416359 0.4291423 2 3 1
-0.01765282 0.14236146 0.4313407 2 3 1
-0.01716675 0.14305624 0.43344584 2 3 1
-0.016652433 0.14355545 0.43495837 2 2 1
-0.016144037 0.1441432 0.43673918 2 2 1
-0.015631452 0.14473566 0.4385343 2 2 1
-0.015118211 0.1453674 0.4404484 2 2 1
-0.014606955 0.14606956 0.44257584 2 2 1
-0.01409743 0.14684823 0.44493514 2 2 1
-0.013593971 0.14776056 0.4476994 2 2 1
-0.013085252 0.14869605 0.45053384 2 2 1
-0.012575522 0.1497086 0.45360178 2 2 1
-0.012090101 0.15112627 0.45789716 2 2 1
-0.011579216 0.15235811 0.46162954 2 2 1
-0.011034326 0.15325452 0.46434557 2 3 1
-0.010456363 0.15377004 0.46590754 2 3 1
-0.009844568 0.15382136 0.46606305 2 3 1
-0.009204581 0.15340969 0.4648157 2 3 1
-0.008560797 0.15287139 0.46318468 2 3 1
-0.007927738 0.1524565 0.46192765 2 3 1
-0.007295767 0.15199514 0.46052977 2 3 1
-0.006671064 0.1516151 0.45937827 2 3 1
-0.006053778 0.15134445 0.45855823 2 3 1
-0.005445049 0.15125136 0.45827618 2 3 1
-0.0048446944 0.1513967 0.45871657 3 3 1
-0.000619462 0.1548655 0.46922666 2 3 1
0 0.1550481 0.4697799 2 3 1
0.0006200645 0.15501612 0.46968305 2 2 1
0.0012395697 0.15494622 0.46947125 2 2 1
0.0018574641 0.15478867 0.46899387 2 3 1
0.0024709308 0.15443318 0.46791676 2 3 1
0.003078202 0.1539101 0.4663319 3 3 1
0.003677785 0.15324104 0.46430472 2 3 1
0.004270206 0.15250736 0.46208176 2 2 1
0.0049019344 0.15318544 0.46413627 2 2 1
0.0055494974 0.1541527 0.46706697 2 2 1
0.00616858 0.1542145 0.4672542 2 3 1
0.0067706415 0.15387821 0.46623528 2 3 1
0.0073785214 0.15371919 0.46575347 2 2 1
0.007990383 0.1536612 0.46557778 2 3 1
0.008603517 0.15363424 0.46549606 2 3 1
0.009154708 0.15257847 0.4622972 2 3 1
0.009624847 0.15038824 0.45566103 2 2 1
0.010156159 0.14935528 0.45253125 2 2 1
0.010736634 0.14911991 0.45181814 2 3 1
0.011320226 0.14895034 0.45130432 2 3 1
0.011908598 0.14885747 0.45102295 2 3 1
0.012504102 0.14885835 0.4510256 2 3 1
0.013100659 0.14887111 0.4510643 2 3 1
0.013767117 0.14964257 0.4534017 2 3 1
0.01467169 0.1528301 0.4630596 2 3 1
0.015307539 0.1530754 0.4638028 2 3 1
0.015939698 0.15326633 0.46438134 2 2 1
0.016590213 0.15361309 0.465432 2 2 1
0.017252935 0.15404406 0.46673778 2 2 1
0.017923823 0.15451571 0.46816686 2 2 1
0.01858968 0.15491399 0.46937358 2 2 1
0.019250194 0.15524349 0.47037193 2 2 1
0.019904764 0.15550597 0.4711672 2 2 1
0.020440731 0.15485401 0.46919188 2 2 1
0.037984107 0.14837542 0.44956237 2 3 1
0.03873402 0.148977 0.45138508 2 3 1
0.039235055 0.14861763 0.45029625 2 2 1
0.039719608 0.14820749 0.44905356 2 2 1
0.040325392 0.14825512 0.4491979 2 2 1
0.04103123 0.14866388 0.45043638 2 3 1
0.04176912 0.14917544 0.45198634 2 3 1
0.042467047 0.14953186 0.45306626 2 3 1
0.04303885 0.14944045 0.4527893 2 3 1
0.043536205 0.1490966 0.45174748 2 3 1
0.044094462 0.14896777 0.45135716 2 3 1
0.04474926 0.1491642 0.4519523 2 3 1
0.04542351 0.14941944 0.45272568 2 3 1
0.045991838 0.14932415 0.45243692 2 3 1
0.04645259 0.1488865 0.4511109 2 3 1
0.0468093 0.1481307 0.4488209 2 2 1
0.04710097 0.14719053 0.44597226 2 2 1
0.047108088 0.14539532 0.440533 2 3 1
0.04730475 0.1442218 0.43697733 2 3 1
0.047783922 0.14392747 0.43608555 3 3 1
0.048257623 0.14362389 0.4351657 2 3 1
0.048742753 0.14336103 0.4343693 2 3 1
0.050317544 0.14627193 0.44318902 2 2 1
0.051781673 0.14879791 0.4508425 2 2 1
0.052376453 0.14879675 0.45083895 2 3 1
0.053085648 0.149117 0.45180926 2 3 1
0.053905185 0.14973663 0.45368668 2 3 1
0.054803543 0.15055919 0.45617896 2 3 1
0.055784743 0.15158898 0.45929912 2 2 1
0.0599233 0.15605025 0.47281635 2 3 1
0.0608468 0.15682165 0.4751536 2 3 1
0.06168051 0.15734825 0.47674912 2 3 1
0.06243532 0.15766495 0.47770873 2 3 1
0.063085206 0.15771301 0.4778543 2 3 1
0.06376607 0.1578368 0.4782294 2 2 1
0.08677945 0.14859496 0.45022756 2 3 1
0.08728439 0.14844285 0.44976667 2 3 1
0.087910414 0.14849733 0.44993174 3 3 1
0.088562325 0.1485945 0.4502262 3 3 1
0.08915969 0.14859948 0.45024127 3 3 1
0.089659765 0.14844333 0.44976813 2 3 1
0.09012811 0.14823702 0.44914305 2 3 1
0.09053923 0.14793992 0.44824287 2 2 1
0.09109646 0.14788386 0.44807303 2 2 1
0.10178854 0.14376913 0.4356058 2 3 1
0.10213583 0.1434492 0.43463644 2 3 1
0.10346045 0.14449784 0.4378137 2 3 1
0.10546206 0.14647509 0.44380456 2 3 1
0.10765862 0.14869975 0.45054507 2 3 1
0.10970258 0.15069036 0.4565764 2 3 1
0.110852025 0.1514372 0.45883924 2 3 1
0.11147685 0.15146312 0.4589178 2 3 1
0.112180926 0.15159585 0.45931995 2 3 1
0.11282411 0.15164532 0.45946983 2 3 1
0.113368325 0.15156193 0.4592172 2 3 1
0.11418988 0.15184824 0.46008468 2 3 1
0.11522062 0.15240823 0.46178138 2 2 1
0.11638946 0.15314403 0.46401078 2 2 1
0.11752472 0.15382816 0.46608365 2 2 1
0.1186199 0.154453 0.4679768 2 3 1
0.11943228 0.15470502 0.46874043 2 3 1
0.11999301 0.15463015 0.4685136 2 3 1
0.12042314 0.15438864 0.4677818 2 3 1
0.12072983 0.15399213 0.46658042 2 3 1
0.12085386 0.15336785 0.46468893 2 3 1
0.12090699 0.15266034 0.46254525 2 3 1
0.121146195 0.15219371 0.46113142 2 3 1
0.1338376 0.14675176 0.44464284 3 3 1
0.13382697 0.14609931 0.442666 3 3 1
0.13347003 0.14507613 0.43956584 3 3 1
0.13277674 0.14369777 0.43538958 3 3 1
0.13262019 0.14290969 0.43300176 3 3 1
0.13340063 0.14131424 0.4281677 2 3 1
0.13304421 0.140342 0.42522195 2 3 1
0.1329171 0.1396188 0.42303073 2 3 1
0.13298422 0.13910484 0.42147347 2 3 1
0.13098226 0.13587372 0.4116835 2 3 1
-0.12650654 0.14768903 0.44569987 3 3 2
-0.11927994 0.14256793 0.4302453 3 4 2
-0.11846453 0.1422708 0.42934862 3 4 2
-0.117611215 0.14192507 0.42830527 3 4 2
-0.06529253 0.1437581 0.43383706 3 4 2
-0.06391251 0.14196496 0.4284256 3 4 2
-0.06334066 0.14195094 0.42838332 3 4 2
-0.06278755 0.14197905 0.42846817 3 4 2
-0.06225349 0.14205115 0.42868572 3 3 1
-0.061800778 0.14231189 0.4294726 3 3 1
-0.06155958 0.14306903 0.4317575 3 4 2
-0.061366484 0.14395314 0.43442565 4 4 2
-0.061255325 0.14504799 0.4377297 4 4 2
-0.061219312 0.1463433 0.44163874 4 4 2
-0.061341554 0.14804548 0.4467756 4 4 2
-0.06146256 0.1497777 0.45200312 4 4 2
-0.06161034 0.15160976 0.457532 4 4 2
-0.061992925 0.15406163 0.46493128 4 4 2
-0.060842715 0.15583186 0.47027352 3 4 2
-0.060394254 0.15627792 0.47161967 3 4 2
-0.059822787 0.15641166 0.47202328 3 4 2
-0.059174754 0.15634593 0.4718249 3 4 2
-0.018791746 0.14293116 0.43134147 3 3 2
-0.018257823 0.1432098 0.43218234 3 4 2
-0.017765999 0.14384729 0.43410617 3 4 2
-0.017311791 0.14484198 0.43710798 3 4 2
-0.01688449 0.14613819 0.4410197 3 3 2
-0.016459407 0.14754684 0.44527078 3 3 1
-0.016020961 0.1489356 0.44946185 3 3 1
-0.015599822 0.15059827 0.4544795 3 3 1
-0.015201188 0.15261993 0.46058047 3 3 2
-0.014701723 0.15375552 0.4640075 3 3 2
-0.014140748 0.1543186 0.4657068 3 3 2
-0.01356588 0.15477437 0.4670822 3 3 1
-0.013000203 0.15538338 0.4689201 3 3 1
-0.012440662 0.15613031 0.4711742 3 3 1
-0.011872868 0.15684684 0.47333655 3 3 2
-0.0112898545 0.15743075 0.4750987 3 4 2
-0.010599518 0.15649876 0.47228613 3 4 2
-0.009876484 0.15493734 0.46757403 3 4 2
-0.009185169 0.1536985 0.46383542 3 4 2
-0.008516106 0.15268162 0.46076664 3 4 2
-0.007880462 0.15215355 0.45917302 3 4 2
-0.007257695 0.15180679 0.45812654 3 4 2
-0.006642493 0.1515696 0.4574108 3 4 2
0.0012501235 0.1568905 0.4734683 3 3 2
0.0018817234 0.15743752 0.47511914 3 4 2
0.0025044938 0.15715697 0.47427252 3 4 2
0.0031218198 0.15671536 0.4729398 4 4 2
0.0037334743 0.15618367 0.47133526 3 4 2
0.0043404 0.15563434 0.46967748 3 3 1
0.0049451217 0.1551532 0.46822545 3 3 1
0.005549266 0.15476286 0.46704748 3 3 2
0.0061510406 0.15439112 0.46592563 3 4 2
0.006751122 0.15404832 0.46489114 3 4 2
0.007354447 0.15383053 0.46423385 3 3 2
0.007960063 0.15369046 0.46381116 3 4 2
0.00856679 0.1535903 0.46350893 3 4 2
0.009173495 0.15350313 0.46324587 3 4 2
0.00977525 0.15334924 0.46278143 3 3 2
0.010373231 0.1531577 0.46220338 3 3 1
0.010973472 0.15301898 0.46178475 3 4 2
0.011576089 0.15292622 0.46150485 3 4 2
0.012181474 0.15287751 0.4613578 3 4 2
0.012791653 0.15289071 0.46139768 3 4 2
0.013403329 0.1529198 0.46148545 3 4 2
0.014018605 0.15298565 0.46168417 3 4 2
0.0146399215 0.15310918 0.46205696 3 4 2
0.015262494 0.15323544 0.462438 3 4 2
0.01591245 0.15361635 0.46358752 3 3 1
0.01660018 0.1543202 0.4657116 3 3 1
0.017247427 0.15461086 0.46658877 3 3 1
0.017848792 0.15448436 0.46620703 3 3 1
0.018461257 0.1544592 0.46613106 3 3 1
0.019103805 0.15467918 0.46679497 3 3 1
0.019741207 0.15484509 0.46729565 3 3 1
0.020371208 0.15494464 0.46759608 3 3 1
0.020998819 0.1550207 0.4678256 3 3 1
0.039269645 0.15164123 0.45762697 3 4 1
0.039616354 0.15066218 0.45467237 3 3 1
0.039976474 0.14976262 0.4519576 3 3 1
0.040488046 0.14944851 0.45100972 3 3 1
0.04116557 0.14974722 0.45191115 3 4 1
0.041936394 0.15037192 0.4537964 3 4 1
0.042701572 0.15095907 0.4555683 3 4 1
0.043300565 0.15095058 0.45554268 3 4 1
0.043735184 0.15037714 0.45381212 3 4 1
0.044192933 0.14989765 0.45236513 3 4 1
0.044694103 0.14957626 0.45139524 3 4 1
0.045343157 0.14975174 0.4519248 3 4 1
0.045996383 0.14993626 0.45248166 3 4 1
0.04664101 0.15008838 0.45294073 3 4 1
0.04727209 0.1501936 0.45325825 3 3 1
0.04786041 0.15016204 0.453163 3 3 1
0.04845924 0.15016381 0.45316836 3 4 1
0.0490065 0.15000771 0.45269725 3 4 2
0.049530912 0.14978626 0.45202896 4 4 2
0.050050315 0.1495551 0.45133138 3 4 2
0.050601974 0.14942464 0.4509377 3 4 1
0.05117541 0.14936079 0.450745 3 3 1
0.051755372 0.14931722 0.4506135 3 3 1
0.08627427 0.15143245 0.45699692 3 4 1
0.08692671 0.15151809 0.45725533 3 4 1
0.08756376 0.15157588 0.45742974 3 4 1
0.08825261 0.15172195 0.45787054 3 4 1
0.08896257 0.15190208 0.45841414 3 4 2
0.08965214 0.15204519 0.45884603 4 4 2
0.09035977 0.15221679 0.4593639 4 4 2
0.09103968 0.15233973 0.4597349 4 4 2
0.09174912 0.15251012 0.4602491 3 4 2
0.10270118 0.14563839 0.43951142 3 4 2
0.10369945 0.14622788 0.4412904 3 4 2
0.10500399 0.14724024 0.4443455 3 4 2
0.106522374 0.14853953 0.44826657 3 4 1
0.10792537 0.14966446 0.4516614 3 4 1
0.109070204 0.150421 0.45394447 3 4 1
0.10996985 0.15083297 0.45518774 3 4 1
0.11078798 0.15112926 0.4560819 3 4 1
0.111599304 0.15141311 0.4569385 3 4 1
0.112447836 0.15174413 0.45793745 3 4 1
0.11395985 0.15296215 0.46161324 3 4 1
0.115843475 0.15466337 0.46674722 3 4 1
0.11855156 0.1574415 0.47513112 3 3 1
0.11951685 0.15788804 0.47647876 3 3 1
0.12012768 0.15786412 0.47640654 3 3 1
0.120712705 0.15780671 0.4762333 3 4 1
0.12116629 0.15757896 0.47554597 3 4 2
0.12168858 0.15744245 0.47513402 3 4 1
0.12238059 0.1575258 0.47538552 3 4 1
0.13514304 0.14016902 0.42300582 3 4 1
-0.06389112 0.1518921 0.45656502 0 0 0
-0.06378341 0.15308017 0.4601362 0 0 0
-0.0639106 0.1548603 0.46548703 0 0 0
-0.06378722 0.15606195 0.469099 0 0 0
-0.0635189 0.15692905 0.47170535 0 0 0
-0.0631544 0.15757336 0.47364205 0 0 0
-0.06279523 0.15824398 0.47565785 0 0 0
-0.016359763 0.15269111 0.45896676 0 0 0
-0.015825933 0.15338981 0.46106696 0 0 0
-0.015284209 0.15406482 0.46309593 0 0 0
-0.0147271 0.15463455 0.46480843 0 0 0
-0.014169804 0.15525176 0.4666637 0 0 0
-0.013600365 0.15578601 0.46826953 0 0 0
-0.0130100595 0.15612072 0.46927562 0 0 0
-0.0124167 0.15645042 0.47026667 0 0 0
-0.011816757 0.15672751 0.47109956 0 0 0
-0.011214269 0.15699978 0.47191796 0 0 0
-0.010597581 0.15709355 0.47219986 0 0 0
-0.009962877 0.15691532 0.4716641 0 0 0
-0.009313058 0.15645938 0.4702936 0 0 0
-0.00866219 0.15591942 0.46867058 0 0 0
-0.00801548 0.15537699 0.4670401 0 0 0
0.0006230684 0.15701324 0.47195843 0 0 0
0.0012446463 0.15682542 0.47139388 0 0 0
0.0018656098 0.15671122 0.4710506 0 0 0
0.0024838224 0.1564808 0.470358 0 0 0
0.0030969267 0.1560851 0.4691686 0 0 0
0.003705286 0.155622 0.4677766 0 0 0
0.0043102563 0.15516922 0.46641558 0 0 0
0.0049134097 0.1547724 0.4652228 0 0 0
0.0055223303 0.15462525 0.46478048 0 0 0
0.006141498 0.15476575 0.46520284 0 0 0
0.006755153 0.15475442 0.46516874 0 0 0
0.0073641264 0.15464665 0.46484482 0 0 0
0.00796569 0.15441185 0.46413904 0 0 0
0.008561344 0.15410419 0.46321425 0 0 0
0.009151325 0.15374225 0.46212634 0 0 0
0.009734875 0.15332428 0.46086997 0 0 0
0.010318325 0.152954 0.45975694 0 0 0
0.0109034795 0.1526487 0.4588393 0 0 0
0.011498523 0.15250672 0.4584125 0 0 0
0.012101147 0.15247446 0.45831552 0 0 0
0.012706022 0.15247226 0.4583089 0 0 0
0.013330176 0.15269111 0.45896673 0 0 0
0.013984896 0.15322582 0.460574 0 0 0
0.014662291 0.15395406 0.46276298 0 0 0
0.015352244 0.15475062 0.4651573 0 0 0
0.016038645 0.15545149 0.46726403 0 0 0
0.016703557 0.15589987 0.4686118 0 0 0
0.017327353 0.15594618 0.46875098 0 0 0
0.017906733 0.15560333 0.46772048 0 0 0
0.01845546 0.15502587 0.46598467 0 0 0
0.018980008 0.1542891 0.46377006 0 0 0
0.019505255 0.15360388 0.46171042 0 0 0
0.020125825 0.15368812 0.46196362 0 0 0
0.020748936 0.15378623 0.46225852 0 0 0
0.04696359 0.15572138 0.4680753 0 0 0
0.04750332 0.15546541 0.46730587 0 0 0
0.04805853 0.15526602 0.46670654 0 0 0
0.048619516 0.15509011 0.46617776 0 0 0
0.049225952 0.15506175 0.46609253 0 0 0
0.049810965 0.15496744 0.46580908 0 0 0
0.05039431 0.15487032 0.46551713 0 0 0
0.05100897 0.15487061 0.465518 0 0 0
0.08369099 0.15064378 0.4528128 0 0 0
0.08432412 0.15070695 0.45300263 0 0 0
0.085086405 0.1509984 0.45387873 0 0 0
0.085921064 0.15141334 0.45512596 0 0 0
0.08666928 0.15167125 0.45590118 0 0 0
0.087205924 0.1515579 0.45556045 0 0 0
0.087584935 0.151174 0.45440653 0 0 0
0.08794208 0.15075785 0.45315564 0 0 0
0.0885111 0.1507081 0.4530061 0 0 0
0.0892367 0.1509238 0.4536545 0 0 0
0.08996028 0.15113327 0.4542841 0 0 0
0.117592245 0.15762365 0.4737932 0 0 0
0.118313774 0.15775171 0.47417814 0 0 0
0.11899794 0.15782885 0.47441003 0 0 0
0.119424954 0.1575659 0.47361967 0 0 0
0.11976635 0.15719333 0.47249976 0 0 0
0.12005504 0.1567558 0.4711846 0 0 0
0.120431796 0.15643719 0.47022688 0 0 0
-0.0124909915 0.15801105 0.47308037 0 0 0
-0.011862909 0.15796399 0.47293952 0 0 0
-0.01123012 0.15784559 0.472585 0 0 0
-0.010589961 0.15760355 0.47186032 0 0 0
-0.009942663 0.15721835 0.4707071 0 0 0
-0.009291863 0.15672275 0.4692233 0 0 0
0.0012482803 0.15790746 0.47277024 0 0 0
0.0018728372 0.15794261 0.47287548 0 0 0
0.007462527 0.15733495 0.47105616 0 0 0
0.008074059 0.15713361 0.47045335 0 0 0
0.008682716 0.15690908 0.46978113 0 0 0
0.009289565 0.156684 0.4691072 0 0 0
0.0098964125 0.15648703 0.4685175 0 0 0
0.010505134 0.15634112 0.46808067 0 0 0
0.011110649 0.15616634 0.4675574 0 0 0
0.011713289 0.15597168 0.4669746 0 0 0
0.012318498 0.155829 0.4665474 0 0 0
0.012927536 0.15574603 0.46629897 0 0 0
0.013549652 0.155821 0.46652344 0 0 0
0.01419412 0.15613532 0.4674645 0 0 0
0.014853634 0.15658206 0.46880203 0 0 0
0.01552244 0.15708709 0.4703141 0 0 0
0.016187755 0.15751931 0.47160813 0 0 0
0.016831988 0.15772198 0.4722149 0 0 0
0.017440984 0.15759175 0.471825 0 0 0
0.018014597 0.15716183 0.47053784 0 0 0
0.018564308 0.156559 0.468733 0 0 0
0.019097475 0.15586004 0.46664032 0 0 0
0.01963444 0.1552348 0.46476838 0 0 0
0.02018351 0.15474024 0.46328768 0 0 0
0.020795751 0.15474486 0.4633015 0 0 0
0.047055192 0.15664425 0.46898827 0 0 0
0.047599755 0.15639919 0.46825454 0 0 0
0.04815073 0.15618122 0.46760193 0 0 0
0.048693866 0.15594365 0.46689063 0 0 0
0.049258526 0.15578009 0.46640095 0 0 0
0.04983457 0.15565614 0.46602985 0 0 0
0.05043244 0.15560253 0.46586934 0 0 0
0.08467805 0.15302533 0.45815328 0 0 0
0.08544311 0.1533128 0.459014 0 0 0
0.08627915 0.1537227 0.46024123 0 0 0
0.087137386 0.15416615 0.46156886 0 0 0
0.08791977 0.15447016 0.46247905 0 0 0
0.08851332 0.15444049 0.46239024 0 0 0
0.08893855 0.15411954 0.46142933 0 0 0
0.08930082 0.15369461 0.4601571 0 0 0
0.13507056 0.1366914 0.40925002 0 0 0
0.1352772 0.13635512 0.40824315 0 0 0
0.13630982 0.13685073 0.409727 0 0 0
-0.00062750996 0.15938753 0.47532278 0 0 0
0 0.15970942 0.47628272 0 0 0
0.006915117 0.15967634 0.47618407 0 0 0
0.0075451895 0.1597065 0.47627404 0 0 0
0.008179773 0.15982017 0.47661301 0 0 0
0.008816493 0.15995637 0.47701916 0 0 0
0.009447266 0.15997371 0.47707087 0 0 0
0.01007424 0.15992856 0.47693625 0 0 0
0.010696335 0.15981583 0.47660005 0 0 0
0.011306703 0.15955015 0.47580773 0 0 0
0.011912813 0.1592555 0.47492906 0 0 0
0.012518744 0.15898804 0.47413146 0 0 0
0.015565141 0.15814184 0.4716079 0 0 0
0.016182069 0.15808636 0.47144246 0 0 0
0.016783293 0.15788728 0.47084877 0 0 0
0.017362557 0.1575032 0.46970338 0 0 0
0.01793496 0.15708551 0.46845773 0 0 0
0.018507382 0.15669584 0.46729568 0 0 0
0.019074198 0.15628538 0.46607158 0 0 0
0.019660795 0.15605755 0.4653922 0 0 0
0.020279462 0.15609041 0.46549016 0 0 0
0.04862885 0.15835549 0.47224507 0 0 0
0.04941299 0.15887214 0.47378582 0 0 0
0.05019036 0.15935439 0.47522396 0 0 0
0.05078392 0.15924835 0.47490773 0 0 0
0.051143512 0.15842015 0.4724379 0 0 0
0.0860364 0.15498754 0.46220124 0 0 0
0.08707798 0.1557592 0.46450245 0 0 0
0.088125095 0.15652989 0.46680078 0 0 0
0.08902628 0.15703247 0.46829957 0 0 0
0.08968974 0.15711167 0.46853578 0 0 0
0.090162374 0.15685783 0.46777877 0 0 0
0.090660244 0.15665103 0.46716207 0 0 0
0.12003082 0.15796801 0.47108954 0 0 0
0.11996194 0.15706357 0.4683923 0 0 0
0.120176554 0.15653767 0.46682397 0 0 0
0.120397 0.1560247 0.46529418 0 0 0
0.13969265 0.14661956 0.43724635 0 0 0
0.13949704 0.14581172 0.43483725 0 0 0
0.14343457 0.14631477 0.43633744 0 0 0
0.1439711 0.14627463 0.43621773 0 0 0
0.14456962 0.14629754 0.43628603 0 0 0
0.14572525 0.14688179 0.4380284 0 0 0
-0.14467607 0.14411093 0.42807984 0 0 0
0.008857123 0.16132617 0.47921747 0 0 0
0.009487681 0.16129059 0.47911176 0 0 0
0.010120236 0.16129126 0.4791138 0 0 0
0.010758689 0.16138034 0.47937837 0 0 0
0.011401957 0.16152772 0.4798162 0 0 0
0.015083974 0.16026722 0.4760719 0 0 0
0.015652526 0.15965576 0.47425556 0 0 0
0.016234485 0.15922284 0.47296956 0 0 0
0.016810913 0.15876974 0.47162363 0 0 0
0.017390661 0.15837924 0.47046366 0 0 0
0.017983302 0.15812904 0.46972045 0 0 0
0.018584473 0.15796801 0.46924213 0 0 0
0.01918888 0.15784402 0.4688738 0 0 0
0.08874928 0.15825921 0.4701071 0 0 0
0.08937391 0.1582663 0.47012818 0 0 0
0.090077445 0.15841205 0.47056115 0 0 0
0.090682074 0.15838307 0.47047505 0 0 0
-0.2624178 -0.39809278 5.764806 95 91 90
-0.2554834 -0.39833435 5.7643137 96 93 91
-0.24847698 -0.39858362 5.7639184 102 98 97
-0.24143243 -0.3988367 5.7635674 110 106 105
-0.23450303 -0.39907554 5.7630267 116 111 111
-0.28979087 -0.38993645 5.7448144 103 99 98
-0.28289223 -0.3901738 5.7443395 103 98 98
-0.27636814 -0.390367 5.7432737 99 94 94
-0.2697816 -0.39056692 5.742293 98 94 93
-0.26317143 -0.39076898 5.741337 103 98 97
-0.25651073 -0.39097625 5.740447 109 104 103
-0.24990416 -0.39117673 5.7394633 111 106 105
-0.24372339 -0.3913276 5.737818 106 101 101
-0.23808289 -0.39141592 5.735342 104 100 100
-0.23233771 -0.391516 5.733021 106 103 103
-0.22637463 -0.3916408 5.7310233 101 99 99
-0.22007775 -0.39180344 5.7295237 89 88 88
-0.21320558 -0.3920314 5.7288833 81 80 80
-0.20608735 -0.39228675 5.7286 88 87 87
-0.1986947 -0.39257267 5.7287145 111 112 112
-0.19052696 -0.39294606 5.729975 141 141 141
-0.18162465 -0.3934019 5.732314 168 171 171
-0.17230201 -0.39390406 5.7352543 186 190 190
-0.16287684 -0.39441654 5.73832 191 198 198
-0.3175845 -0.38178432 5.7239323 101 98 97
-0.3106861 -0.38202164 5.7235317 103 99 99
-0.30366826 -0.38227198 5.7233014 106 103 102
-0.2971294 -0.3824668 5.722317 109 106 105
-0.29090238 -0.3826255 5.7208414 106 103 101
-0.28468204 -0.3827829 5.7193456 103 99 98
-0.27846837 -0.38293916 5.717831 101 97 96
-0.27214098 -0.38310787 5.716481 100 96 95
-0.26575422 -0.38328284 5.715213 95 91 90
-0.25957537 -0.38343373 5.713617 90 87 84
-0.2536459 -0.38355598 5.7116327 92 90 87
-0.24745226 -0.3837077 5.7100434 104 103 100
-0.24094224 -0.38389474 5.708924 114 113 111
-0.23401809 -0.38412791 5.7084208 116 116 116
-0.2265153 -0.38442552 5.708776 119 120 121
-0.21880412 -0.38474572 5.709429 129 130 132
-0.21085024 -0.3850922 5.7104278 148 152 153
-0.20221949 -0.38551363 5.712422 172 177 179
-0.19305205 -0.38599387 5.7151947 195 201 203
-0.18362474 -0.3865018 5.718328 206 213 216
-0.17420578 -0.38700733 5.7214203 203 210 212
-0.16510057 -0.38747653 5.724018 187 196 197
-0.33707142 -0.3740831 5.7046742 98 95 94
-0.33061695 -0.37426928 5.70364 98 96 95
-0.3240714 -0.3744652 5.702736 101 99 98
-0.3174274 -0.3746716 5.701972 106 104 103
-0.31121945 -0.37482843 5.700523 111 109 107
-0.30531907 -0.37495017 5.6985908 111 109 106
-0.29940295 -0.37507334 5.6966753 107 104 102
-0.29342484 -0.3752031 5.694848 101 98 97
-0.28720522 -0.37535954 5.6933827 94 92 91
-0.28079295 -0.37553704 5.692203 88 86 84
-0.27440047 -0.37571177 5.6909823 87 87 82
-0.2679813 -0.37588903 5.6897926 95 96 90
-0.2612157 -0.3761043 5.689118 113 115 109
-0.2540722 -0.37636098 5.6890035 134 136 133
-0.24648333 -0.37666625 5.6895475 153 156 155
-0.2383039 -0.37703606 5.6909647 169 172 174
-0.23002028 -0.3774164 5.6925173 179 183 186
-0.22163224 -0.37780717 5.6942043 184 191 194
-0.21275401 -0.3782509 5.6966047 189 197 201
-0.20357227 -0.37872678 5.699433 192 202 206
-0.19429755 -0.37921152 5.702372 192 201 206
-0.18504524 -0.3796925 5.7052503 185 192 196
-0.17607427 -0.38014123 5.707683 168 174 177
-0.16745305 -0.3805504 5.7095714 143 148 150
-0.35579705 -0.36651585 5.686506 100 97 95
-0.3494928 -0.36668485 5.68529 98 96 95
-0.34324908 -0.36684662 5.68397 95 94 93
-0.3370161 -0.36700675 5.6826234 96 95 93
-0.33074713 -0.36717042 5.681323 98 98 97
-0.32489252 -0.3672877 5.6793733 102 102 100
-0.31925654 -0.36738047 5.677079 105 104 101
-0.31347084 -0.36748952 5.6750097 106 104 102
-0.307513 -0.36761722 5.673198 106 105 104
-0.30115175 -0.36778894 5.671996 108 106 106
-0.29448938 -0.36799327 5.671244 109 109 107
-0.2876923 -0.36821184 5.6706862 114 117 111
-0.28065848 -0.36845574 5.670475 123 127 121
-0.2730894 -0.36875746 5.671062 138 143 136
-0.26519823 -0.36909357 5.6721187 158 163 159
-0.2569623 -0.36946633 5.6736774 180 186 185
-0.24828053 -0.3698866 5.675886 198 204 206
-0.2396996 -0.37029472 5.6779194 202 210 213
-0.23120308 -0.37069255 5.679801 193 203 206
-0.2223525 -0.3711276 5.6821904 180 191 195
-0.21332383 -0.37158075 5.68482 165 176 182
-0.20420718 -0.37204215 5.687556 154 164 170
-0.19513035 -0.37249795 5.6902046 146 153 158
-0.18644571 -0.3729101 5.692243 135 140 144
-0.1780324 -0.3732919 5.6938562 117 122 124
-0.16965103 -0.37366918 5.6953993 98 102 104
-0.38767743 -0.35859624 5.6696796 106 103 102
-0.38095975 -0.35881153 5.669187 102 100 98
-0.3746128 -0.35898545 5.6681013 102 99 97
-0.36818886 -0.3591673 5.667125 102 99 97
-0.36194873 -0.35932857 5.665852 98 96 95
-0.35588264 -0.35947028 5.664298 92 91 89
-0.3499124 -0.3596011 5.662587 88 88 86
-0.3439541 -0.35973024 5.660849 88 88 86
-0.3383417 -0.3598213 5.658569 88 89 86
-0.33281064 -0.3599033 5.6561584 90 90 88
-0.32697392 -0.36001825 5.6542125 97 96 94
-0.3208232 -0.3601669 5.6527414 111 109 108
-0.31412387 -0.36037457 5.652102 129 127 127
-0.30702972 -0.36062428 5.652053 146 146 144
-0.29967737 -0.36090115 5.652382 159 163 159
-0.29178596 -0.36123538 5.6535153 166 173 167
-0.28364468 -0.36159557 5.655008 170 178 172
-0.27523994 -0.36198303 5.6568775 176 184 180
-0.26658845 -0.36239585 5.659097 186 194 193
-0.25762606 -0.36284086 5.661761 193 201 203
-0.24894834 -0.36325413 5.66397 189 199 201
-0.24054956 -0.36363637 5.6657352 172 183 186
-0.23193502 -0.3640406 5.6678004 151 161 165
-0.22324157 -0.36445206 5.66996 127 138 143
-0.21444511 -0.36487335 5.672249 112 120 125
-0.20562053 -0.36529642 5.674555 104 111 115
-0.19718432 -0.36567715 5.6762586 103 107 111
-0.18899918 -0.36603013 5.677567 101 105 107
-0.18080807 -0.36638275 5.678863 98 101 103
-0.17265248 -0.36673063 5.680086 95 98 100
-0.41380286 -0.3508353 5.6505623 116 116 116
-0.4067912 -0.35108218 5.6506033 114 115 114
-0.39985228 -0.35132048 5.6505136 108 107 106
-0.39303327 -0.3515451 5.6502223 103 101 99
-0.38654828 -0.35173297 5.6493936 100 99 97
-0.38006663 -0.35191995 5.648548 100 98 95
-0.37379265 -0.352084 5.647368 94 93 91
-0.36783504 -0.35221356 5.645685 87 86 84
-0.3620596 -0.35232317 5.643712 85 85 83
-0.3563342 -0.3524271 5.6416545 87 88 85
-0.35085273 -0.35250458 5.639214 86 87 84
-0.3452816 -0.35259148 5.6369076 83 83 81
-0.33924675 -0.35272762 5.635308 86 87 85
-0.33274436 -0.3529132 5.634417 104 102 101
-0.32557464 -0.3531693 5.634537 133 132 130
-0.31796765 -0.3534712 5.6353097 166 168 166
-0.30983257 -0.35382828 5.636869 194 200 198
-0.30143976 -0.35421166 5.638798 204 214 211
-0.29288793 -0.35461083 5.640946 198 209 206
-0.28415775 -0.35502768 5.643339 185 195 193
-0.27529502 -0.3554573 5.645907 177 186 185
-0.2662356 -0.3559065 5.648746 170 179 180
-0.25762963 -0.35630664 5.6508746 160 169 171
-0.24948359 -0.3566573 5.6522884 145 153 156
-0.24123716 -0.35701752 5.653831 126 134 137
-0.23298693 -0.3573771 5.655358 105 111 116
-0.22460914 -0.35774904 5.6570535 91 96 101
-0.21614313 -0.35812917 5.6588573 85 90 94
-0.20805168 -0.3584691 5.6600823 90 94 97
-0.20017791 -0.35878536 5.660963 98 102 104
-0.19222403 -0.35910913 5.661944 106 108 110
-0.18422008 -0.35943714 5.6629796 108 110 112
-0.17635798 -0.35974953 5.663786 104 104 106
-0.1687386 -0.36003587 5.664217 99 98 99
-0.44139385 -0.3429682 5.6288924 83 85 86
-0.43360615 -0.3432976 5.6302395 88 89 90
-0.42607594 -0.34359843 5.6311574 93 94 93
-0.41900563 -0.34384936 5.6313334 96 97 96
-0.41191745 -0.34410146 5.6315207 97 97 95
-0.40489674 -0.34434563 5.631586 96 95 93
-0.39818573 -0.34455624 5.631152 94 93 91
-0.39152122 -0.34476128 5.630632 91 90 87
-0.38509822 -0.34494013 5.6297226 85 84 82
-0.37904096 -0.34507978 5.6282334 81 80 78
-0.37316465 -0.3451999 5.6264544 85 86 83
-0.3673594 -0.3453122 5.624558 96 96 94
-0.36170292 -0.34540853 5.6224246 96 96 94
-0.35584116 -0.34552613 5.620601 84 84 82
-0.3495133 -0.34569237 5.619488 75 76 74
-0.34266067 -0.3459131 5.6191697 83 81 80
-0.33516645 -0.3462004 5.6198196 112 112 109
-0.32718468 -0.34653783 5.6211967 155 159 157
-0.3186431 -0.3469327 5.623406 199 207 206
-0.31008482 -0.34732822 5.6256166 217 230 230
-0.3014145 -0.34773427 5.6279726 206 220 220
-0.2926209 -0.34815198 5.63049 180 192 191
-0.2837758 -0.34857377 5.633059 157 166 166
-0.27479672 -0.34900832 5.635804 139 147 149
-0.2663529 -0.34938625 5.637717 129 134 137
-0.25847006 -0.34970507 5.6387634 122 126 130
-0.25052118 -0.35002986 5.6398892 116 118 122
-0.24259877 -0.35035092 5.640955 105 106 111
-0.23454547 -0.3506846 5.642197 97 98 102
-0.22637582 -0.3510293 5.643592 93 96 99
-0.21862626 -0.35132992 5.644341 95 99 101
-0.21109486 -0.35160735 5.644748 100 104 107
-0.20345616 -0.35189494 5.645297 107 109 111
-0.19569945 -0.3521938 5.646003 111 112 113
-0.18797135 -0.3524889 5.6466484 110 110 111
-0.18042278 -0.35276487 5.647011 107 107 105
-0.17297244 -0.3530301 5.647213 103 102 100
-0.16555285 -0.35329142 5.6473546 99 99 96
-0.15800738 -0.35356477 5.6476636 96 95 94
0.0963912 -0.36415726 5.688022 97 96 93
0.10504508 -0.36451265 5.6892877 101 100 98
0.11366916 -0.36486417 5.690491 102 100 98
0.122380495 -0.36522326 5.691794 100 97 95
0.13099289 -0.36557177 5.6929407 97 93 92
0.13955545 -0.36591455 5.694 94 90 89
0.14852619 -0.36629584 5.6955924 92 88 86
0.15793085 -0.36671802 5.697751 89 85 83
0.16769457 -0.3671737 5.7003694 87 84 82
-0.46746993 -0.33531705 5.609384 62 65 68
-0.46002984 -0.33560765 5.6102567 62 65 67
-0.45264125 -0.33589196 5.611029 61 62 65
-0.44511104 -0.3361903 5.612007 61 61 63
-0.43762302 -0.33648342 5.6128993 62 63 63
-0.43050623 -0.33673668 5.613188 67 67 67
-0.42322922 -0.337006 5.6137114 74 74 73
-0.41594458 -0.33727533 5.6142297 78 77 76
-0.4089806 -0.33751038 5.6142287 76 75 74
-0.40195775 -0.33775094 5.614305 71 71 69
-0.3952942 -0.33795333 5.6138053 68 68 66
-0.38904786 -0.3381118 5.6126447 69 69 67
-0.38287187 -0.33826253 5.6113653 80 80 78
-0.3767693 -0.33840513 5.609961 94 94 92
-0.37074804 -0.33853903 5.608423 93 93 91
-0.36443138 -0.33870298 5.6073318 75 75 73
-0.35778928 -0.3389001 5.6067305 57 57 55
-0.35066438 -0.33914632 5.606857 56 55 53
-0.34297347 -0.33945012 5.607835 80 80 76
-0.3348143 -0.33980113 5.609509 120 124 122
-0.3262434 -0.34019342 5.6117887 163 171 172
-0.31779742 -0.34057176 5.613853 183 195 197
-0.3092413 -0.34096026 5.6160607 172 184 187
-0.3005743 -0.34135905 5.6184125 144 154 156
-0.29191613 -0.34175572 5.6207247 119 125 128
-0.2831347 -0.3421639 5.6231985 101 106 109
-0.27490544 -0.3425147 5.6248155 96 97 100
-0.26726556 -0.34280464 5.6255245 98 99 103
-0.2595358 -0.3431029 5.626351 104 103 107
-0.2518325 -0.34339762 5.6271186 103 102 106
-0.24401855 -0.3437027 5.628033 103 102 106
-0.2360897 -0.3440185 5.6290994 101 103 106
-0.22866821 -0.34428224 5.629391 100 104 106
-0.22147036 -0.34452277 5.6293364 100 104 107
-0.2141614 -0.34477374 5.62943 103 104 107
-0.20667362 -0.34504196 5.629772 106 106 109
-0.19908834 -0.34531924 5.630242 110 110 110
-0.19162655 -0.34558338 5.630512 110 110 108
-0.18418288 -0.34584495 5.63074 106 106 104
-0.17673278 -0.34610644 5.630961 102 102 100
-0.16914845 -0.3463806 5.6313615 99 99 98
-0.16133356 -0.34667692 5.632082 99 99 100
-0.15364599 -0.3469598 5.6325984 101 101 103
0.048603773 -0.3552285 5.6645117 106 105 103
0.057365417 -0.35559365 5.666047 101 100 99
0.066013575 -0.35594687 5.6674047 96 95 93
0.07440686 -0.35627475 5.6683908 94 93 91
0.08289504 -0.3566108 5.6694875 96 96 93
0.09146118 -0.35695344 5.670671 98 98 96
0.09995556 -0.35728833 5.6717362 99 97 96
0.10854721 -0.35763156 5.672915 97 94 93
0.117008924 -0.35796154 5.673896 95 90 90
0.1254077 -0.35828462 5.674772 92 88 87
0.13424444 -0.35864845 5.6762233 91 87 85
0.14351797 -0.35905275 5.6782436 91 87 85
0.1531868 -0.35949343 5.6807747 91 87 85
0.16323638 -0.359969 5.683793 90 86 85
0.17346239 -0.3604599 5.6870203 90 86 85
0.18387794 -0.36096746 5.6904745 92 88 87
0.19433475 -0.36147755 5.693953 95 91 90
-0.48223925 -0.3284084 5.5967607 44 43 49
-0.4753511 -0.32863858 5.5968003 45 45 49
-0.46838784 -0.32887593 5.596944 43 44 48
-0.46113062 -0.32914296 5.597537 41 40 45
-0.45385838 -0.3294108 5.598137 37 36 40
-0.4464295 -0.329694 5.598966 35 34 37
-0.43928647 -0.3299469 5.599326 39 37 41
-0.43183994 -0.3302303 5.600147 46 45 48
-0.42430568 -0.33052188 5.601086 51 49 51
-0.41706014 -0.33078298 5.6015544 48 46 48
-0.40975976 -0.33104894 5.6020913 45 43 44
-0.40278363 -0.33128098 5.6021056 46 45 45
-0.39624715 -0.33146742 5.601421 53 53 52
-0.3896973 -0.33165473 5.600745 65 64 62
-0.38320684 -0.33183542 5.599965 73 72 71
-0.3767717 -0.33200997 5.599088 67 65 65
-0.37009788 -0.33220825 5.598568 48 47 45
-0.36325002 -0.33242357 5.598302 32 32 30
-0.35596657 -0.3326824 5.59869 33 32 30
-0.34826493 -0.33298275 5.5997024 52 51 48
-0.34023118 -0.33331582 5.601203 78 79 78
-0.33187032 -0.33368084 5.60318 101 105 107
-0.32371616 -0.33402404 5.60482 108 115 118
-0.31541586 -0.3343809 5.6066585 100 106 111
-0.30698228 -0.33475018 5.6086764 83 88 92
-0.2986133 -0.33511192 5.6105733 70 73 76
-0.29011202 -0.33548585 5.612646 63 65 69
-0.28215456 -0.33580437 5.6138763 64 65 68
-0.27479625 -0.33606222 5.614187 71 72 75
-0.26729703 -0.33633333 5.6146913 79 80 82
-0.25980902 -0.3366026 5.6151624 83 84 87
-0.25220895 -0.33688226 5.615783 87 87 91
-0.24448752 -0.33717313 5.6165667 89 91 93
-0.23731399 -0.3374089 5.6165175 90 92 95
-0.23035693 -0.33762255 5.6161323 90 92 96
-0.2232914 -0.33784637 5.615895 92 93 96
-0.21600842 -0.338091 5.6159635 96 96 99
-0.20851874 -0.33835533 5.616321 102 102 103
-0.20112228 -0.33860973 5.616525 105 105 105
-0.19367099 -0.33886877 5.616794 104 105 104
-0.18618274 -0.33913076 5.6171007 103 103 103
-0.17859316 -0.33940196 5.617539 103 103 104
-0.17074895 -0.3396973 5.6183314 104 105 107
-0.16304946 -0.33997768 5.618895 106 107 110
0.02663517 -0.3474109 5.644626 113 111 111
0.03538394 -0.3477711 5.646204 112 110 110
0.044139624 -0.34813097 5.6477695 108 107 107
0.052821875 -0.34848294 5.649212 103 102 101
0.06118107 -0.34880355 5.650189 98 96 96
0.069615126 -0.34913033 5.6512494 93 93 92
0.07807374 -0.34945858 5.652324 90 90 89
0.08639717 -0.34977326 5.653194 89 86 86
0.09482837 -0.35009718 5.6541915 88 84 84
0.103097916 -0.3504051 5.65495 87 82 81
0.11127663 -0.35070375 5.655566 84 80 80
0.11990237 -0.3510433 5.656771 85 81 80
0.12897372 -0.35142347 5.658559 87 83 82
0.13846779 -0.35184205 5.660895 88 84 82
0.14838958 -0.3522992 5.6637816 87 83 82
0.15848899 -0.35277167 5.666881 87 83 82
0.16881585 -0.35326394 5.670257 88 84 83
0.17921352 -0.35376152 5.6736994 91 87 85
0.1896143 -0.35425806 5.677115 93 89 87
0.20005083 -0.35475662 5.6805506 93 90 88
0.21024036 -0.35523108 5.6836267 95 92 90
0.22050261 -0.35571098 5.686772 96 93 91
-0.5007291 -0.32163003 5.589044 38 36 37
-0.49380922 -0.32186154 5.5891824 39 36 39
-0.48705602 -0.32207525 5.589038 41 38 42
-0.48048258 -0.32227007 5.588594 42 40 42
-0.4738195 -0.32247338 5.588279 40 38 40
-0.46680522 -0.32271183 5.588506 37 35 37
-0.45977974 -0.32295072 5.5887356 33 30 32
-0.45245147 -0.32321957 5.5894265 29 27 29
-0.44533277 -0.32346645 5.589769 30 27 30
-0.43778205 -0.32375622 5.5907745 34 31 34
-0.43008137 -0.32406032 5.5919957 36 33 35
-0.42263317 -0.3243381 5.592801 33 30 32
-0.41507077 -0.3246265 5.5937657 32 29 30
-0.4078815 -0.32487664 5.594131 36 35 34
-0.40109944 -0.32508513 5.5938454 45 44 42
-0.39419818 -0.32530504 5.593732 51 49 47
-0.38734078 -0.32551992 5.593535 50 48 47
-0.38054824 -0.32572764 5.593224 40 37 36
-0.37356877 -0.32595342 5.5931873 24 22 21
-0.366606 -0.3261769 5.5931106 17 16 13
-0.35934258 -0.32642964 5.5934796 24 24 20
-0.35184813 -0.3267046 5.594186 41 38 36
-0.34410763 -0.32700315 5.5952506 49 48 47
-0.33610535 -0.32732674 5.596694 48 47 48
-0.3283403 -0.327626 5.5977554 41 41 44
-0.32035613 -0.32794598 5.5991297 37 36 40
-0.31219077 -0.32828298 5.6007586 33 33 36
-0.30414033 -0.32860768 5.6021905 35 35 38
-0.29594707 -0.3289455 5.603817 41 41 44
-0.2882707 -0.3292316 5.604644 46 48 50
-0.28118014 -0.32945946 5.6045713 51 54 55
-0.27389932 -0.3297053 5.6047697 55 59 60
-0.2665925 -0.32995299 5.604991 58 62 63
-0.25916028 -0.3302122 5.605383 61 64 66
-0.2515738 -0.33048573 5.605988 65 68 70
-0.24452591 -0.3307061 5.6057754 70 71 74
-0.23767495 -0.33090666 5.6052556 73 73 76
-0.23074675 -0.33111417 5.6048374 75 76 79
-0.22361207 -0.33134112 5.6047115 79 79 82
-0.21620464 -0.3315938 5.6049724 84 85 86
-0.20887613 -0.33183816 5.605101 87 88 89
-0.20143175 -0.3320931 5.6053843 90 91 91
-0.19392014 -0.33235368 5.605749 92 93 94
-0.18636441 -0.33261785 5.606162 94 95 97
-0.17855573 -0.33290556 5.6069274 96 97 101
-0.17091608 -0.33317626 5.607427 99 100 104
-0.16356707 -0.3334184 5.6074886 103 104 107
-0.01796794 -0.33890948 5.624645 115 115 118
-0.009815931 -0.33921263 5.6255064 116 115 117
-0.0015547276 -0.33952507 5.6265016 114 112 113
0.0065534115 -0.3398225 5.627264 113 111 112
0.014572144 -0.34011078 5.6278844 113 111 112
0.022697926 -0.3404082 5.628635 115 113 114
0.03121519 -0.34074116 5.6299076 113 111 112
0.039857626 -0.3410848 5.631333 109 107 108
0.04817295 -0.3413973 5.632287 103 101 101
0.056530237 -0.3417128 5.6332793 94 93 94
0.06487489 -0.34202635 5.634235 88 87 88
0.07310557 -0.34232852 5.635016 85 82 83
0.08144832 -0.3426402 5.635931 84 80 80
0.08956909 -0.34293061 5.6365247 83 79 78
0.09751034 -0.34320384 5.636857 83 79 79
0.105825186 -0.34351054 5.637679 85 81 81
0.11449337 -0.3438488 5.638961 87 83 83
0.12358832 -0.34422517 5.6407986 87 84 83
0.13333797 -0.3446603 5.643495 86 83 81
0.1433022 -0.34511387 5.646454 85 81 81
0.15352178 -0.34558952 5.6497283 86 81 81
0.16383624 -0.34607252 5.653102 87 83 82
0.17417216 -0.3465562 5.656474 88 84 82
0.18452215 -0.3470399 5.659836 86 82 79
0.19459128 -0.34749687 5.662795 85 81 78
0.20470929 -0.34795707 5.665791 86 82 80
0.21489048 -0.34842178 5.6688437 85 81 80
0.22482967 -0.34886342 5.6715484 85 81 80
0.23475575 -0.34930277 5.6742096 86 82 79
-0.5031781 -0.31555992 5.585081 61 59 54
-0.4964211 -0.3157712 5.584967 62 59 56
-0.48980093 -0.3159682 5.584621 64 60 56
-0.48335958 -0.31614664 5.583976 64 60 55
-0.47682643 -0.31633377 5.5834646 61 58 52
-0.4699409 -0.31655553 5.5834994 58 55 49
-0.46305108 -0.31677702 5.583525 53 51 45
-0.4557984 -0.31703398 5.5841084 49 48 42
-0.44872117 -0.31727275 5.584398 49 47 42
-0.4411564 -0.3175592 5.585437 50 48 43
-0.43340135 -0.3178637 5.5867553 51 49 43
-0.4258783 -0.31814432 5.587689 49 47 42
-0.41819763 -0.31843972 5.5888505 49 46 41
-0.41089416 -0.31869704 5.589404 50 49 44
-0.40397406 -0.31891587 5.589344 53 51 47
-0.39685893 -0.31915322 5.5895724 52 50 46
-0.38974667 -0.3193896 5.589779 46 43 41
-0.38270903 -0.319618 5.589855 36 33 30
-0.375551 -0.3198575 5.5901012 24 22 18
-0.36859107 -0.32007697 5.5900273 23 21 16
-0.36144567 -0.32031387 5.590222 34 32 27
-0.354172 -0.32056263 5.590598 49 45 42
-0.34677386 -0.3208228 5.591147 50 47 45
-0.33911538 -0.3211075 5.592076 39 36 35
-0.331712 -0.32136667 5.5925975 27 24 25
-0.32403612 -0.32165152 5.593516 24 21 22
-0.3161354 -0.32195726 5.5947547 26 24 24
-0.30837703 -0.3222484 5.5957584 33 31 32
-0.30044842 -0.32255518 5.597 41 40 41
-0.29298258 -0.32281643 5.5975246 44 47 46
-0.2860527 -0.32302535 5.597226 45 48 46
-0.27890182 -0.32325494 5.597246 43 48 46
-0.27169085 -0.32348964 5.59734 44 48 47
-0.264369 -0.3237343 5.5975842 45 49 48
-0.25688338 -0.32399395 5.5980563 48 51 50
-0.24988365 -0.32420644 5.597789 52 53 53
-0.24305725 -0.32440177 5.59725 55 55 54
-0.23616743 -0.32460263 5.5967927 55 57 56
-0.22909188 -0.32482055 5.596596 57 58 58
-0.22171783 -0.32506624 5.5968256 59 60 59
-0.21442771 -0.3253033 5.5969152 60 61 60
-0.20700192 -0.32555255 5.597189 61 63 61
-0.19948459 -0.32580978 5.5975804 63 65 64
-0.19199371 -0.32606375 5.597916 66 67 68
-0.18427658 -0.3263384 5.598565 68 69 72
-0.17682362 -0.3265874 5.5988116 71 71 74
-0.16961884 -0.32681233 5.598682 72 73 75
-0.16208792 -0.32706732 5.599011 74 75 77
-0.1543088 -0.32734483 5.5996814 76 77 79
-0.04321289 -0.33135298 5.610297 98 99 101
-0.0354414 -0.33161837 5.6106896 99 100 102
-0.027489185 -0.3318996 5.611318 101 101 103
-0.019466639 -0.33218658 5.6120267 103 102 104
-0.01129508 -0.33248645 5.612925 105 104 104
-0.0032453537 -0.33277428 5.6136346 108 106 107
0.00472641 -0.33305433 5.6142187 111 109 111
0.012690544 -0.33333284 5.614774 115 112 114
0.020715714 -0.33361617 5.615396 115 113 115
0.028880596 -0.33391148 5.6161933 113 111 113
0.03691244 -0.3341939 5.616789 110 107 110
0.045125008 -0.33449194 5.617615 106 103 106
0.053462744 -0.33480057 5.6185946 102 100 102
0.06163788 -0.33509365 5.619332 98 95 96
0.069927216 -0.33539623 5.620207 96 92 93
0.07795286 -0.33567426 5.6207037 97 93 93
0.08568716 -0.33592528 5.6207876 99 95 96
0.09370208 -0.33620086 5.621237 101 97 98
0.101956844 -0.33649728 5.621993 102 98 99
0.110447645 -0.3368141 5.6230497 100 97 97
0.11956048 -0.3371859 5.624925 97 94 94
0.129174 -0.33760148 5.6274514 95 91 91
0.1393032 -0.3380621 5.630644 94 89 90
0.14952302 -0.33852962 5.6339297 94 90 90
0.15973711 -0.33899537 5.6371784 94 89 89
0.16996264 -0.33946094 5.640414 92 88 86
0.17980981 -0.3398916 5.643118 90 86 83
0.18966007 -0.34032145 5.6457996 89 85 83
0.1995616 -0.3407547 5.6485224 88 85 83
0.20917702 -0.34116152 5.650841 89 86 84
0.21879148 -0.3415671 5.653133 93 88 86
0.22819662 -0.3419532 5.655124 94 90 88
-0.5111728 -0.30941075 5.5831523 91 89 76
-0.50426793 -0.30963352 5.5832944 92 89 79
-0.49758792 -0.3098336 5.5830626 94 91 79
-0.49102926 -0.310021 5.582622 94 91 77
-0.48460507 -0.3101947 5.5819554 92 90 74
-0.478086 -0.31037718 5.5814266 90 88 71
-0.47124338 -0.31059086 5.5813975 87 85 68
-0.4643736 -0.31080648 5.5813966 84 82 66
-0.4571581 -0.3110553 5.581927 81 81 65
-0.45010996 -0.3112871 5.5821757 81 80 64
-0.44257283 -0.3115658 5.583176 81 79 63
-0.43483257 -0.31186342 5.5844765 81 79 64
-0.42730522 -0.3121395 5.5854225 81 80 65
-0.419595 -0.31243253 5.586635 80 79 66
-0.41224575 -0.31268978 5.587265 76 75 64
-0.4052453 -0.3129125 5.587335 71 68 60
-0.39802194 -0.31315616 5.5877357 65 61 55
-0.3907838 -0.3134005 5.588142 58 56 50
-0.38367105 -0.31363207 5.588338 52 50 42
-0.37651896 -0.31386673 5.5885787 43 41 34
-0.36962056 -0.3140764 5.5884132 44 41 33
-0.36261487 -0.31429574 5.5883975 54 52 44
-0.35553765 -0.31452128 5.588477 69 66 58
-0.3483851 -0.31475335 5.5886555 74 71 64
-0.34100318 -0.31500673 5.589169 68 65 60
-0.33389854 -0.31523287 5.5892425 61 58 55
-0.32650352 -0.31548607 5.5897417 56 54 51
-0.318856 -0.3157625 5.5906057 55 53 50
-0.31133604 -0.31602603 5.591259 56 55 51
-0.30362082 -0.31630734 5.5921884 58 56 54
-0.29626703 -0.3165536 5.592554 56 57 53
-0.28937268 -0.31675577 5.592214 52 55 49
-0.28226185 -0.31697783 5.5921845 48 51 46
-0.27507997 -0.3172059 5.592246 45 48 43
-0.26783967 -0.31743887 5.5923796 44 47 42
-0.26046324 -0.31768396 5.5927005 44 46 41
-0.253484 -0.31789112 5.5924144 45 46 41
-0.24663877 -0.31808507 5.5919156 46 47 42
-0.23972487 -0.31828496 5.5915055 45 47 42
-0.23265004 -0.3184993 5.5913196 45 46 41
-0.2252934 -0.31873932 5.591534 42 43 38
-0.21803713 -0.31896934 5.591586 40 41 36
-0.21065712 -0.3192102 5.5918036 38 39 33
-0.20315385 -0.31946188 5.5921865 37 39 34
-0.19573474 -0.31970504 5.5924296 39 39 36
-0.18819904 -0.3199583 5.592826 40 40 39
-0.18085551 -0.32019305 5.5929255 40 40 39
-0.17372823 -0.32040724 5.592696 39 39 39
-0.16629195 -0.32064933 5.5929008 40 40 39
-0.15862322 -0.32091215 5.5934253 41 41 40
-0.15083694 -0.32118505 5.5941014 41 41 41
-0.14286852 -0.32147396 5.595023 41 40 41
-0.1350851 -0.3217451 5.5956593 40 39 40
-0.12737441 -0.3220088 5.5961733 40 40 40
-0.119698524 -0.32226858 5.596621 41 42 41
-0.11200118 -0.3225296 5.597081 45 46 45
-0.057950974 -0.32435235 5.600072 69 69 69
-0.05061674 -0.32457495 5.599888 76 76 76
-0.043035507 -0.3248192 5.600035 79 79 79
-0.035235405 -0.3250825 5.600474 80 82 80
-0.027357101 -0.32535216 5.6010036 84 84 82
-0.019310474 -0.3256362 5.6017513 89 88 88
-0.011341333 -0.32591254 5.602373 97 94 96
-0.0034270287 -0.32618323 5.6029005 102 100 101
0.004473448 -0.3264519 5.6033916 107 103 104
0.012391806 -0.3267215 5.6038904 107 104 107
0.020392895 -0.32699773 5.6044855 108 105 107
0.02816248 -0.3272526 5.604746 109 106 108
0.036134005 -0.32752475 5.605266 112 110 112
0.044268608 -0.32781067 5.6059923 113 111 113
0.052210093 -0.32807872 5.6064367 111 109 109
0.060272217 -0.32835674 5.6070285 109 105 106
0.06809592 -0.32861286 5.6072783 110 106 107
0.075609684 -0.32884094 5.6070905 113 109 111
0.08342433 -0.32909495 5.607296 115 112 113
0.09150767 -0.329372 5.6078496 115 111 113
0.099829435 -0.3296693 5.6087074 112 108 109
0.108505726 -0.32999706 5.610025 108 104 105
0.11724496 -0.33032948 5.611406 104 100 101
0.12673235 -0.33072668 5.61377 102 97 98
0.13683605 -0.33117685 5.6169353 101 96 97
0.14688396 -0.331621 5.6199975 101 96 97
0.1568842 -0.33205974 5.6229687 100 96 96
0.16643667 -0.33245832 5.625316 99 95 93
0.17592835 -0.3328505 5.627558 97 94 91
0.18545175 -0.3332444 5.6298175 95 92 90
0.19465709 -0.3336096 5.631631 95 92 90
0.2038734 -0.33397487 5.6334376 98 93 92
0.21291947 -0.3343244 5.634996 98 94 93
0.22170877 -0.33465075 5.636196 99 95 94
-0.51079845 -0.30363497 5.583713 101 99 81
-0.5038676 -0.30385607 5.583896 102 99 82
-0.4971912 -0.3040519 5.5836573 102 99 82
-0.4906516 -0.304234 5.583186 102 99 80
-0.4841938 -0.3044076 5.5825715 101 99 78
-0.4776497 -0.30458906 5.582082 100 99 78
-0.4707632 -0.30480286 5.5821214 99 98 77
-0.4638753 -0.3050162 5.582148 98 97 77
-0.45669174 -0.3052572 5.582626 96 96 76
-0.4496801 -0.30548108 5.582816 96 95 75
-0.44220948 -0.30574813 5.583711 95 94 73
-0.43454313 -0.30603307 5.584895 95 94 73
-0.4270749 -0.30629835 5.585748 96 95 75
-0.41941643 -0.30658093 5.5868797 95 94 76
-0.41207457 -0.30683267 5.5874987 90 88 73
-0.40502644 -0.3070557 5.587642 82 79 67
-0.39773726 -0.30730098 5.588145 76 73 62
-0.39041615 -0.30754855 5.5886784 73 71 59
-0.3832848 -0.30777752 5.588903 69 67 54
-0.3761983 -0.3080016 5.5890417 61 59 48
-0.36936927 -0.30820075 5.5887694 62 59 47
-0.36247993 -0.30840498 5.588575 71 68 56
-0.35554838 -0.30861264 5.588431 86 83 71
-0.34856415 -0.3088246 5.588353 97 94 82
-0.3414061 -0.30905226 5.588526 100 97 88
-0.33454037 -0.30925193 5.588238 100 98 89
-0.32737732 -0.30947876 5.588387 97 97 88
-0.31995082 -0.30972955 5.58892 93 93 84
-0.3126297 -0.30996975 5.589276 86 86 77
-0.30508542 -0.3102301 5.5899525 79 79 71
-0.2977953 -0.31046605 5.5902276 75 75 67
-0.29085112 -0.31066927 5.589968 72 73 64
-0.28368592 -0.31089237 5.5900245 70 71 62
-0.27642488 -0.3111237 5.59021 67 68 59
-0.2691648 -0.3113543 5.590378 64 66 56
-0.26182604 -0.31159154 5.5906467 62 63 54
-0.2547922 -0.31179997 5.590447 61 61 52
-0.24788189 -0.3119965 5.5900493 60 61 52
-0.24091768 -0.31219742 5.5897174 59 59 50
-0.23383355 -0.31240878 5.58955 58 59 50
-0.22653055 -0.3126395 5.58969 55 55 46
-0.2193675 -0.31285688 5.589609 53 52 43
-0.21209955 -0.31308317 5.589667 48 48 38
-0.20468235 -0.31332248 5.589928 45 45 36
-0.19741774 -0.31354722 5.58995 43 43 36
-0.1900723 -0.31377867 5.590075 42 42 37
-0.18281865 -0.3140011 5.5900507 42 40 37
-0.17572355 -0.31420863 5.589781 39 39 35
-0.16831517 -0.3144439 5.589951 39 39 35
-0.16067743 -0.31469923 5.5904374 38 38 35
-0.15299082 -0.3149583 5.5909767 38 38 34
-0.14520645 -0.31522545 5.59164 38 37 34
-0.1375804 -0.31547764 5.5920577 37 36 33
-0.13002348 -0.31572288 5.592359 35 35 31
-0.12249255 -0.31596515 5.5926075 34 35 30
-0.114944935 -0.3162082 5.592863 36 37 33
-0.10734558 -0.31645527 5.5931764 40 41 38
-0.069986105 -0.31762376 5.5936 48 47 45
-0.062622786 -0.3178459 5.5934854 52 51 49
-0.05549431 -0.3180466 5.593026 58 58 54
-0.048085928 -0.31827155 5.5929465 60 60 57
-0.040403843 -0.31852016 5.593235 61 61 57
-0.03265786 -0.31877366 5.593596 63 63 60
-0.024766922 -0.31903931 5.5941424 68 66 65
-0.016916037 -0.31930068 5.594615 74 71 71
-0.009120226 -0.31955653 5.594995 78 75 75
-0.0013403893 -0.31981027 5.5953364 81 77 77
0.0064280033 -0.32006234 5.595645 80 77 79
0.014219761 -0.32031578 5.595969 81 78 79
0.02174449 -0.32054517 5.59591 83 80 81
0.02945304 -0.32078996 5.596088 88 86 86
0.037358522 -0.32105136 5.59652 91 89 89
0.045089483 -0.3212968 5.596696 91 89 89
0.052966595 -0.32155433 5.5970564 91 88 88
0.060653925 -0.3217947 5.5971413 93 88 90
0.06805825 -0.32200983 5.596826 95 91 93
0.075785875 -0.32225242 5.5969353 97 93 94
0.08381271 -0.32252026 5.597434 96 92 94
0.092050076 -0.32280564 5.5982 94 90 92
0.10061431 -0.32311845 5.5993876 92 88 89
0.1092217 -0.32343417 5.600614 89 85 86
0.117898464 -0.32375503 5.6019125 88 83 85
0.12704897 -0.32411578 5.6038256 87 83 85
0.13673806 -0.32452187 5.606436 88 83 85
0.1463852 -0.32492325 5.6089635 88 84 86
0.15552211 -0.32527992 5.6107874 89 85 84
0.16458416 -0.32562923 5.6124887 88 85 83
0.17369819 -0.32598206 5.6142364 88 85 83
0.18247366 -0.32630512 5.615514 89 86 84
0.19126797 -0.3266289 5.616796 91 86 87
0.19991064 -0.3269389 5.6178575 91 87 86
0.20832253 -0.32722852 5.6185966 92 88 87
0.21704769 -0.32754394 5.6197276 94 90 90
-0.5094414 -0.29795185 5.585851 89 87 65
-0.50249743 -0.29816976 5.5860515 86 85 62
-0.49585462 -0.29835853 5.5857544 83 82 60
-0.48938775 -0.29853 5.585163 83 81 60
-0.4829285 -0.29870033 5.584547 85 83 63
-0.47636962 -0.29887953 5.5840764 88 86 68
-0.46940804 -0.29909617 5.5842314 90 88 70
-0.46243286 -0.29931346 5.584392 91 88 71
-0.45526338 -0.29954836 5.584843 89 86 68
-0.44826293 -0.2997667 5.5850115 87 84 66
-0.44085765 -0.30002236 5.5858 86 83 65
-0.43326354 -0.300295 5.586866 86 84 66
-0.42584872 -0.30055 5.587632 87 85 67
-0.41823792 -0.3008226 5.588686 87 86 68
-0.41089106 -0.30106977 5.5893083 86 84 67
-0.4037745 -0.3012948 5.589555 83 81 65
-0.39642763 -0.3015406 5.5901437 81 79 64
-0.38904858 -0.3017887 5.5907636 81 79 63
-0.38192487 -0.30201238 5.590972 78 75 59
-0.3749373 -0.30222282 5.5909543 71 68 52
-0.3681519 -0.30241397 5.5906105 70 66 50
-0.36132145 -0.30260876 5.5903225 77 74 58
-0.35445285 -0.30280647 5.5900784 92 89 72
-0.34753776 -0.3030079 5.589892 105 102 86
-0.34053874 -0.3032165 5.5898194 112 110 95
-0.33385468 -0.30339554 5.5892525 117 115 102
-0.3268807 -0.30360067 5.589113 119 118 105
-0.3196435 -0.30382925 5.589358 115 114 101
-0.31247807 -0.30405068 5.589479 104 103 90
-0.30506372 -0.30429414 5.5899587 93 94 81
-0.2977996 -0.30452326 5.590195 90 90 78
-0.2907579 -0.30473146 5.590082 95 93 80
-0.2834947 -0.30495924 5.5902867 97 96 83
-0.27611804 -0.30519664 5.590645 96 95 81
-0.26881576 -0.3054266 5.5908747 94 93 79
-0.26151824 -0.3056555 5.591082 92 91 78
-0.2544651 -0.3058617 5.59091 91 90 77
-0.24752712 -0.30605692 5.5905533 89 88 76
-0.24055171 -0.30625495 5.590237 89 88 76
-0.23348665 -0.30646053 5.5900407 89 89 77
-0.22626019 -0.30667996 5.5900674 90 89 77
-0.21922994 -0.30688125 5.5897903 89 88 74
-0.21206546 -0.30709395 5.5896964 85 84 70
-0.20474577 -0.30731997 5.5898156 81 80 67
-0.19766355 -0.3075241 5.5895715 77 76 65
-0.19043851 -0.30774045 5.589522 75 74 65
-0.18323755 -0.30795404 5.589422 74 72 64
-0.17610645 -0.3081608 5.5892067 72 71 64
-0.1686554 -0.30839548 5.589441 72 71 64
-0.16098714 -0.3086487 5.5899725 70 70 63
-0.1533606 -0.30889755 5.590427 69 69 62
-0.1457448 -0.30914477 5.590849 69 68 62
-0.13826609 -0.30937916 5.5910563 68 67 60
-0.13085628 -0.30960685 5.5911503 66 65 58
-0.12345624 -0.30983305 5.5912137 64 63 55
-0.11604762 -0.3100594 5.5912743 63 62 55
-0.10863018 -0.31028587 5.5913324 63 62 56
-0.101530075 -0.31048393 5.5909233 63 62 57
-0.094246626 -0.3106975 5.590761 61 60 54
-0.0868063 -0.3109242 5.5908074 59 58 52
-0.07959247 -0.31113046 5.5905175 56 55 50
-0.07226634 -0.311346 5.590372 54 54 49
-0.06508875 -0.311548 5.590004 53 52 46
-0.05809927 -0.3117331 5.589357 52 51 45
-0.050798178 -0.31194475 5.589135 51 50 44
-0.043205976 -0.3121811 5.589306 51 49 44
-0.035586834 -0.3124191 5.589498 50 49 46
-0.027887106 -0.31266347 5.5897875 50 48 46
-0.020211935 -0.31290507 5.590026 50 46 45
-0.012587786 -0.31314155 5.590177 49 46 44
-0.004983425 -0.31337574 5.590286 49 45 44
0.0025880337 -0.31360647 5.5903335 48 44 43
0.010137081 -0.3138347 5.5903344 47 44 42
0.01740098 -0.31403777 5.589928 46 43 41
0.024848223 -0.31425604 5.5897603 46 43 40
0.032552958 -0.31449577 5.589931 47 44 41
0.04013133 -0.31472403 5.589912 49 46 44
0.04789257 -0.31496733 5.5901284 51 48 47
0.055529118 -0.31519935 5.590159 53 49 49
0.06292343 -0.3154101 5.5898457 55 49 50
0.07066202 -0.3156496 5.5899844 55 50 50
0.078700304 -0.31591386 5.5905128 56 51 52
0.08689356 -0.31619063 5.591234 56 52 53
0.095341206 -0.31648818 5.5922794 58 53 54
0.10377526 -0.3167838 5.5932875 58 54 55
0.11222863 -0.31708026 5.594302 59 55 56
0.12062359 -0.31737104 5.595219 61 57 57
0.1292491 -0.31768045 5.5964255 61 57 58
0.13834286 -0.31802848 5.5982366 62 57 59
0.14698005 -0.31833717 5.5994167 63 59 59
0.15557909 -0.3186419 5.600526 66 61 61
0.16428733 -0.318955 5.6017613 70 65 64
0.17266488 -0.31923956 5.602538 73 69 69
0.18108082 -0.3195266 5.603348 75 71 71
0.18933702 -0.31979957 5.6039276 75 71 71
0.1973846 -0.32005444 5.604216 76 72 71
0.20581722 -0.32034066 5.6049933 78 74 73
0.21470332 -0.3206639 5.606346 82 78 78
0.22390032 -0.3210121 5.608085 88 84 86
0.23345947 -0.32138947 5.610274 95 91 94
0.24311495 -0.3217738 5.612563 102 98 101
-0.5005963 -0.29252842 5.5890574 68 67 43
-0.49401736 -0.29270732 5.588652 63 62 40
-0.4876554 -0.29286548 5.587887 61 59 41
-0.4812274 -0.29302937 5.5872164 65 62 47
-0.4746735 -0.29320437 5.586733 72 69 57
-0.46780896 -0.29340762 5.5867286 79 76 63
-0.4605453 -0.29364708 5.58734 80 76 63
-0.4533527 -0.2938793 5.587822 74 70 57
-0.44631767 -0.29409632 5.5880384 69 65 52
-0.43893743 -0.29434448 5.588782 68 64 51
-0.4313903 -0.2946072 5.589768 70 67 54
-0.42400908 -0.29485393 5.590475 74 71 56
-0.41643 -0.29511806 5.591474 78 75 59
-0.40907526 -0.29536092 5.5921025 80 77 60
-0.40190125 -0.29558662 5.592434 80 78 60
-0.3945291 -0.29582968 5.5930552 80 78 60
-0.38714385 -0.29607323 5.593679 81 78 60
-0.38006878 -0.2962879 5.593806 79 75 57
-0.37320065 -0.2964832 5.5935993 73 70 52
-0.36645722 -0.29666665 5.593186 73 70 51
-0.35964227 -0.29685602 5.592869 81 78 59
-0.35277796 -0.29704928 5.5926137 94 90 71
-0.34584808 -0.29724792 5.592445 105 102 83
-0.33890438 -0.2974472 5.5922823 110 108 90
-0.33229947 -0.2976155 5.591591 111 109 94
-0.32541418 -0.29780847 5.5913124 111 110 94
-0.31829476 -0.29802188 5.591374 108 107 91
-0.3112557 -0.2982275 5.5912995 102 101 85
-0.30396104 -0.29845536 5.5915956 97 98 82
-0.29677463 -0.29867294 5.591713 99 98 82
-0.28972578 -0.29887763 5.591607 105 101 86
-0.28245926 -0.2991011 5.591814 107 103 88
-0.2750759 -0.29933435 5.592179 106 103 87
-0.26779795 -0.29955757 5.59237 105 102 86
-0.2605834 -0.29977456 5.592451 106 103 88
-0.2535267 -0.29997692 5.5922813 107 105 90
-0.2465558 -0.30017114 5.591971 108 106 91
-0.23955369 -0.3003676 5.5916924 110 107 93
-0.23247218 -0.3005705 5.591517 110 109 95
-0.22528076 -0.30078247 5.59149 112 111 96
-0.21832442 -0.3009732 5.591102 112 110 94
-0.21121454 -0.30117688 5.5909257 109 107 91
-0.20395875 -0.3013928 5.590948 106 103 88
-0.19703293 -0.3015792 5.590474 103 101 87
-0.18991375 -0.30178198 5.5902686 102 100 88
-0.18278098 -0.3019854 5.5900683 102 100 88
-0.17564082 -0.3021889 5.589865 101 99 88
-0.16818905 -0.30241898 5.5900993 101 99 88
-0.16055155 -0.30266455 5.590585 99 98 87
-0.15302253 -0.30290002 5.5908985 98 97 86
-0.14559317 -0.30312625 5.591051 97 96 85
-0.13826275 -0.3033432 5.591046 97 95 84
-0.13097167 -0.30355623 5.590969 97 94 82
-0.123672485 -0.30376935 5.59089 95 93 81
-0.11634374 -0.3039844 5.590837 93 91 80
-0.10901809 -0.30419865 5.5907655 90 87 79
-0.10199976 -0.3043858 5.5902424 86 84 76
-0.09479594 -0.30458847 5.5899687 82 79 72
-0.08743191 -0.3048043 5.589909 79 76 69
-0.080325365 -0.30499744 5.58947 76 74 66
-0.07314372 -0.30519652 5.5891237 73 72 65
-0.06609869 -0.30538335 5.588571 70 68 60
-0.059210777 -0.30555633 5.5877852 66 63 56
-0.05202222 -0.3057544 5.587409 63 60 53
-0.044566154 -0.3059747 5.5873933 61 58 51
-0.0371387 -0.30619198 5.587323 59 56 51
-0.029699564 -0.30640963 5.5872536 55 52 48
-0.022264004 -0.30662644 5.587165 51 49 44
-0.014852285 -0.30684063 5.587028 49 45 40
-0.0074276924 -0.30705532 5.586895 47 43 38
-1.7404556E-05 -0.30726823 5.5867267 45 41 36
0.0073657036 -0.3074783 5.5865073 42 39 33
0.014482021 -0.30766532 5.5859065 38 35 29
0.021793365 -0.3078683 5.585561 35 32 25
0.029395342 -0.30809507 5.5855994 34 31 24
0.0368948 -0.30831265 5.5854826 36 33 28
0.044594765 -0.30854642 5.5856247 38 35 32
0.052218914 -0.30877328 5.585648 39 35 33
0.05963564 -0.30898216 5.585374 39 34 31
0.06738925 -0.3092186 5.5855436 38 34 31
0.07541275 -0.30947685 5.5860615 40 36 34
0.08352399 -0.3097418 5.5866814 42 38 37
0.09178352 -0.31001833 5.587484 45 41 39
0.09998989 -0.31028968 5.5881953 46 43 41
0.10818553 -0.31055945 5.588875 48 46 43
0.11629176 -0.31082112 5.589417 50 47 45
0.12424612 -0.31106955 5.589738 49 46 44
0.13247347 -0.31133983 5.5904074 48 45 44
0.14061546 -0.31160244 5.5909452 49 45 45
0.14889908 -0.3118759 5.5916533 53 48 48
0.15733933 -0.3121616 5.5925508 58 53 51
0.16543984 -0.31241864 5.592981 62 57 56
0.1735735 -0.31267774 5.5934377 63 59 58
0.18151355 -0.3129203 5.5936217 63 59 58
0.18923974 -0.3131448 5.593509 63 59 56
0.19738698 -0.31340304 5.593934 63 59 57
0.20601106 -0.31369945 5.594967 66 62 61
0.21496773 -0.31402227 5.596415 71 68 68
0.22427607 -0.31437284 5.5983005 79 75 77
0.23370004 -0.31473187 5.6003137 86 82 84
0.2431767 -0.31509423 5.602372 91 87 87
0.2526183 -0.31545284 5.6043615 93 88 90
-0.4983065 -0.28691608 5.592685 65 63 40
-0.49180222 -0.2870843 5.5921535 58 56 36
-0.48554492 -0.28722954 5.5912147 54 51 36
-0.47917056 -0.287385 5.5904512 58 54 42
-0.47264647 -0.28755355 5.5899134 69 64 55
-0.4657631 -0.2877542 5.589933 80 75 64
-0.45834756 -0.2880024 5.5907784 80 74 63
-0.45111895 -0.28823298 5.5913105 68 63 52
-0.44403005 -0.2884503 5.591604 59 54 43
-0.43664026 -0.28869405 5.5923553 57 52 41
-0.42911792 -0.28894904 5.593295 62 58 47
-0.4217441 -0.28918993 5.5939846 71 67 55
-0.41418266 -0.28944695 5.594948 80 76 61
-0.40682864 -0.28968465 5.5955687 83 79 62
-0.39962173 -0.28990853 5.595944 80 77 58
-0.3922584 -0.29014567 5.5965443 77 73 54
-0.38491845 -0.29038006 5.597091 76 71 52
-0.37789512 -0.29058558 5.5971313 74 70 51
-0.37113118 -0.29076746 5.5967574 72 70 50
-0.36441875 -0.29094425 5.5962896 76 73 54
-0.3576033 -0.29112965 5.5959673 87 83 64
-0.35072947 -0.29131967 5.595721 97 93 74
-0.34375978 -0.29151765 5.5956063 102 98 79
-0.33680892 -0.2917134 5.5954485 97 95 77
-0.3302014 -0.29187825 5.594754 86 85 68
-0.3233204 -0.29206678 5.5944633 77 75 59
-0.31624246 -0.29227206 5.594456 75 73 57
-0.30928922 -0.2924658 5.5942454 84 81 65
-0.30210638 -0.2926791 5.5943675 95 94 75
-0.29504657 -0.2928811 5.5942883 100 97 79
-0.2880926 -0.2930732 5.594035 98 93 76
-0.28091502 -0.29328427 5.5941033 93 87 71
-0.27362537 -0.29350454 5.594324 89 83 67
-0.2664175 -0.29371706 5.5944066 88 83 67
-0.25928807 -0.2939222 5.594357 93 88 71
-0.2522428 -0.2941194 5.5941668 99 95 79
-0.24524426 -0.29431203 5.593894 105 101 85
-0.23821878 -0.29450643 5.5936465 108 104 88
-0.23110986 -0.2947075 5.5935082 107 104 88
-0.22391415 -0.2949155 5.593483 106 103 86
-0.21697235 -0.29510102 5.5930696 103 100 82
-0.20985913 -0.29530078 5.5928946 101 98 80
-0.2026813 -0.29550555 5.5927997 100 97 80
-0.19580126 -0.2956842 5.5922546 101 98 82
-0.18875456 -0.29587662 5.5919404 103 100 85
-0.18168807 -0.2960702 5.5916405 106 102 87
-0.17457557 -0.29626715 5.591394 105 101 87
-0.16717339 -0.2964883 5.591554 105 101 87
-0.15963006 -0.29672086 5.5919013 104 100 86
-0.15222883 -0.2969407 5.592027 102 99 84
-0.14497662 -0.29714727 5.5919228 100 97 82
-0.13778019 -0.29734853 5.5917244 101 97 82
-0.13058782 -0.29754886 5.591505 103 99 83
-0.12336564 -0.2977512 5.591314 104 101 85
-0.116090536 -0.29795745 5.591185 104 101 87
-0.10880995 -0.29816356 5.5910482 101 98 86
-0.10179973 -0.29834634 5.5905137 97 94 83
-0.09459925 -0.29854468 5.590235 93 89 79
-0.08723855 -0.29875585 5.59017 91 87 77
-0.08016658 -0.2989423 5.5896826 91 88 77
-0.07304931 -0.29913202 5.5892453 93 90 80
-0.06607866 -0.29930893 5.5885878 94 91 80
-0.059251785 -0.29947335 5.587717 93 90 79
-0.0521605 -0.29965937 5.5872054 91 87 76
-0.044867992 -0.2998617 5.586962 88 84 73
-0.037644386 -0.3000577 5.586608 85 82 71
-0.03047657 -0.3002486 5.586163 84 81 71
-0.023275137 -0.3004417 5.585751 83 81 71
-0.016066074 -0.30063495 5.5853367 83 80 70
-0.008814573 -0.30083123 5.5849676 81 77 67
-0.0015330315 -0.30102938 5.584626 78 75 65
0.0057401657 -0.3012264 5.5842595 75 73 62
0.012790203 -0.30140445 5.583573 72 70 59
0.020049572 -0.30159926 5.583161 71 69 57
0.027615309 -0.30181876 5.5831556 71 68 56
0.035092592 -0.30203038 5.5830135 70 67 58
0.042773485 -0.3022582 5.583136 69 67 59
0.05039859 -0.3024808 5.5831656 68 65 59
0.057839155 -0.30268767 5.58293 66 63 56
0.06558895 -0.30291933 5.5830994 66 62 55
0.07354498 -0.30316716 5.583532 67 63 58
0.08152628 -0.30341646 5.583982 67 64 59
0.08956647 -0.3036698 5.584494 68 64 59
0.09752464 -0.3039159 5.5848784 68 64 58
0.10547018 -0.30416024 5.58523 68 66 58
0.11332035 -0.30439627 5.5854363 68 66 59
0.12104058 -0.30462113 5.5854535 64 62 57
0.12877607 -0.30484664 5.5854754 61 58 54
0.13635969 -0.30505928 5.5852804 59 55 52
0.14432383 -0.30530202 5.585576 59 54 52
0.15258574 -0.3055682 5.586251 61 57 53
0.1605382 -0.30580872 5.586498 63 59 55
0.16850471 -0.30604976 5.586747 63 59 55
0.17623186 -0.30627096 5.586665 62 58 53
0.18373394 -0.30647358 5.5862727 60 55 50
0.19166183 -0.30670974 5.5864244 58 54 50
0.1999867 -0.30697697 5.5870814 57 54 50
0.2086885 -0.30727366 5.5882125 58 55 53
0.21772933 -0.30759656 5.589766 60 56 55
0.2269032 -0.3079292 5.5914717 61 57 57
0.2361691 -0.30826834 5.5932746 61 56 56
0.24536347 -0.3086009 5.594962 60 54 54
0.25437093 -0.3089178 5.5963864 59 54 53
-0.49686527 -0.28121993 5.5949545 75 72 52
-0.49041796 -0.28137946 5.594327 69 66 48
-0.48423028 -0.2815154 5.5932727 64 60 46
-0.47790694 -0.281663 5.592424 66 61 49
-0.47140884 -0.2818257 5.5918417 78 72 61
-0.46452594 -0.2820221 5.591856 89 83 70
-0.45728683 -0.28224942 5.5924187 87 81 68
-0.4497378 -0.2825036 5.5934534 74 69 56
-0.4426074 -0.28271997 5.593808 63 58 45
-0.43517494 -0.2829624 5.594622 60 55 43
-0.42763495 -0.2832136 5.5955853 67 62 49
-0.42022085 -0.283453 5.5963326 78 73 60
-0.41264153 -0.28370616 5.5973196 88 83 69
-0.40531707 -0.28393623 5.59789 90 85 69
-0.39804864 -0.28416076 5.598356 85 80 61
-0.3906467 -0.28439635 5.599012 78 73 53
-0.3832965 -0.2846267 5.5995693 74 69 50
-0.37627864 -0.28482735 5.5995965 73 69 50
-0.3695624 -0.28500122 5.599143 75 72 53
-0.3628602 -0.28517333 5.5986557 82 78 59
-0.35604548 -0.28535473 5.5983276 92 87 68
-0.34919333 -0.28553885 5.598043 97 92 74
-0.3422315 -0.2857319 5.5979123 95 92 72
-0.3353176 -0.28592032 5.5976934 84 83 64
-0.3287351 -0.28607953 5.596957 67 66 48
-0.32186508 -0.28626314 5.5966444 50 48 32
-0.3148136 -0.28646177 5.5965934 49 46 31
-0.3078971 -0.2866483 5.5963235 68 64 48
-0.30076385 -0.28685287 5.596366 91 87 69
-0.29377866 -0.28704417 5.596171 97 92 75
-0.28688455 -0.28722712 5.5958242 87 82 65
-0.27978396 -0.2874272 5.5957737 75 68 53
-0.2725954 -0.28763422 5.5958405 68 60 46
-0.2654841 -0.28783414 5.5957756 68 61 46
-0.25845933 -0.28802606 5.5955677 75 69 53
-0.25148034 -0.28821352 5.595277 85 80 64
-0.24450779 -0.28839996 5.594963 94 89 73
-0.23750329 -0.28858858 5.594683 97 92 76
-0.23040128 -0.28878492 5.594533 93 88 72
-0.2232132 -0.28898796 5.5944943 87 83 66
-0.21627736 -0.2891692 5.594071 82 78 61
-0.20915008 -0.289366 5.593915 81 78 60
-0.20202136 -0.2895624 5.593746 85 81 64
-0.19514966 -0.28973666 5.593188 90 86 69
-0.18812966 -0.2899229 5.592833 95 90 73
-0.18108726 -0.29011044 5.592497 98 92 75
-0.17397523 -0.29030332 5.5922484 95 90 73
-0.16661 -0.29051685 5.5923524 93 88 71
-0.1591556 -0.29073724 5.592571 93 88 70
-0.15186 -0.2909437 5.592543 93 89 70
-0.14474392 -0.29113472 5.592242 93 89 70
-0.13765001 -0.29132336 5.5918956 95 90 72
-0.1305232 -0.29151422 5.5915823 97 92 74
-0.12335873 -0.29170766 5.5913095 99 95 76
-0.11613059 -0.29190585 5.5911136 99 95 78
-0.10888219 -0.29210514 5.590932 98 94 79
-0.10186958 -0.29228446 5.5904007 97 92 79
-0.09466386 -0.2924792 5.590131 98 92 80
-0.087301016 -0.2926863 5.5900693 99 93 81
-0.08022952 -0.29286894 5.5895815 101 96 83
-0.07311845 -0.2930543 5.5891366 104 99 86
-0.066134214 -0.29322878 5.5884995 108 103 90
-0.059268475 -0.29339305 5.587683 111 106 93
-0.05217576 -0.29357544 5.5871735 112 107 94
-0.04495001 -0.2937682 5.586838 110 106 92
-0.037847996 -0.29395035 5.5863147 109 106 91
-0.0308609 -0.29412267 5.585619 110 108 93
-0.023838043 -0.29429743 5.5849605 112 110 95
-0.016768217 -0.2944755 5.5843554 113 110 95
-0.009649277 -0.2946571 5.5838046 112 109 94
-0.0024755 -0.29484266 5.5833173 111 109 94
0.0047049522 -0.29502824 5.582826 111 109 94
0.011692762 -0.29519778 5.5820575 110 108 94
0.018907309 -0.29538512 5.5815873 112 110 94
0.026429415 -0.2955968 5.581526 112 109 94
0.03388214 -0.2958023 5.581354 109 106 94
0.041538 -0.2960236 5.581446 106 103 92
0.049153566 -0.29624107 5.5814667 103 100 91
0.0566113 -0.29644534 5.5812583 101 99 89
0.064350605 -0.29667157 5.581417 101 99 89
0.07224131 -0.2969093 5.5817657 101 98 90
0.080114126 -0.29714498 5.5820727 100 97 89
0.087982416 -0.29737967 5.5823574 98 95 85
0.09574795 -0.29760557 5.582488 95 92 81
0.10351324 -0.29783088 5.5826025 93 91 79
0.11117816 -0.29804757 5.5825667 91 89 78
0.118736506 -0.29825526 5.582374 88 86 77
0.12631536 -0.29846406 5.582194 84 81 74
0.13361502 -0.29865018 5.581628 80 77 71
0.1412158 -0.29885963 5.581449 77 74 67
0.14930367 -0.29910693 5.5819016 75 72 64
0.15713477 -0.2993334 5.5819974 73 69 61
0.16501355 -0.299563 5.5821404 71 67 60
0.17267156 -0.29977465 5.581977 70 66 58
0.18009472 -0.29996735 5.5814905 69 65 57
0.18790054 -0.3001895 5.581493 67 64 57
0.19603825 -0.30043706 5.5819144 65 62 55
0.20452595 -0.30071136 5.582777 61 58 52
0.21337605 -0.3010133 5.5840936 56 53 48
0.22234154 -0.30132338 5.58554 52 47 44
0.23140144 -0.30164006 5.587087 48 43 40
0.24032593 -0.3019454 5.588438 45 40 36
0.24901891 -0.30223194 5.589469 43 38 34
0.2575655 -0.3025064 5.590291 43 39 34
0.26566434 -0.3027454 5.590517 43 39 34
-0.49604177 -0.27546492 5.5962334 93 88 71
-0.4895568 -0.27562436 5.5956635 90 85 68
-0.4833374 -0.2757601 5.594658 86 81 65
-0.4770043 -0.27590543 5.593822 87 82 66
-0.4705 -0.27606517 5.5932465 94 89 73
-0.46362138 -0.27625704 5.593252 101 95 78
-0.45628047 -0.27648842 5.5939727 100 93 77
-0.44858718 -0.2767497 5.5952325 91 86 69
-0.44142604 -0.27696413 5.5956326 84 78 62
-0.4340272 -0.2771985 5.59639 81 75 59
-0.42654252 -0.2774396 5.597263 85 79 62
-0.41912293 -0.27767438 5.598016 91 86 69
-0.4115336 -0.27792308 5.5990148 98 92 74
-0.40416408 -0.2781521 5.5996523 98 93 75
-0.3969102 -0.27837062 5.6000924 94 89 69
-0.38944507 -0.2786066 5.6008425 88 83 63
-0.38203073 -0.2788375 5.601496 83 79 59
-0.3749609 -0.27903837 5.6015997 82 78 59
-0.36823153 -0.27920955 5.601163 85 81 62
-0.36152244 -0.27937856 5.6006823 90 85 65
-0.35472417 -0.27955467 5.600325 93 88 68
-0.34793997 -0.27972904 5.5999327 93 87 68
-0.34105396 -0.27991155 5.599682 90 86 67
-0.33423543 -0.28008783 5.5993147 85 82 65
-0.32771158 -0.2802387 5.5984855 73 71 55
-0.32086945 -0.28041598 5.598128 59 57 41
-0.31384873 -0.28060785 5.598028 57 54 39
-0.30694175 -0.28078958 5.5977407 74 70 55
-0.299834 -0.28098765 5.597742 94 89 73
-0.2928846 -0.2811719 5.597491 98 92 76
-0.28602338 -0.28134823 5.5970926 88 81 66
-0.2789669 -0.2815404 5.596974 74 67 53
-0.27184844 -0.2817372 5.596933 67 58 45
-0.26479697 -0.28192788 5.596778 67 60 46
-0.2578292 -0.282111 5.5964823 75 69 54
-0.25088286 -0.28229186 5.5961423 85 80 65
-0.2439158 -0.28247386 5.5958185 92 87 72
-0.23690724 -0.28265887 5.595543 92 87 71
-0.22980237 -0.2828513 5.5953956 86 80 64
-0.22262907 -0.2830489 5.5953345 78 73 57
-0.21571183 -0.28322473 5.5948825 74 68 53
-0.20862818 -0.28341386 5.5946608 76 71 55
-0.20157123 -0.28360024 5.5943856 83 78 62
-0.19471812 -0.2837693 5.593799 91 87 70
-0.18773603 -0.2839485 5.5933886 96 90 72
-0.18072248 -0.2841298 5.5930095 93 87 69
-0.17362285 -0.28431764 5.5927424 86 80 62
-0.166296 -0.28452358 5.5927906 81 75 57
-0.15890622 -0.28473407 5.5929146 82 76 57
-0.15167403 -0.2849311 5.592795 86 82 62
-0.1446271 -0.2851125 5.5923944 94 89 70
-0.13757586 -0.28529376 5.5919867 98 93 74
-0.13046288 -0.28547955 5.591654 96 91 72
-0.123318434 -0.28566733 5.5913525 89 85 65
-0.11611104 -0.28585973 5.591127 85 80 62
-0.108890295 -0.2860527 5.5909066 85 81 64
-0.10188961 -0.28622735 5.590359 91 86 71
-0.09469986 -0.28641674 5.5900664 100 94 81
-0.087375164 -0.28661656 5.5899525 105 99 86
-0.08031392 -0.28679457 5.5894504 104 98 84
-0.073201895 -0.2869762 5.589007 100 94 80
-0.06616402 -0.2871514 5.588446 98 92 78
-0.059192896 -0.2873207 5.5877786 100 95 81
-0.052021265 -0.28750572 5.587381 105 100 86
-0.04476261 -0.28769708 5.58709 110 106 92
-0.037682533 -0.28787372 5.5865364 113 110 93
-0.030776262 -0.288036 5.585728 111 108 92
-0.023847818 -0.2881996 5.5849385 108 105 89
-0.016860723 -0.28836745 5.584219 107 103 86
-0.009822369 -0.28853887 5.5835576 107 104 88
-0.0027155876 -0.2887153 5.5829787 110 108 91
0.004397869 -0.28889182 5.582397 114 112 95
0.011327028 -0.28905323 5.581548 116 114 98
0.018481016 -0.28923196 5.5809965 118 115 98
0.025915146 -0.28943235 5.580816 116 113 97
0.033296585 -0.2896281 5.5805492 113 110 95
0.040874004 -0.28983867 5.5805354 109 106 93
0.048432827 -0.29004726 5.5804815 107 106 92
0.055893183 -0.29024756 5.5802794 108 106 93
0.06362724 -0.29046878 5.5804334 109 107 93
0.07148504 -0.29069912 5.5807395 109 107 95
0.079306126 -0.29092598 5.5809793 108 105 93
0.08707595 -0.29114822 5.581135 105 102 89
0.09473443 -0.29136118 5.581124 102 99 85
0.10240555 -0.2915746 5.5811152 98 96 82
0.1099751 -0.29177952 5.580955 97 94 81
0.11745739 -0.29197714 5.5806646 98 95 84
0.12495327 -0.2921753 5.5803776 99 98 86
0.13218808 -0.2923527 5.5797296 99 97 86
0.13972569 -0.29255307 5.579471 95 93 82
0.14762259 -0.29278067 5.5796742 90 88 77
0.15531278 -0.29299176 5.5795894 84 80 70
0.16311693 -0.29321104 5.5796394 81 77 67
0.17077279 -0.29341832 5.5794783 83 79 69
0.17825055 -0.29361144 5.579069 87 84 74
0.18606424 -0.29382977 5.579087 90 87 78
0.19408202 -0.29406327 5.5793576 89 86 77
0.20242548 -0.29432103 5.5800366 84 81 72
0.2111764 -0.2946093 5.5812297 77 75 66
0.21999645 -0.29490215 5.582493 72 69 61
0.22887874 -0.29519895 5.5838165 69 65 59
0.23754978 -0.29547888 5.584846 68 64 57
0.24593091 -0.29573607 5.585481 66 62 56
0.25412393 -0.29597828 5.585855 66 62 55
0.2618568 -0.29618496 5.5856194 65 61 54
0.26970696 -0.29639998 5.5855207 64 61 55
0.27785707 -0.29663715 5.5857916 64 61 55
-0.4952953 -0.26970077 5.597389 111 103 87
-0.48878264 -0.26985914 5.596862 110 103 86
-0.48252463 -0.2699953 5.595916 109 103 83
-0.47619462 -0.27013713 5.5950727 109 104 82
-0.46956778 -0.2703039 5.5946894 110 105 82
-0.46255016 -0.2705034 5.5949125 110 104 83
-0.4552188 -0.27072898 5.5956144 110 104 82
-0.4475081 -0.27098608 5.596898 109 103 82
-0.44035888 -0.27119488 5.5972767 108 102 80
-0.43297005 -0.27142328 5.598015 105 99 78
-0.42550063 -0.2716579 5.598861 104 98 77
-0.4180386 -0.27189115 5.599677 104 98 76
-0.41040897 -0.27213785 5.600736 104 98 77
-0.4029789 -0.27236706 5.6014647 104 99 78
-0.3956411 -0.2725879 5.602031 103 99 77
-0.38824964 -0.27281255 5.602664 101 97 75
-0.38076973 -0.27304393 5.6034155 98 94 72
-0.37364078 -0.27324533 5.603607 97 92 71
-0.36686778 -0.27341643 5.6032333 99 93 72
-0.36013222 -0.27358392 5.6027894 99 94 71
-0.35333872 -0.27375573 5.602421 94 88 66
-0.3466127 -0.27392143 5.6019354 88 82 60
-0.33981514 -0.2740926 5.601546 88 82 62
-0.3330996 -0.27425647 5.601018 93 89 71
-0.32663345 -0.27439922 5.6000977 95 91 74
-0.31981397 -0.2745708 5.5997033 90 87 69
-0.31280017 -0.27475792 5.599589 87 84 67
-0.30586433 -0.2749381 5.599343 94 90 73
-0.29875922 -0.27513164 5.5993376 101 95 80
-0.29182005 -0.27531102 5.599067 102 95 80
-0.2849853 -0.27548134 5.5986266 96 89 75
-0.27796793 -0.27566612 5.598446 88 81 66
-0.27089524 -0.27585495 5.5983343 82 75 60
-0.2638874 -0.2760379 5.598111 83 76 61
-0.2569375 -0.27621564 5.597788 89 83 68
-0.25000787 -0.27639118 5.5974197 97 91 76
-0.24304652 -0.27656883 5.5970855 99 94 78
-0.2360344 -0.27675012 5.596813 95 90 73
-0.22894359 -0.27693728 5.596643 89 82 67
-0.22179317 -0.27712873 5.596545 82 76 61
-0.21490645 -0.27729833 5.596046 81 74 60
-0.2079196 -0.2774755 5.5956807 85 79 64
-0.2008729 -0.27765703 5.595389 94 88 72
-0.19401789 -0.27782264 5.594804 101 96 79
-0.18705416 -0.2779965 5.594364 103 97 79
-0.18005705 -0.27817258 5.59396 95 90 71
-0.17297912 -0.27835464 5.5936594 84 79 59
-0.1657033 -0.2785521 5.5936317 77 71 52
-0.15838003 -0.27875274 5.5936584 78 73 53
-0.15122199 -0.27893963 5.5934305 87 83 63
-0.14423084 -0.27911273 5.5929494 99 96 76
-0.13720989 -0.27928773 5.592497 105 102 82
-0.13010406 -0.27946895 5.5921535 98 94 75
-0.12297082 -0.27965188 5.5918355 84 80 59
-0.11579609 -0.2798376 5.5915627 74 70 51
-0.108611345 -0.28002357 5.5912905 75 71 53
-0.101637125 -0.2801924 5.590705 86 81 65
-0.094471455 -0.28037593 5.5903788 101 96 81
-0.087160826 -0.28057036 5.5902433 108 103 88
-0.08006716 -0.28074718 5.5897875 102 97 82
-0.07291508 -0.2809281 5.589401 89 84 68
-0.065791845 -0.28110626 5.588959 80 74 59
-0.058694363 -0.28128195 5.588469 78 73 58
-0.051427126 -0.2814704 5.588203 85 82 67
-0.044100523 -0.28166306 5.5880065 97 94 79
-0.03700447 -0.28183714 5.5874734 103 100 84
-0.030122042 -0.28199404 5.586631 97 93 76
-0.023241282 -0.28215042 5.5857735 87 83 65
-0.016305923 -0.28231063 5.584981 81 77 59
-0.009327173 -0.2824738 5.584236 83 79 62
-0.0022928715 -0.28264078 5.583556 89 86 69
0.0047385693 -0.28280714 5.5828595 96 94 77
0.01159215 -0.28295928 5.5819073 101 98 82
0.018673658 -0.2831286 5.5812554 100 96 80
0.026043653 -0.28331983 5.580987 96 93 75
0.03339672 -0.2835092 5.5806813 92 90 73
0.040941 -0.2837128 5.5806227 92 89 73
0.048480272 -0.28391546 5.5805426 93 91 76
0.055950403 -0.28411227 5.5803537 97 95 79
0.063675165 -0.2843281 5.580495 98 96 80
0.07151461 -0.28455222 5.580777 98 96 81
0.07930708 -0.28477207 5.580979 95 93 78
0.08703327 -0.2849863 5.581075 93 91 76
0.09465313 -0.28519183 5.581013 92 89 74
0.10228896 -0.28539807 5.580958 91 88 73
0.109817505 -0.28559557 5.580744 92 89 74
0.11724663 -0.28578496 5.5803823 97 94 81
0.124667645 -0.28597328 5.5799975 104 102 88
0.13182998 -0.28614148 5.5792537 106 104 91
0.13930893 -0.2863332 5.5789185 104 103 89
0.14714694 -0.28655162 5.579046 99 97 83
0.15482402 -0.28675732 5.5789447 92 90 77
0.16262913 -0.28697208 5.578998 90 87 75
0.17031145 -0.2871771 5.578874 95 92 80
0.17785025 -0.2873707 5.5785465 104 101 89
0.18570375 -0.2875875 5.578618 109 107 95
0.19373775 -0.28781727 5.578911 110 108 96
0.20186424 -0.2880534 5.5793085 108 106 93
0.21052527 -0.28832895 5.580386 105 103 91
0.21920514 -0.28860512 5.581469 104 101 90
0.22791314 -0.28888273 5.582568 104 102 91
0.23638034 -0.28914168 5.5833364 104 102 92
0.24452186 -0.28937572 5.583665 104 101 92
0.25244117 -0.28959256 5.583689 103 100 91
0.2598939 -0.28977424 5.583098 102 99 90
0.26751065 -0.2899676 5.5827045 103 99 91
0.27546954 -0.2901858 5.5827365 103 99 92
0.2832842 -0.2903928 5.5825686 103 100 93
0.29117298 -0.29060474 5.582481 103 99 93
0.2988994 -0.29080415 5.5821714 101 98 93
0.3064723 -0.2909917 5.581652 97 95 89
0.3144672 -0.2912099 5.581656 95 93 87
0.32299805 -0.29146692 5.582324 93 90 84
0.33195305 -0.29175445 5.5835114 92 88 83
0.3412187 -0.29206404 5.5850706 90 86 82
0.35065222 -0.29238513 5.58682 87 84 79
0.36016107 -0.29271096 5.588642 84 80 76
-0.48815918 -0.26407903 5.5978193 116 107 86
-0.48172784 -0.26422668 5.5971475 116 108 85
-0.47518468 -0.26438317 5.5966415 114 109 83
-0.46847916 -0.26455277 5.59638 111 106 81
-0.461483 -0.26474604 5.5965657 109 103 78
-0.45419192 -0.2649633 5.597202 109 103 78
-0.44662714 -0.26520264 5.598252 111 105 80
-0.4393289 -0.2654192 5.598862 113 107 82
-0.43194866 -0.26564184 5.5995846 111 105 81
-0.42448044 -0.26587117 5.6004252 109 103 78
-0.41698337 -0.26610216 5.601293 106 100 75
-0.40933943 -0.26634464 5.6023717 104 98 73
-0.4018669 -0.26657227 5.6031632 104 99 74
-0.39447045 -0.266793 5.6038184 106 101 76
-0.38708258 -0.2670124 5.6044416 106 101 76
-0.37958813 -0.26723987 5.605212 104 99 74
-0.37236023 -0.26744488 5.605553 103 97 73
-0.36547995 -0.2676209 5.605341 104 98 74
-0.3586588 -0.26779157 5.6050243 103 96 71
-0.35182977 -0.26796243 5.604706 95 88 63
-0.34513783 -0.2681216 5.604163 87 81 56
-0.33842468 -0.2682821 5.603641 88 82 59
-0.33181095 -0.268434 5.602954 96 91 70
-0.32539773 -0.26856926 5.6019497 104 99 79
-0.31860375 -0.26873496 5.601513 105 102 83
-0.311594 -0.26891753 5.601389 105 101 82
-0.3046267 -0.26909623 5.6011868 104 100 82
-0.29752588 -0.26928517 5.6011715 104 98 82
-0.2905991 -0.26945955 5.6008797 104 97 80
-0.28378892 -0.26962405 5.6003985 103 96 79
-0.27680707 -0.26980188 5.6001616 100 93 77
-0.26975703 -0.2699847 5.6000123 97 91 74
-0.2627523 -0.27016333 5.599781 98 91 75
-0.2557671 -0.2703399 5.5995073 100 95 78
-0.248811 -0.27051368 5.5991755 104 99 81
-0.24182224 -0.27068955 5.598879 104 99 81
-0.23478985 -0.2708684 5.598633 101 96 78
-0.22770476 -0.27105096 5.5984507 97 92 74
-0.22059584 -0.27123484 5.5982885 94 88 71
-0.2137692 -0.2713959 5.5976977 95 88 72
-0.20685077 -0.2715637 5.5972285 99 92 76
-0.19981551 -0.27174035 5.596918 105 99 82
-0.19296455 -0.27190194 5.5963235 109 104 86
-0.1860435 -0.27206856 5.595819 109 104 85
-0.17909503 -0.2722369 5.5953417 102 97 78
-0.1720829 -0.2724098 5.594943 93 88 68
-0.16488528 -0.27259675 5.5948005 88 82 62
-0.15762949 -0.27278772 5.5947266 88 83 63
-0.150532 -0.2729658 5.5944104 95 91 71
-0.14357209 -0.2731326 5.593881 104 102 81
-0.13656735 -0.2733025 5.593405 109 107 86
-0.12945604 -0.27348018 5.5930676 102 100 79
-0.12233162 -0.27365842 5.5927353 89 87 65
-0.11518812 -0.27383766 5.5924172 81 77 58
-0.10803914 -0.2740168 5.592092 82 78 59
-0.10108709 -0.27418023 5.591474 91 88 69
-0.09392214 -0.2743596 5.591145 103 100 82
-0.08659291 -0.2745513 5.591036 108 104 87
-0.07944775 -0.2747282 5.590651 100 97 80
-0.07225394 -0.2749084 5.590321 87 83 66
-0.0650661 -0.2750876 5.5899696 76 73 56
-0.057878733 -0.27526632 5.589604 73 70 54
-0.050529003 -0.275457 5.589452 80 79 62
-0.043118 -0.27565184 5.589371 92 90 75
-0.03596425 -0.27582648 5.588917 98 95 79
-0.029052973 -0.27598214 5.588111 90 87 70
-0.022171497 -0.27613512 5.587252 78 75 58
-0.015252113 -0.2762905 5.586435 70 68 50
-0.008307934 -0.27644742 5.5856395 72 69 52
-0.0013372898 -0.2766059 5.5848694 79 77 59
0.005606413 -0.27676192 5.58405 88 86 69
0.012379169 -0.27690455 5.5829835 92 90 73
0.019404411 -0.2770659 5.5822535 89 85 69
0.026726246 -0.27724925 5.5819173 82 80 63
0.034071445 -0.2774339 5.581599 78 76 59
0.041597605 -0.27763167 5.5815144 80 78 61
0.049120903 -0.27782872 5.5814114 87 85 68
0.056588173 -0.278021 5.5812163 94 92 75
0.064296484 -0.27823094 5.581335 94 92 76
0.072149515 -0.2784511 5.581634 89 88 71
0.0799613 -0.27866763 5.58186 82 80 63
0.0877099 -0.27887884 5.5819855 79 77 61
0.095356226 -0.27908188 5.581958 81 78 62
0.1030004 -0.2792842 5.581912 86 83 68
0.11051226 -0.27947614 5.581674 93 90 74
0.11790514 -0.27965873 5.581263 98 95 80
0.12525296 -0.27983746 5.5807786 100 97 83
0.13234568 -0.27999684 5.5799417 98 96 81
0.13977385 -0.2801806 5.579538 96 95 79
0.14757347 -0.28039142 5.5796137 95 94 78
0.15526056 -0.28059337 5.579525 96 95 80
0.16309237 -0.28080544 5.5796123 98 97 83
0.1708231 -0.28100955 5.579551 102 100 86
0.17844558 -0.28120512 5.579333 105 103 89
0.1863687 -0.28142232 5.579495 106 104 89
0.19447064 -0.28165206 5.5798755 106 104 90
0.20257425 -0.28188133 5.580241 108 106 91
0.21110058 -0.282141 5.581142 112 111 96
0.219697 -0.2824051 5.5821147 116 114 100
0.22827506 -0.2826672 5.583045 116 114 101
0.23658729 -0.2829092 5.583612 114 112 100
0.24455667 -0.2831256 5.583717 112 110 99
0.25226784 -0.28332266 5.5834737 111 109 98
0.25950456 -0.2834847 5.5826044 112 109 99
0.26693487 -0.2836604 5.5819726 114 110 101
0.27475262 -0.28386375 5.5818257 115 112 102
0.28247762 -0.28405985 5.581545 116 113 103
0.29028487 -0.2842614 5.5813556 114 112 102
0.29793096 -0.28445077 5.580946 112 110 101
0.30541945 -0.28462833 5.5803223 108 107 97
0.3132956 -0.2848333 5.5801783 108 106 97
0.32168078 -0.28507447 5.580666 108 105 95
0.33045316 -0.2853428 5.5816255 108 104 95
0.33949995 -0.28563014 5.5829124 105 103 94
0.3486812 -0.28592637 5.584349 102 100 91
0.35790753 -0.2862251 5.585821 99 96 88
0.36680102 -0.28649926 5.586854 95 92 84
0.3755195 -0.28676027 5.5876484 91 87 80
-0.48089027 -0.258459 5.5984445 108 100 74
-0.47431636 -0.25861445 5.597985 105 100 73
-0.46758175 -0.2587826 5.597767 103 98 72
-0.46059132 -0.25897107 5.5979414 102 96 70
-0.45332432 -0.25918147 5.5985365 101 95 69
-0.4459312 -0.25940147 5.599313 102 95 70
-0.43846488 -0.25962678 5.6001863 102 96 70
-0.4310813 -0.25984475 5.600911 102 96 71
-0.4236076 -0.26006934 5.6017585 102 96 70
-0.41609764 -0.26029623 5.6026444 100 94 69
-0.40847564 -0.26053149 5.603686 100 94 67
-0.4010036 -0.26075393 5.604474 101 94 67
-0.39360785 -0.26096967 5.6051254 103 96 69
-0.38622832 -0.26118344 5.6057334 103 97 69
-0.37877798 -0.26140228 5.606434 102 96 68
-0.3714707 -0.26160905 5.6068945 102 95 67
-0.36448455 -0.26178956 5.606844 103 96 69
-0.35756183 -0.26196447 5.6066804 102 94 67
-0.3506577 -0.2621374 5.6064744 97 90 62
-0.34394145 -0.26229492 5.6059656 91 84 56
-0.33723378 -0.26245126 5.6054316 89 83 56
-0.33063173 -0.26259878 5.6047225 92 87 62
-0.32419896 -0.2627325 5.603745 98 93 69
-0.31738043 -0.26289633 5.6033416 102 98 75
-0.31034923 -0.26307645 5.603247 105 101 77
-0.3033483 -0.26325375 5.6030927 104 100 77
-0.2962513 -0.26343808 5.603068 104 97 77
-0.2893486 -0.26360658 5.602736 104 97 77
-0.282593 -0.26376304 5.602169 106 99 79
-0.27567077 -0.2639322 5.60184 107 100 81
-0.26865745 -0.26410794 5.6016326 107 101 82
-0.26165652 -0.26428223 5.6013927 107 101 82
-0.25463247 -0.26445782 5.6011734 105 101 80
-0.24763727 -0.26463068 5.600897 105 101 79
-0.24060607 -0.26480588 5.60066 106 101 80
-0.23354411 -0.26498297 5.6004543 108 103 82
-0.22644019 -0.26516283 5.6002965 108 104 83
-0.21934128 -0.26534176 5.6001167 110 104 83
-0.21260643 -0.26549202 5.599387 111 105 85
-0.2056973 -0.2656553 5.5989017 112 106 86
-0.19868016 -0.2658265 5.5985603 114 108 87
-0.19185519 -0.26598242 5.597925 114 109 89
-0.18498802 -0.26614112 5.597339 113 108 88
-0.17811704 -0.2662997 5.596746 111 106 86
-0.17120957 -0.2664606 5.5961933 109 103 83
-0.16412807 -0.26663446 5.5958805 107 101 81
-0.1569655 -0.266814 5.5956697 106 100 80
-0.14994192 -0.26698244 5.5952454 108 102 82
-0.14301538 -0.267143 5.5946674 108 106 84
-0.1360128 -0.2673089 5.5941863 109 108 85
-0.12887764 -0.26748443 5.593882 106 105 83
-0.12174487 -0.26765934 5.5935607 102 101 79
-0.114611626 -0.26783377 5.593226 100 98 77
-0.10747385 -0.26800808 5.5928845 101 99 77
-0.100525856 -0.26816753 5.592259 104 103 80
-0.09334087 -0.26834446 5.5919576 107 104 83
-0.08598113 -0.2685341 5.5918894 106 104 83
-0.07879257 -0.26871037 5.591565 102 99 79
-0.07158327 -0.26888767 5.5912557 95 93 73
-0.064379215 -0.2690641 5.590925 91 88 69
-0.05717182 -0.26924032 5.590586 89 88 68
-0.049809217 -0.2694277 5.590451 93 92 73
-0.042356968 -0.26962128 5.590426 99 98 80
-0.035175085 -0.26979408 5.5900087 101 100 81
-0.028232098 -0.2699486 5.5892453 96 94 75
-0.021326065 -0.2700999 5.5884194 87 86 68
-0.014395714 -0.27025267 5.587615 82 80 62
-0.007454872 -0.2704058 5.5868134 81 79 61
-0.0005078316 -0.27055895 5.586008 86 85 67
0.006397724 -0.27070862 5.5851345 94 93 75
0.013120651 -0.27084434 5.5839972 97 95 77
0.020106316 -0.27099916 5.5832114 92 89 71
0.027401686 -0.27117643 5.582837 85 82 65
0.03473735 -0.27135625 5.582505 80 79 60
0.042244434 -0.2715482 5.5823927 83 81 63
0.049742937 -0.271739 5.582254 94 91 73
0.057186127 -0.27192527 5.582026 103 100 83
0.0648613 -0.27212802 5.5820985 102 99 81
0.072707415 -0.27234283 5.5823865 90 88 70
0.08052039 -0.2725546 5.582614 77 76 57
0.08828211 -0.27276212 5.5827556 73 70 53
0.09595513 -0.27296254 5.5827622 77 75 57
0.10362744 -0.2731624 5.582753 90 87 70
0.11116481 -0.2733519 5.582548 101 98 81
0.11858249 -0.2735322 5.5821686 101 98 82
0.1259315 -0.27370703 5.5816846 92 89 74
0.13301325 -0.273862 5.580831 82 81 64
0.1404357 -0.27404127 5.580419 79 78 61
0.1482265 -0.27424675 5.580481 84 84 66
0.1559329 -0.2744456 5.5804167 96 96 78
0.16379738 -0.27465528 5.580546 104 104 88
0.17159414 -0.27485958 5.5805707 104 102 85
0.17930627 -0.27505723 5.5804687 94 92 75
0.18731189 -0.2752755 5.580737 85 83 67
0.19549012 -0.27550557 5.5812154 83 81 64
0.20360827 -0.27573076 5.581598 89 87 70
0.2119708 -0.27597284 5.582282 100 98 81
0.22052813 -0.27622828 5.5832033 106 105 88
0.22906518 -0.27648157 5.584078 104 102 86
0.23735571 -0.27671662 5.5846143 96 93 80
0.24532294 -0.27692807 5.5847163 91 88 76
0.25301123 -0.27711907 5.5844407 90 89 77
0.26018643 -0.27727312 5.5834913 94 92 81
0.26753902 -0.27743936 5.582758 97 94 84
0.27525473 -0.27763093 5.582479 100 96 85
0.28287292 -0.27781513 5.582061 99 96 84
0.29057264 -0.2780046 5.581733 97 95 82
0.2981174 -0.27818263 5.581194 95 93 80
0.3055215 -0.27835023 5.580463 94 92 79
0.3132987 -0.27854377 5.5801935 97 95 82
0.32156873 -0.27877152 5.5805354 103 100 86
0.33019018 -0.27902332 5.5813046 105 103 89
0.33905005 -0.2792912 5.582357 105 103 89
0.348037 -0.2795674 5.58355 104 102 88
0.35703158 -0.27984336 5.5847325 102 100 87
0.36575627 -0.28009978 5.5855565 102 100 87
0.37433648 -0.28034544 5.5861807 102 99 88
0.38276362 -0.28057984 5.5865955 102 100 90
0.46023822 -0.28277537 5.591581 106 104 95
0.469383 -0.28305325 5.5927057 104 101 94
0.47847676 -0.28332692 5.593748 98 95 88
0.48761678 -0.28360307 5.594827 93 90 82
0.49670386 -0.2838749 5.595822 94 91 83
0.5055492 -0.28412953 5.5965037 97 95 87
-0.4522493 -0.2534135 5.6001997 98 92 66
-0.4447825 -0.25363427 5.601089 97 91 65
-0.43732762 -0.25385344 5.6019406 96 91 64
-0.42997575 -0.25406387 5.602612 96 90 65
-0.42257667 -0.25427744 5.6033406 98 92 66
-0.41521883 -0.25448704 5.6039844 98 92 66
-0.40763736 -0.2547137 5.6049604 99 93 65
-0.4001913 -0.25492907 5.6057057 100 93 65
-0.3928473 -0.25513574 5.6062746 101 94 64
-0.38552046 -0.25534052 5.6067986 101 93 64
-0.37811303 -0.25555098 5.607431 100 93 63
-0.37077832 -0.25575516 5.607932 100 93 63
-0.36372495 -0.25593677 5.607983 101 94 65
-0.35671353 -0.2561146 5.607954 101 93 64
-0.34970474 -0.2562917 5.6079063 98 90 62
-0.3428843 -0.2564536 5.6075544 93 86 57
-0.33607054 -0.2566146 5.6071796 90 84 54
-0.32934666 -0.25676814 5.606654 89 83 55
-0.32279396 -0.25690794 5.6058545 93 87 59
-0.3158846 -0.25707495 5.6055846 98 93 67
-0.3087988 -0.2572551 5.605569 103 97 72
-0.30176353 -0.25743085 5.605461 105 99 73
-0.29466605 -0.2576109 5.6054325 105 97 73
-0.2878003 -0.2577726 5.6050406 106 97 74
-0.28111267 -0.25792018 5.6043677 108 100 77
-0.2742672 -0.25807944 5.6039186 110 102 81
-0.26731396 -0.2582465 5.6036177 111 105 83
-0.26033854 -0.25841478 5.603336 111 105 83
-0.25330997 -0.25858665 5.60312 108 102 79
-0.24632072 -0.25875503 5.602831 107 101 76
-0.23929238 -0.2589259 5.602586 108 102 77
-0.23222661 -0.25909916 5.6023817 112 107 83
-0.22510386 -0.25927624 5.6022487 116 110 86
-0.21806002 -0.25944686 5.601984 119 113 89
-0.21132207 -0.2595938 5.6012554 120 114 90
-0.20439506 -0.25975466 5.6007924 120 113 89
-0.19737339 -0.25992224 5.600455 118 111 87
-0.19055271 -0.26007414 5.5998096 117 110 87
-0.18371177 -0.26022714 5.5991817 115 109 87
-0.1768992 -0.26037765 5.5985003 116 109 89
-0.17008877 -0.26052752 5.597803 116 110 89
-0.16312408 -0.2606886 5.5973177 116 109 89
-0.15606761 -0.26085603 5.5969515 114 106 86
-0.14913225 -0.261014 5.5963974 111 104 83
-0.1422534 -0.2611673 5.595749 107 103 80
-0.13527822 -0.26132736 5.595226 105 103 80
-0.12814546 -0.26149872 5.5949173 106 104 81
-0.121020555 -0.26166898 5.5945826 108 106 84
-0.11389375 -0.26183894 5.5942373 110 108 86
-0.1067431 -0.2620102 5.5939116 112 109 85
-0.09977126 -0.26216775 5.5933185 111 108 84
-0.09253621 -0.26234433 5.5930862 108 104 81
-0.08511758 -0.26253402 5.5931005 105 101 79
-0.077889204 -0.2627091 5.5928297 104 100 78
-0.07067871 -0.26288244 5.59252 103 101 78
-0.06349254 -0.26305348 5.5921626 104 101 80
-0.05632949 -0.2632224 5.5917587 103 101 80
-0.04900503 -0.26340267 5.591568 104 102 81
-0.041561842 -0.26359114 5.5915284 104 103 82
-0.034379005 -0.2637601 5.5911107 104 103 82
-0.02741456 -0.2639126 5.590376 102 101 80
-0.0204916 -0.2640617 5.5895705 98 98 78
-0.013542891 -0.26421222 5.5887895 95 94 75
-0.0065894127 -0.26436272 5.5880036 93 92 72
0.00036668777 -0.26451305 5.5872097 96 95 76
0.007283449 -0.26466003 5.586349 101 100 81
0.014000416 -0.2647922 5.5852017 103 102 81
0.020987034 -0.2649435 5.584415 98 97 77
0.028292894 -0.26511747 5.584053 93 92 72
0.035643816 -0.26529425 5.5837398 90 88 68
0.043156624 -0.26548222 5.583633 92 89 71
0.050647736 -0.26566812 5.5834823 102 98 80
0.058060884 -0.26584795 5.583212 110 106 88
0.06569791 -0.26604334 5.58323 108 104 86
0.073525906 -0.2662519 5.5834913 96 93 74
0.08132243 -0.26645765 5.583695 84 81 62
0.08908248 -0.26666024 5.5838323 79 76 57
0.096771 -0.2668572 5.583858 84 80 62
0.10446715 -0.2670542 5.5838795 97 93 75
0.11204362 -0.26724216 5.583725 107 103 86
0.11952281 -0.26742268 5.583426 104 101 83
0.12694383 -0.2675986 5.5830355 91 88 71
0.13408422 -0.26775417 5.582258 78 77 58
0.14156508 -0.26793346 5.5819206 75 74 55
0.1493895 -0.26813656 5.582025 82 82 62
0.1571374 -0.26833373 5.582013 97 96 77
0.16505432 -0.26854232 5.582209 106 106 87
0.17292285 -0.26874694 5.5823245 102 100 82
0.18071222 -0.2689455 5.5823216 87 85 66
0.1887834 -0.26916328 5.582672 75 72 54
0.19701052 -0.26939148 5.583211 71 69 51
0.20509768 -0.26960927 5.5835495 79 77 58
0.21327281 -0.2698327 5.5839868 90 88 70
0.22181082 -0.27008086 5.5848784 96 94 77
0.23035288 -0.2703287 5.585757 92 89 72
0.23870206 -0.27056244 5.586367 80 77 63
0.24678516 -0.27077708 5.5866146 74 71 58
0.25459313 -0.27097198 5.5864916 75 72 60
0.26183605 -0.2711271 5.585625 80 78 66
0.26919794 -0.2712901 5.5849 86 83 72
0.27686596 -0.2714739 5.5845556 88 85 73
0.28439522 -0.27164763 5.58402 84 81 68
0.2919972 -0.27182594 5.583564 79 77 61
0.29945588 -0.2719939 5.582912 77 75 59
0.30678582 -0.27215254 5.5820827 80 78 63
0.31448746 -0.27233642 5.581715 88 86 70
0.3226738 -0.27255315 5.581948 97 95 78
0.33117962 -0.2727912 5.5825686 99 97 81
0.33990288 -0.27304363 5.5834465 96 94 78
0.34876418 -0.27330488 5.584479 93 91 75
0.3575666 -0.27356145 5.5854187 96 94 78
0.36626935 -0.27381054 5.5862136 103 101 85
0.3748839 -0.27405298 5.58688 107 105 92
0.38340497 -0.27428842 5.587412 109 107 94
0.39156413 -0.27449864 5.587475 108 106 93
0.39989018 -0.2747197 5.58773 106 104 92
0.40855575 -0.27496326 5.5883913 108 105 92
0.43491006 -0.2757144 5.590708 120 117 104
0.44339204 -0.27594307 5.5910697 118 114 102
0.45208144 -0.27618518 5.5916705 118 115 103
0.46111035 -0.2764496 5.59267 121 118 106
0.4702046 -0.27671772 5.593731 122 119 108
0.47918916 -0.2769778 5.5946383 120 117 107
0.48816752 -0.27723682 5.5955186 119 116 104
0.4970839 -0.27749106 5.5963044 120 117 105
0.5058105 -0.27773193 5.596842 121 119 108
0.5142906 -0.2779557 5.597062 120 117 106
-0.4295783 -0.2482248 5.6032014 104 98 72
-0.42229676 -0.24842432 5.603744 104 98 72
-0.41506982 -0.24861899 5.6041827 105 99 72
-0.40760684 -0.24883132 5.6049743 106 100 71
-0.40017104 -0.24904089 5.605704 105 99 70
-0.39283037 -0.24924259 5.606268 105 98 69
-0.38546515 -0.24944554 5.606852 104 97 67
-0.37791753 -0.2496619 5.607701 103 96 67
-0.37046838 -0.24987009 5.6083794 102 96 66
-0.36327887 -0.25005788 5.6086397 103 96 67
-0.3561542 -0.25024018 5.6087832 102 94 66
-0.3490312 -0.2504218 5.6089087 98 91 63
-0.34211826 -0.250587 5.608698 94 87 58
-0.33520484 -0.25075173 5.608473 90 83 54
-0.32836795 -0.2509102 5.608117 90 83 53
-0.32171965 -0.25105393 5.6074605 95 87 57
-0.31474233 -0.25122213 5.607291 101 93 65
-0.30762482 -0.25140038 5.6073203 107 99 72
-0.3005669 -0.25157368 5.6072435 110 101 74
-0.29344845 -0.251751 5.6072435 109 100 74
-0.28657842 -0.2519092 5.6068544 109 100 75
-0.279912 -0.25205165 5.606146 110 100 76
-0.27308393 -0.25220582 5.605667 110 101 78
-0.26614785 -0.25236762 5.605337 111 104 80
-0.25915647 -0.2525331 5.605077 111 104 80
-0.25210667 -0.25270244 5.6048884 109 102 77
-0.24511528 -0.252867 5.6045995 109 101 74
-0.23808837 -0.2530337 5.6043487 110 102 76
-0.23103666 -0.25320178 5.604121 114 105 79
-0.22392249 -0.253374 5.6039715 116 109 83
-0.21692395 -0.25353724 5.6036367 119 111 85
-0.21018529 -0.25368077 5.602906 120 112 86
-0.20326972 -0.25383696 5.6024237 119 111 84
-0.19628072 -0.25399813 5.602035 118 108 83
-0.18949771 -0.25414366 5.6013317 117 107 83
-0.18269181 -0.25429046 5.6006503 115 106 83
-0.17592072 -0.25443435 5.5999055 113 105 84
-0.16917443 -0.254576 5.599113 111 103 82
-0.16226888 -0.25472888 5.59854 109 100 80
-0.15526795 -0.25488836 5.598091 106 98 78
-0.14836955 -0.2550399 5.5974817 103 97 75
-0.14150715 -0.25518838 5.5968075 101 97 74
-0.1345501 -0.25534335 5.596257 101 96 74
-0.12743163 -0.25550967 5.595926 102 96 75
-0.120330095 -0.25567424 5.595556 102 98 76
-0.11322498 -0.25583866 5.595178 104 101 78
-0.10606527 -0.25600657 5.5948644 106 103 78
-0.09907675 -0.2561616 5.5942936 107 102 78
-0.091813564 -0.25633612 5.5940995 105 100 77
-0.08437657 -0.2565227 5.5941377 104 99 76
-0.077156305 -0.25669307 5.5938535 106 101 77
-0.06996918 -0.25686067 5.5935097 107 103 80
-0.06280947 -0.2570258 5.593113 109 104 80
-0.055671215 -0.25718898 5.592673 108 103 80
-0.048342705 -0.25736532 5.592486 107 102 79
-0.040872812 -0.2575513 5.592483 106 102 79
-0.03365302 -0.25771892 5.592115 105 102 79
-0.026648045 -0.25787073 5.591435 105 104 81
-0.019708872 -0.25801745 5.590651 105 103 81
-0.0127539635 -0.2581649 5.5898767 104 102 80
-0.0058095455 -0.25831127 5.589076 103 100 78
0.0011496544 -0.2584582 5.5882845 104 101 80
0.00808239 -0.25860292 5.587444 106 105 83
0.014808416 -0.2587326 5.5863075 107 107 83
0.021799088 -0.25888065 5.585524 106 105 81
0.029095411 -0.25904986 5.585148 104 103 79
0.036423683 -0.25922087 5.5848017 102 100 78
0.04392028 -0.2594033 5.584671 103 99 80
0.051412344 -0.25958487 5.5845194 108 103 84
0.0588305 -0.25976083 5.584254 112 107 88
0.06648636 -0.259953 5.584296 111 106 87
0.07435274 -0.26015934 5.584608 106 101 82
0.082188845 -0.26036307 5.584862 100 95 76
0.089978695 -0.26056302 5.585039 98 93 74
0.09769225 -0.2607571 5.5850964 100 95 75
0.10541201 -0.26095113 5.5851474 106 100 81
0.113007545 -0.26113597 5.585016 109 104 86
0.12054825 -0.26131654 5.5847974 106 102 84
0.12804842 -0.2614938 5.58451 98 96 77
0.1352551 -0.2616503 5.583818 91 91 70
0.14278936 -0.26182902 5.583549 89 88 68
0.15063357 -0.2620287 5.5836763 93 91 71
0.15838361 -0.26222137 5.583664 102 99 79
0.16632533 -0.26242676 5.58389 106 104 83
0.1742518 -0.26263055 5.5840797 102 99 79
0.18213153 -0.2628306 5.5841913 91 89 68
0.19030786 -0.26305047 5.584677 84 82 61
0.1986444 -0.2632808 5.5853558 82 80 60
0.20676017 -0.2634954 5.5857277 88 85 66
0.21489263 -0.26371056 5.586105 94 92 73
0.22324634 -0.2639403 5.5867534 96 94 76
0.23182774 -0.26418498 5.58768 91 88 71
0.24023104 -0.26441687 5.588356 81 78 62
0.24840927 -0.26463285 5.588723 77 73 59
0.25630736 -0.26482928 5.588712 78 76 61
0.2635746 -0.26498234 5.5878735 85 82 68
0.27092123 -0.26514044 5.587125 93 89 77
0.27850127 -0.26531386 5.5866632 94 90 78
0.28590465 -0.26547498 5.585963 85 81 67
0.29339242 -0.2656413 5.585357 74 72 56
0.30078316 -0.26580068 5.5846148 72 71 54
0.30809474 -0.26595435 5.5837603 80 78 62
0.3158331 -0.26613632 5.5834355 90 88 72
0.32408285 -0.26635215 5.5837455 99 97 81
0.33263564 -0.26658782 5.584423 98 95 79
0.34138012 -0.26683572 5.585324 86 84 67
0.35015988 -0.26708537 5.5862513 78 76 59
0.3589456 -0.26733476 5.587166 86 84 67
0.36767936 -0.26758006 5.5879974 101 99 83
0.3763616 -0.2678213 5.5887456 108 105 91
0.38498712 -0.26805818 5.5894046 105 102 88
0.39322448 -0.26826864 5.5895615 95 93 79
0.40161014 -0.2684884 5.589887 85 84 69
0.4102919 -0.26872727 5.5905643 86 85 70
0.41888547 -0.26895967 5.591113 101 99 86
0.42766976 -0.26920414 5.5918813 116 113 100
0.4363668 -0.26944223 5.5925236 115 112 98
0.44486976 -0.2696669 5.5929084 102 99 85
0.4536345 -0.26990828 5.593599 93 90 77
0.4627521 -0.2701723 5.594704 94 91 79
0.47190547 -0.270438 5.595834 99 97 85
0.48092723 -0.2706944 5.5967827 106 103 92
0.48988843 -0.27094617 5.5976386 109 107 94
0.49875617 -0.27119118 5.598362 108 107 93
0.5074556 -0.27142462 5.598862 104 103 90
0.51594853 -0.27164397 5.5990944 100 98 85
0.5241754 -0.2718454 5.5989895 99 96 84
-0.42260742 -0.24252622 5.603222 114 108 80
-0.4155345 -0.2427048 5.6034217 114 108 80
-0.40810466 -0.24290963 5.6041627 113 107 80
-0.40066338 -0.24311474 5.604903 112 106 79
-0.39329505 -0.2433138 5.6055126 111 104 77
-0.38584256 -0.24351855 5.6062336 109 102 74
-0.37804556 -0.24374849 5.6074705 108 101 73
-0.37045074 -0.24396266 5.6083746 107 101 72
-0.36310863 -0.24415737 5.60887 107 100 72
-0.35587358 -0.2443436 5.6091843 105 98 70
-0.34863138 -0.24452977 5.609492 101 94 67
-0.34162283 -0.2446981 5.6094265 97 90 62
-0.3346057 -0.24486656 5.609359 93 85 57
-0.3276546 -0.2450297 5.6091757 92 84 54
-0.32093048 -0.24517559 5.608633 96 87 57
-0.3139143 -0.24534255 5.60852 103 93 64
-0.3067801 -0.24551779 5.6085725 109 99 71
-0.2997079 -0.24568796 5.608515 112 101 74
-0.29254532 -0.24586427 5.608579 110 100 73
-0.28562522 -0.2460223 5.608263 109 99 73
-0.27892423 -0.24616385 5.607604 108 97 73
-0.27205634 -0.24631716 5.6071825 107 97 72
-0.26509547 -0.24647686 5.6068873 107 97 72
-0.25806928 -0.24664089 5.6066756 107 97 72
-0.25099254 -0.24680808 5.6065245 107 98 71
-0.24401212 -0.24696782 5.6062155 108 98 71
-0.2370038 -0.24712914 5.605935 109 99 72
-0.22999477 -0.24729006 5.6056414 111 100 72
-0.22296476 -0.24745205 5.6053643 112 101 74
-0.21595788 -0.24761191 5.605039 112 103 76
-0.20923638 -0.24775073 5.6042814 112 103 76
-0.20235825 -0.24790043 5.603741 112 102 75
-0.1954391 -0.24805267 5.6032476 113 101 75
-0.18872046 -0.24819009 5.6024494 113 102 76
-0.18194914 -0.24833088 5.6017146 111 101 76
-0.17519546 -0.24847005 5.600943 105 96 74
-0.16847134 -0.24860667 5.600116 100 91 70
-0.16157436 -0.24875532 5.5995283 97 88 68
-0.15458107 -0.24891041 5.599067 97 90 69
-0.14768767 -0.24905795 5.598449 97 91 69
-0.14081812 -0.24920337 5.597784 98 92 70
-0.13387227 -0.24935383 5.5972157 98 91 70
-0.12675714 -0.24951586 5.5968776 97 90 70
-0.119675875 -0.2496751 5.5964775 96 90 69
-0.1125803 -0.2498349 5.5960846 96 90 69
-0.10540652 -0.24999976 5.5957894 98 92 70
-0.09841156 -0.25015157 5.595226 100 93 71
-0.09116173 -0.25032097 5.5950117 101 95 73
-0.08376217 -0.2505004 5.594995 103 96 74
-0.076597214 -0.25066286 5.594632 105 98 75
-0.069459915 -0.25082293 5.594216 106 100 76
-0.06231165 -0.25098336 5.593803 107 100 76
-0.055161 -0.25114346 5.593379 107 99 76
-0.047790527 -0.25131854 5.59325 107 99 76
-0.040275335 -0.2515033 5.593309 107 100 77
-0.033007383 -0.2516702 5.5930066 107 102 78
-0.025961637 -0.25182122 5.592382 108 105 80
-0.01902318 -0.2519644 5.5915956 109 106 81
-0.012073517 -0.25210798 5.5908127 109 106 81
-0.0051465034 -0.25224954 5.5899863 109 105 81
0.001806736 -0.2523926 5.5891848 109 105 82
0.008770943 -0.252536 5.5883865 110 107 83
0.015516758 -0.2526639 5.5872765 111 109 84
0.02251935 -0.25280923 5.5865073 112 110 84
0.029797554 -0.2529731 5.586105 112 110 84
0.037092447 -0.25313777 5.585711 113 108 85
0.044559956 -0.2533138 5.5855393 112 106 86
0.052075386 -0.2534927 5.585419 112 105 86
0.059519053 -0.2536662 5.585186 112 106 86
0.06722927 -0.25385743 5.5853004 112 106 86
0.075173855 -0.25406423 5.5857167 113 106 87
0.08309221 -0.25426868 5.5860806 114 106 87
0.09097123 -0.25446993 5.5863748 114 108 88
0.09871745 -0.25466156 5.586474 114 108 86
0.106468916 -0.25485304 5.586565 112 105 85
0.11409402 -0.2550355 5.5864716 110 103 84
0.12169242 -0.2552156 5.5863266 108 103 84
0.12927175 -0.25539395 5.586142 107 105 83
0.13653135 -0.2555502 5.585518 107 106 84
0.14409041 -0.25572628 5.585279 105 104 82
0.1519103 -0.25591952 5.5853715 105 101 80
0.15962696 -0.25610527 5.585312 105 101 80
0.16756654 -0.25630555 5.5855317 104 101 79
0.17555118 -0.25650832 5.585795 102 99 77
0.18353891 -0.2567108 5.586046 100 96 74
0.19183898 -0.2569337 5.586691 99 96 74
0.20030475 -0.2571671 5.587535 99 96 76
0.2085092 -0.25738242 5.588019 102 99 79
0.21650434 -0.25758317 5.5882125 103 100 82
0.22461724 -0.25779128 5.5885434 101 98 80
0.23316765 -0.25802803 5.5894265 97 93 76
0.24161029 -0.25825697 5.590151 91 88 71
0.24985528 -0.25847217 5.5906014 89 85 69
0.2578156 -0.25866795 5.5906677 90 87 70
0.26508856 -0.25881764 5.5898323 97 93 76
0.27239966 -0.25896952 5.589034 105 100 85
0.27988887 -0.2591328 5.5884533 105 101 86
0.28717613 -0.25928226 5.5876 94 90 75
0.29457903 -0.259439 5.586884 82 79 62
0.30194902 -0.25959316 5.5861125 80 78 61
0.309314 -0.2597466 5.585323 88 85 69
0.31717682 -0.25993234 5.585154 98 94 78
0.32559943 -0.26015434 5.5856805 104 101 85
0.3343091 -0.2603946 5.5865526 100 96 80
0.34316945 -0.2606441 5.5875964 83 80 64
0.35195136 -0.26088783 5.5885215 73 70 54
0.36081052 -0.261136 5.5895247 82 79 63
0.36960387 -0.26137924 5.590427 99 96 81
0.3783567 -0.26161924 5.591259 106 102 88
0.38706422 -0.26185566 5.5920153 99 95 81
0.39531684 -0.26206198 5.5921865 84 81 67
0.40368772 -0.26227546 5.5924892 70 68 53
0.41230273 -0.2625042 5.5930786 71 69 54
0.42074466 -0.26272115 5.593436 89 87 72
0.4294455 -0.2629543 5.594096 106 103 89
0.43808103 -0.26318264 5.5946584 102 98 84
0.44657397 -0.26340124 5.595027 82 79 64
0.45542216 -0.26364216 5.595816 67 65 50
0.46471667 -0.26391113 5.5971346 66 64 51
0.47403693 -0.26418114 5.5984645 74 72 60
0.48321652 -0.26444146 5.599602 85 83 71
0.492275 -0.26469332 5.6005707 91 89 76
0.50120187 -0.2649362 5.6013613 87 86 72
0.5099418 -0.2651665 5.601905 78 77 63
0.51846385 -0.26538232 5.602167 72 71 58
0.526705 -0.2655797 5.602073 74 73 60
0.5340936 -0.26572236 5.6009336 82 80 67
0.5414512 -0.2658626 5.5997458 94 92 78
0.54912305 -0.26602253 5.5989256 100 99 83
0.55656075 -0.26616722 5.5978127 97 96 78
0.5642865 -0.26632977 5.5970335 91 91 71
0.5719402 -0.2664874 5.5961566 89 89 69
0.5793679 -0.26663032 5.5949974 92 92 74
0.5872443 -0.2668012 5.5943623 96 95 78
0.595773 -0.2670128 5.5944896 99 98 83
-0.40809274 -0.2370277 5.6041474 119 113 86
-0.4006679 -0.23722664 5.6048627 118 112 85
-0.39331818 -0.23741955 5.6054435 117 110 83
-0.38574767 -0.23762798 5.6063485 116 108 81
-0.37780523 -0.23786296 5.6078105 115 107 80
-0.37010717 -0.23807944 5.6088734 113 107 79
-0.36263227 -0.23827907 5.609573 112 106 78
-0.35529876 -0.23846789 5.6100373 111 105 76
-0.34794736 -0.23865744 5.610512 109 102 75
-0.34082603 -0.23882979 5.610617 106 99 71
-0.3336861 -0.239003 5.6107345 100 92 64
-0.32658195 -0.23917314 5.610782 93 85 56
-0.31974125 -0.2393238 5.6104136 94 85 55
-0.3126526 -0.23949185 5.6104083 102 91 61
-0.30547333 -0.23966596 5.6105247 108 97 68
-0.29837584 -0.23983367 5.6105013 109 98 70
-0.29117203 -0.24000856 5.610625 106 96 67
-0.2842009 -0.24016626 5.6103806 104 94 67
-0.27747703 -0.2403059 5.6097527 103 92 66
-0.2705872 -0.24045695 5.6093597 101 91 65
-0.26361847 -0.24061319 5.6090717 101 91 64
-0.2565863 -0.24077351 5.608865 100 91 64
-0.24949288 -0.24093775 5.6087346 101 91 64
-0.24252272 -0.24109274 5.6084065 103 92 64
-0.23557329 -0.24124585 5.6080337 104 93 65
-0.22865748 -0.24139614 5.607598 105 94 66
-0.22162914 -0.24155396 5.607315 106 95 67
-0.21461153 -0.2417106 5.6070023 106 96 69
-0.20787954 -0.24184668 5.6062565 106 96 68
-0.2010045 -0.24199241 5.605707 106 96 68
-0.19411206 -0.24213897 5.6051717 106 96 69
-0.18742537 -0.24227068 5.6043224 106 96 70
-0.18067527 -0.24240649 5.603554 105 94 70
-0.1739378 -0.24254102 5.6027546 99 90 67
-0.1672442 -0.2426721 5.60188 94 85 64
-0.16037583 -0.242815 5.601248 94 86 65
-0.15341449 -0.24296404 5.600738 98 91 70
-0.14655137 -0.24310578 5.6000724 101 95 74
-0.13969421 -0.24324672 5.599386 100 94 74
-0.13277435 -0.24339166 5.598778 97 91 72
-0.12568998 -0.24354756 5.5983934 96 89 71
-0.11862922 -0.24370143 5.597961 95 89 71
-0.11153245 -0.24385735 5.5975666 95 90 70
-0.10432577 -0.2440204 5.597316 96 91 70
-0.09728742 -0.24417141 5.5968113 97 91 70
-0.090013504 -0.24433827 5.5966287 97 91 71
-0.08262634 -0.24451242 5.5965915 98 91 70
-0.07549739 -0.2446684 5.5961747 99 91 69
-0.06839228 -0.24482228 5.5957108 99 93 69
-0.061258554 -0.24497771 5.595274 102 94 71
-0.054116488 -0.24513331 5.5948358 106 97 73
-0.046744347 -0.24530414 5.594706 109 100 76
-0.03923154 -0.24548414 5.594759 111 102 78
-0.031962633 -0.24564706 5.5944567 111 104 80
-0.024908304 -0.24579492 5.5938406 113 107 81
-0.017991781 -0.24593306 5.593021 113 108 82
-0.011063814 -0.24607156 5.5922055 114 109 82
-0.004164934 -0.24620773 5.591338 114 108 83
0.0027878284 -0.24634719 5.5905333 113 108 84
0.009807348 -0.24649079 5.589809 114 109 84
0.016629457 -0.24662067 5.588801 115 110 84
0.023702383 -0.24676712 5.588126 115 111 84
0.031026125 -0.24693003 5.587783 116 111 85
0.038298607 -0.24708906 5.587355 116 109 86
0.045725822 -0.24725805 5.5871263 116 108 86
0.053233862 -0.247432 5.5869927 114 106 86
0.060720205 -0.24760407 5.5868154 113 105 85
0.06847787 -0.24779378 5.586991 113 105 85
0.07648063 -0.24799934 5.587483 115 106 86
0.084447384 -0.24820195 5.587909 116 108 88
0.09237337 -0.24840131 5.588263 117 109 89
0.10021281 -0.24859443 5.5884843 116 109 88
0.10802245 -0.24878505 5.5886497 114 106 86
0.11566019 -0.24896374 5.588569 111 104 84
0.123309135 -0.24914272 5.5884876 110 105 84
0.13097548 -0.24932238 5.5884156 111 109 85
0.1383338 -0.24948125 5.5879188 112 110 86
0.14597273 -0.24965817 5.5877814 110 107 85
0.15382838 -0.2498489 5.5879164 108 104 82
0.16155076 -0.2500304 5.5878596 106 101 80
0.16949391 -0.2502259 5.5880795 105 101 78
0.17751193 -0.25042582 5.5883822 104 101 79
0.18553853 -0.25062576 5.5886793 106 102 79
0.1938796 -0.25084582 5.589373 107 103 82
0.2023871 -0.2510761 5.5902667 108 104 84
0.210603 -0.2512868 5.5907607 109 106 86
0.21851325 -0.251477 5.590838 109 106 87
0.2264173 -0.25166634 5.590893 108 104 86
0.2345357 -0.2518691 5.59121 106 101 84
0.24298143 -0.25209263 5.5919356 102 98 81
0.2512648 -0.252305 5.5924325 100 96 78
0.25927615 -0.25249925 5.5925612 100 96 78
0.2665944 -0.25264814 5.591781 105 100 81
0.27394724 -0.25279891 5.5910335 111 105 88
0.28144646 -0.25295871 5.5904613 111 107 90
0.2887261 -0.253104 5.589595 104 100 83
0.2961347 -0.2532572 5.588882 96 92 74
0.3035419 -0.25340986 5.588155 95 91 73
0.31096554 -0.2535632 5.5874357 99 95 77
0.31892323 -0.2537504 5.5873837 105 100 83
0.3274839 -0.25397578 5.588081 109 105 87
0.3363061 -0.25421727 5.589092 106 101 83
0.34518147 -0.25446153 5.5901494 94 90 72
0.35403943 -0.2547041 5.591166 87 83 65
0.36296153 -0.25495005 5.5922437 92 88 70
0.3718102 -0.2551908 5.59321 102 98 80
0.38064694 -0.25543013 5.5941424 106 100 84
0.38945222 -0.25566688 5.5950155 100 95 80
0.39777112 -0.25587225 5.5952644 90 86 70
0.40618825 -0.25608325 5.5956182 81 76 60
0.41480517 -0.25630638 5.5962043 81 77 60
0.4232061 -0.2565153 5.596504 93 89 73
0.43181396 -0.2567368 5.5970445 103 99 83
0.44045806 -0.25695994 5.5976114 98 93 77
0.44898725 -0.2571754 5.59802 82 77 60
0.45788693 -0.2574135 5.598867 70 66 49
0.46717095 -0.25767517 5.6001673 68 65 50
0.47646737 -0.25793692 5.6014614 75 73 58
0.485749 -0.25819716 5.602718 84 81 66
0.49488854 -0.25844786 5.6037803 86 84 69
0.5038593 -0.25868735 5.6046176 79 77 62
0.51264405 -0.25891468 5.6052103 68 66 51
0.5212271 -0.2591289 5.6055408 64 62 48
0.5295265 -0.25932494 5.6055107 70 68 53
0.5369303 -0.25946483 5.6043835 82 80 65
0.5442517 -0.25959924 5.603145 96 93 78
0.5518067 -0.25974786 5.6021786 99 97 81
0.5590842 -0.2598789 5.600867 90 88 71
0.56667686 -0.26002917 5.599923 79 77 59
0.5742066 -0.26017508 5.5988913 81 79 61
0.58150077 -0.26030615 5.597568 92 90 74
0.58926415 -0.26046583 5.5967937 100 96 81
0.59767365 -0.2606648 5.596775 99 95 82
0.6061256 -0.26086593 5.5967917 93 89 76
-0.39337397 -0.23152362 5.6053233 122 114 87
-0.38566065 -0.23173709 5.606451 122 114 87
-0.37765646 -0.23197062 5.6080084 121 113 86
-0.3698535 -0.23218916 5.609234 120 113 85
-0.3622148 -0.23239547 5.6101856 118 112 83
-0.35475874 -0.23258823 5.6108375 117 111 82
-0.34728646 -0.23278154 5.6114955 118 111 83
-0.34007072 -0.23295626 5.611744 116 108 81
-0.33284974 -0.23313083 5.6119833 108 100 72
-0.3256259 -0.2333051 5.6122108 97 90 61
-0.31868625 -0.23345886 5.61199 94 87 57
-0.31151962 -0.23362812 5.6121 102 94 63
-0.30426264 -0.23380326 5.6123314 109 100 70
-0.29710627 -0.23397087 5.6123943 109 100 71
-0.2898252 -0.23414665 5.61263 105 97 67
-0.2827866 -0.23430508 5.6124845 103 95 67
-0.2760322 -0.23444322 5.611897 103 93 66
-0.26916027 -0.23458914 5.6114736 102 92 65
-0.26222086 -0.23473933 5.611138 100 92 64
-0.25521064 -0.23489405 5.6108937 99 91 63
-0.24812913 -0.23505326 5.610742 99 91 63
-0.24117184 -0.23520339 5.610391 101 92 64
-0.23423219 -0.23535192 5.61 102 93 65
-0.22732615 -0.23549768 5.609546 103 95 67
-0.22029853 -0.23565142 5.6092587 104 95 67
-0.21326733 -0.23580498 5.6089625 104 96 68
-0.20650196 -0.23593985 5.608261 105 96 68
-0.19959927 -0.23608376 5.6077495 106 97 69
-0.1927023 -0.23622686 5.607216 106 97 69
-0.18603921 -0.23635355 5.6063285 104 95 69
-0.17932415 -0.23648348 5.6055055 102 93 68
-0.17263389 -0.23661134 5.6046343 97 89 66
-0.16601896 -0.2367337 5.6036425 94 87 66
-0.15923 -0.23686756 5.602891 98 92 71
-0.1523428 -0.23700775 5.6022706 107 101 81
-0.14553475 -0.23714215 5.601523 112 106 88
-0.13869405 -0.23727837 5.6008105 109 103 86
-0.13178396 -0.237419 5.600186 103 98 82
-0.1247046 -0.2375706 5.599791 102 97 82
-0.117641926 -0.23772067 5.599359 103 98 83
-0.11052394 -0.23787409 5.598993 103 98 83
-0.103271246 -0.23803611 5.598805 102 99 81
-0.09618044 -0.23818685 5.5983725 101 97 78
-0.08887315 -0.23835167 5.598234 100 95 77
-0.08148122 -0.23852175 5.598201 99 93 74
-0.07436037 -0.2386732 5.5977693 98 91 71
-0.06725812 -0.23882298 5.5972986 98 92 69
-0.060122967 -0.23897456 5.5968614 100 93 71
-0.05301261 -0.2391241 5.5963755 105 97 74
-0.045717478 -0.23928548 5.596135 109 101 78
-0.038280725 -0.2394559 5.59608 113 104 80
-0.031056166 -0.23961173 5.5957127 114 105 81
-0.023994446 -0.23975635 5.595105 114 107 81
-0.017050505 -0.23989277 5.5943213 114 107 80
-0.010119438 -0.24002801 5.593508 114 107 80
-0.0032362938 -0.24015969 5.5926166 114 107 81
0.0037193298 -0.24029578 5.5918136 114 107 82
0.010800362 -0.2404398 5.5911717 115 108 82
0.017716646 -0.24057256 5.5902905 115 108 82
0.024892807 -0.24072208 5.589755 114 107 81
0.03222704 -0.24088153 5.589423 113 106 80
0.03954053 -0.24103923 5.589049 113 104 81
0.047030926 -0.24120805 5.588903 113 103 82
0.054605246 -0.24138194 5.5888567 113 103 82
0.062135458 -0.24155246 5.588735 113 103 82
0.06990433 -0.24173807 5.5889225 113 103 82
0.07790923 -0.24193856 5.5894136 112 102 81
0.08587432 -0.24213594 5.5898337 111 102 82
0.09381294 -0.24233107 5.5902014 111 103 82
0.10167384 -0.24252068 5.5904484 112 103 83
0.10952973 -0.24270943 5.590672 113 104 83
0.117227316 -0.24288744 5.5906677 112 104 83
0.12490821 -0.24306393 5.590626 111 106 83
0.13264585 -0.2432436 5.590645 110 106 82
0.14011383 -0.24340546 5.5902896 108 105 81
0.14784932 -0.24358408 5.5902762 107 103 80
0.15576196 -0.2437736 5.5904818 106 100 78
0.16352248 -0.24395287 5.5904713 105 100 78
0.17147398 -0.24414392 5.5906973 105 101 79
0.1795013 -0.24433932 5.591007 106 102 80
0.1875155 -0.24453335 5.591283 107 103 80
0.19581246 -0.24474491 5.5919137 109 103 82
0.20426798 -0.24496609 5.592735 110 104 83
0.21241736 -0.24516717 5.5931373 110 105 85
0.22028136 -0.24534959 5.59315 112 107 87
0.22794342 -0.24551873 5.5928855 112 107 88
0.23582244 -0.24570115 5.592888 112 105 88
0.24386835 -0.24589372 5.593092 110 104 86
0.25218463 -0.24610284 5.59363 108 103 84
0.2602527 -0.24629578 5.5938296 108 103 83
0.26765466 -0.24644624 5.593156 110 105 84
0.2751019 -0.24659908 5.5925264 113 108 86
0.28269744 -0.24676092 5.592076 114 109 89
0.29007435 -0.24690859 5.591331 113 108 88
0.29757595 -0.24706371 5.590734 111 106 86
0.30508184 -0.2472187 5.5901294 110 105 85
0.31258368 -0.24737303 5.5895066 110 104 85
0.32060838 -0.24755968 5.5895357 110 105 86
0.32924247 -0.24778388 5.5903225 111 106 85
0.33810735 -0.24802192 5.5913825 111 106 85
0.34696698 -0.24825901 5.5924163 108 103 83
0.35586572 -0.24849793 5.59348 106 101 82
0.36481452 -0.24873938 5.594588 106 101 81
0.3737018 -0.24897638 5.5955977 106 101 82
0.3826115 -0.2492142 5.5966177 107 101 82
0.39149737 -0.2494499 5.597587 105 99 82
0.39988494 -0.24965423 5.5979166 104 98 81
0.40837026 -0.24986407 5.598351 103 96 77
0.41702628 -0.25008392 5.59898 103 96 77
0.42545247 -0.25028908 5.599307 104 98 80
0.4340999 -0.25050732 5.5998907 105 100 81
0.44272733 -0.25072375 5.600432 100 94 76
0.451226 -0.25093177 5.6007967 93 87 69
0.46012187 -0.2511636 5.601634 89 83 65
0.4693997 -0.25141826 5.6029215 89 84 66
0.47864318 -0.25167015 5.604146 92 89 70
0.48777795 -0.2519148 5.6052184 95 91 73
0.49685073 -0.25215504 5.6061945 92 88 72
0.5058687 -0.25239134 5.607085 84 80 64
0.5147369 -0.25261796 5.6077747 75 72 55
0.5234425 -0.25283417 5.608249 75 72 54
0.53186536 -0.25303268 5.6083636 82 79 61
0.5393746 -0.2531753 5.607358 93 91 73
0.5467651 -0.25331044 5.606199 104 101 84
0.5542929 -0.25345352 5.6051936 103 99 83
0.56151605 -0.25357786 5.6038113 89 84 70
0.5690415 -0.2537201 5.6027803 76 71 57
0.5764916 -0.2538575 5.6016493 80 75 63
0.58367515 -0.2539785 5.600189 96 91 79
0.59129024 -0.25412515 5.599233 103 99 86
0.5995424 -0.25430962 5.599023 98 92 81
0.6078155 -0.25449494 5.598823 84 79 68
-0.37762094 -0.22607043 5.6080317 125 118 90
-0.36974454 -0.22628851 5.60937 125 118 89
-0.36195517 -0.22649996 5.6105537 123 117 87
-0.35435462 -0.22669777 5.6114273 122 115 86
-0.34673357 -0.22689644 5.6123137 123 115 87
-0.3393817 -0.22707602 5.6127687 122 114 86
-0.33204794 -0.22725382 5.6131787 115 107 78
-0.32469964 -0.22743212 5.6135945 104 98 68
-0.3176577 -0.22758892 5.613527 101 96 65
-0.31041384 -0.22775906 5.613751 109 103 72
-0.30309343 -0.22793397 5.614075 116 109 79
-0.29588342 -0.22810085 5.614216 117 110 80
-0.28854036 -0.22827633 5.6145415 114 107 77
-0.28142428 -0.22843584 5.614509 113 106 78
-0.27468753 -0.22856915 5.6138916 113 106 78
-0.26782775 -0.22871041 5.6134458 112 104 77
-0.26092386 -0.2288543 5.6130533 108 101 74
-0.2539394 -0.22900319 5.612767 107 100 72
-0.2468381 -0.22915956 5.6126413 107 100 72
-0.23985648 -0.22930744 5.6123233 109 102 74
-0.23291087 -0.22945246 5.6119375 110 103 75
-0.22602773 -0.22959289 5.611446 110 104 76
-0.21903682 -0.2297401 5.6110997 111 103 76
-0.21201873 -0.2298888 5.610781 111 104 76
-0.20524812 -0.23002043 5.610084 112 105 77
-0.19834852 -0.23016039 5.6095643 115 107 78
-0.19145417 -0.23029959 5.6090245 115 106 78
-0.1848073 -0.23042187 5.6081095 111 103 77
-0.17811322 -0.23054698 5.607252 105 98 75
-0.17143226 -0.23067087 5.6063643 100 93 73
-0.164855 -0.23078752 5.6053143 100 94 75
-0.15809965 -0.23091562 5.6045113 105 101 82
-0.1512425 -0.23105015 5.6038446 116 111 94
-0.1444645 -0.23117906 5.6030507 123 117 102
-0.13762856 -0.23131146 5.602329 120 116 102
-0.13070631 -0.23144919 5.601719 115 112 99
-0.12362862 -0.23159675 5.6013193 114 111 100
-0.11654687 -0.23174417 5.6009116 115 112 102
-0.10940266 -0.23189531 5.60058 115 112 102
-0.10212922 -0.23205449 5.6004186 113 112 98
-0.09500551 -0.23220345 5.6000304 111 110 94
-0.087691545 -0.23236442 5.5998983 109 107 91
-0.08030176 -0.23252994 5.5998588 109 106 88
-0.07317448 -0.23267785 5.599434 108 104 85
-0.06606388 -0.23282431 5.598972 108 103 82
-0.058929205 -0.23297188 5.598531 107 100 80
-0.05188775 -0.23311304 5.5979447 106 99 77
-0.044644117 -0.23326689 5.59763 107 100 78
-0.037278414 -0.23342827 5.597472 111 101 78
-0.030118227 -0.23357591 5.5970125 112 102 79
-0.023083448 -0.23371503 5.5963655 111 102 77
-0.016141176 -0.23384783 5.5955772 109 101 75
-0.009150505 -0.23398338 5.5948443 109 101 74
-0.002191782 -0.2341165 5.5940547 109 101 75
0.0048041344 -0.23425165 5.593305 109 101 76
0.011952639 -0.23439622 5.5927534 110 102 76
0.018955946 -0.23453113 5.59199 110 102 76
0.026135445 -0.23467691 5.5914555 109 101 75
0.033544064 -0.23483701 5.591223 108 100 74
0.04093671 -0.23499563 5.5909534 108 98 74
0.048503637 -0.23516493 5.5909076 108 97 75
0.056153536 -0.23533908 5.590961 109 98 76
0.06373811 -0.23550859 5.5909095 109 98 76
0.07151866 -0.23569013 5.591109 109 98 77
0.07953286 -0.235886 5.5916085 108 97 76
0.087502 -0.23607847 5.59203 107 97 76
0.095461845 -0.23626988 5.592423 107 97 75
0.10335684 -0.23645666 5.592711 109 98 76
0.111223936 -0.23664117 5.592945 111 100 78
0.11898875 -0.23681878 5.5930266 111 101 79
0.12676787 -0.2369968 5.593112 109 101 78
0.13456869 -0.23717576 5.59321 106 100 77
0.14213634 -0.23733959 5.592983 103 97 74
0.14993906 -0.23751771 5.593054 102 96 73
0.15787482 -0.2377037 5.5932856 102 95 72
0.16561794 -0.23787719 5.593246 102 95 73
0.17353344 -0.23806092 5.593419 102 96 74
0.18154025 -0.23824994 5.593697 103 96 74
0.1895175 -0.2384366 5.5939193 104 97 74
0.19775772 -0.2386391 5.5944715 104 97 75
0.20617032 -0.23885179 5.5952306 105 97 75
0.2142663 -0.23904432 5.5955586 105 98 77
0.22203517 -0.23921609 5.5954437 107 100 78
0.22962737 -0.23937647 5.595083 108 101 79
0.23712802 -0.23953077 5.5945907 108 100 80
0.24497747 -0.23970619 5.594537 107 100 80
0.25303745 -0.23989415 5.594741 109 103 81
0.26118565 -0.24008705 5.595042 112 106 84
0.26870823 -0.24024099 5.594521 114 109 85
0.27628136 -0.24039763 5.594052 114 109 85
0.2839985 -0.2405627 5.5937543 114 108 85
0.2914927 -0.2407137 5.5931573 115 110 89
0.299098 -0.24087115 5.5926895 117 111 91
0.30670285 -0.24102809 5.5922074 116 110 90
0.3142755 -0.24118276 5.5916715 114 107 88
0.32233548 -0.24136664 5.5917416 112 105 85
0.33100224 -0.24158703 5.5925655 110 105 83
0.33983302 -0.2418168 5.5935783 111 106 84
0.3486719 -0.24204646 5.594582 112 107 87
0.35758138 -0.24227984 5.5956554 113 108 88
0.366534 -0.24251525 5.596764 112 107 86
0.37546134 -0.24274856 5.5978203 109 104 83
0.38445497 -0.24298523 5.5989404 108 101 82
0.3934214 -0.24321966 5.600007 108 101 82
0.40188766 -0.24342345 5.6004305 110 103 84
0.4104488 -0.24363235 5.600954 112 105 85
0.4191606 -0.24384981 5.6016483 112 105 85
0.42763877 -0.2440527 5.6020346 109 103 83
0.4363339 -0.2442681 5.602672 106 101 81
0.4450004 -0.24448124 5.603256 104 98 78
0.4534862 -0.24468303 5.603601 104 97 78
0.46228242 -0.24490286 5.6043105 104 98 78
0.4714396 -0.24514368 5.605445 105 100 79
0.4805882 -0.24538337 5.606549 106 102 81
0.4896996 -0.24562027 5.6075873 105 101 82
0.49868703 -0.24584922 5.608456 102 97 79
0.507478 -0.2460659 5.6090655 96 92 73
0.51642966 -0.24629158 5.609853 92 88 68
0.525295 -0.24651162 5.6105175 93 89 69
0.53388476 -0.24671483 5.6108303 98 94 75
0.5415771 -0.24686453 5.6100416 105 102 82
0.5491197 -0.24700505 5.609061 111 107 88
0.5566976 -0.24714725 5.6081104 108 103 86
0.56394124 -0.24726947 5.6067467 97 91 77
0.57143855 -0.24740627 5.6056776 88 81 68
0.5788305 -0.2475366 5.6044717 91 85 73
0.5859158 -0.2476486 5.6028886 103 97 84
0.5934789 -0.2477883 5.6018653 107 102 89
0.6016686 -0.2479643 5.601577 101 95 83
-0.36975121 -0.22038025 5.6093283 128 122 93
-0.3618605 -0.220593 5.6106687 126 120 91
-0.35414314 -0.22079352 5.611722 124 117 89
-0.34638548 -0.22099614 5.612818 125 117 89
-0.338897 -0.22118013 5.613481 125 116 88
-0.3314526 -0.22136068 5.6140594 119 112 82
-0.3239901 -0.22154191 5.614647 112 106 75
-0.31685686 -0.22170064 5.6147165 111 107 75
-0.30954456 -0.22187087 5.615042 118 115 85
-0.30216002 -0.22204542 5.6154613 126 121 92
-0.29489613 -0.22221142 5.615681 128 124 95
-0.28748918 -0.22238648 5.6161003 128 122 93
-0.28034163 -0.22254382 5.616112 128 123 95
-0.27355385 -0.22267693 5.6155686 129 123 96
-0.2666793 -0.22281542 5.6151423 126 120 95
-0.2597239 -0.2229588 5.6148233 121 115 91
-0.25274634 -0.22310327 5.614524 119 113 88
-0.24566984 -0.22325383 5.6143575 120 114 88
-0.2387116 -0.22339621 5.6140013 123 118 90
-0.23181033 -0.22353444 5.6135473 123 118 90
-0.22494268 -0.2236701 5.6130295 122 117 90
-0.21800113 -0.22381018 5.612609 122 116 90
-0.21102619 -0.22395205 5.612223 123 117 90
-0.20426035 -0.22407989 5.6115165 125 119 91
-0.19739342 -0.22421399 5.6109467 128 121 93
-0.19051147 -0.22434865 5.6103854 127 120 92
-0.1838665 -0.22446755 5.609465 121 114 89
-0.17715693 -0.2245903 5.608628 113 108 86
-0.17042542 -0.22471415 5.607811 108 104 85
-0.16379666 -0.22483101 5.606833 109 105 89
-0.15699792 -0.22495851 5.606091 114 111 96
-0.1501019 -0.22509193 5.6054773 124 119 106
-0.14332318 -0.22521743 5.604681 130 125 114
-0.13650131 -0.22534537 5.603936 129 127 116
-0.12958312 -0.22547913 5.603317 127 126 116
-0.12253237 -0.22562104 5.602876 127 126 118
-0.11545992 -0.22576395 5.6024528 127 126 119
-0.108319044 -0.22591084 5.6021132 126 126 119
-0.10106826 -0.22606435 5.6019173 124 125 114
-0.09395814 -0.22620845 5.6015067 123 124 110
-0.086669445 -0.22636354 5.601336 122 123 108
-0.07929206 -0.22652386 5.601277 123 123 107
-0.07214713 -0.22666897 5.6008735 125 124 107
-0.06499863 -0.22681388 5.600463 125 121 102
-0.05782962 -0.22695975 5.600067 119 113 95
-0.050768375 -0.22709835 5.5995064 111 104 85
-0.043543577 -0.22724694 5.5991626 107 99 79
-0.036220074 -0.22740135 5.5989428 108 99 77
-0.029114962 -0.22754158 5.5984035 109 100 76
-0.022127628 -0.22767402 5.597688 108 99 74
-0.01519227 -0.22780283 5.596888 107 98 72
-0.008189917 -0.2279355 5.5961685 106 97 72
-0.0011847019 -0.228068 5.595442 107 98 73
0.0058968067 -0.22820489 5.5948076 107 98 73
0.013087511 -0.22834826 5.594311 106 98 73
0.02010107 -0.2284802 5.5935593 106 98 73
0.027340889 -0.22862586 5.5931053 106 98 73
0.034819603 -0.22878604 5.5929646 106 98 72
0.042290688 -0.22894529 5.5927997 106 97 72
0.049952507 -0.229116 5.5928807 107 95 72
0.05770445 -0.2292918 5.5930686 107 95 73
0.06537461 -0.22946206 5.5931296 108 95 73
0.07320857 -0.22964203 5.5933976 108 97 74
0.08125639 -0.22983474 5.5939384 109 97 75
0.089241266 -0.23002303 5.594377 109 98 75
0.09720707 -0.23020968 5.594773 109 98 74
0.105118036 -0.23039246 5.5950785 110 98 74
0.11297059 -0.23057114 5.595289 111 98 76
0.120756626 -0.23074527 5.5953946 111 99 76
0.12860036 -0.23092248 5.5955615 108 97 75
0.13649344 -0.23110226 5.595779 103 95 73
0.14414167 -0.23126657 5.5956535 100 93 71
0.15196371 -0.23144108 5.595745 100 94 72
0.15988827 -0.2316214 5.595957 102 94 72
0.16763711 -0.23179054 5.59592 102 95 73
0.17553663 -0.23196839 5.596067 101 94 72
0.18351936 -0.23215082 5.596308 101 93 71
0.19145727 -0.23233008 5.596474 100 92 70
0.19961643 -0.23252226 5.596915 100 92 69
0.20793295 -0.23272346 5.597544 101 92 70
0.21593237 -0.232905 5.5977416 100 92 72
0.22370362 -0.23307231 5.5976253 101 94 71
0.23127675 -0.2332272 5.597236 101 94 71
0.23868656 -0.2333719 5.596622 101 93 70
0.24620461 -0.23352271 5.596134 102 94 72
0.25405502 -0.2336931 5.596064 106 99 76
0.26205134 -0.23387179 5.5961676 112 106 82
0.2696998 -0.23402919 5.5958066 115 109 84
0.27739358 -0.23418891 5.5954905 113 108 82
0.28522706 -0.23435655 5.5953403 111 105 81
0.29283285 -0.23451017 5.594883 112 106 84
0.3005216 -0.23466834 5.5945187 113 108 87
0.30821562 -0.23482646 5.5941477 113 107 87
0.31585503 -0.2349809 5.5936933 111 105 85
0.32394838 -0.23516187 5.5938015 110 104 82
0.33263493 -0.23537757 5.594647 108 102 81
0.34140706 -0.23559773 5.5955815 108 103 81
0.35019112 -0.2358181 5.596513 109 104 83
0.35906863 -0.2360434 5.597543 110 105 85
0.3679917 -0.2362708 5.5986104 110 106 85
0.3769362 -0.23649892 5.5996857 110 104 84
0.3859985 -0.23673338 5.6008883 109 103 82
0.39503407 -0.23696566 5.602038 108 101 80
0.40358853 -0.23716915 5.602567 109 102 81
0.41225028 -0.2373784 5.603213 111 105 83
0.4210608 -0.23759583 5.6040254 111 105 84
0.42963386 -0.23779887 5.6045246 109 104 83
0.43840623 -0.238013 5.6052537 108 104 82
0.44710612 -0.23822239 5.605875 109 104 82
0.45556235 -0.23841706 5.606178 111 105 84
0.4642861 -0.23862678 5.606793 112 106 84
0.47336078 -0.23885639 5.6078224 113 107 85
0.48233533 -0.23907958 5.6087084 113 108 86
0.49122787 -0.2392975 5.609476 112 107 87
0.5001719 -0.23951785 5.6102877 110 106 86
0.50890326 -0.23972538 5.6108217 109 105 84
0.517606 -0.2399307 5.6113033 110 105 83
0.52652 -0.24014772 5.6120243 110 106 83
0.53525615 -0.24035399 5.612512 111 107 86
0.54315543 -0.24051154 5.6119704 112 108 88
0.550905 -0.24066019 5.6112356 113 109 89
0.5586121 -0.24080601 5.610437 112 107 87
0.56596637 -0.24093123 5.6092024 109 103 85
0.5735004 -0.24106644 5.608173 108 100 83
0.58100295 -0.24119952 5.6070943 108 101 85
-0.361758 -0.21468678 5.610796 128 122 93
-0.35390925 -0.21489048 5.6120505 125 119 91
-0.3460033 -0.21509737 5.6133738 125 119 91
-0.3383789 -0.2152853 5.6142445 125 118 91
-0.33082795 -0.21546789 5.6149845 121 114 85
-0.3233137 -0.21564756 5.6156497 115 110 80
-0.31615448 -0.21580368 5.615757 115 111 81
-0.30884147 -0.21596932 5.616082 122 119 91
-0.3014593 -0.21613899 5.616496 130 127 100
-0.2941811 -0.21630143 5.616735 134 130 103
-0.2867453 -0.21647361 5.6171966 133 129 102
-0.2795434 -0.21663019 5.617288 135 130 104
-0.272686 -0.21676415 5.6168466 136 132 107
-0.26570582 -0.21690562 5.6165767 134 129 106
-0.25865412 -0.21705127 5.616399 128 123 101
-0.25165248 -0.21719334 5.6161323 126 121 98
-0.2445972 -0.21733841 5.6159315 128 123 98
-0.23764968 -0.21747619 5.6155567 131 128 100
-0.23078132 -0.21760854 5.6150503 131 128 100
-0.22393131 -0.21773933 5.614504 130 126 100
-0.21703959 -0.21787243 5.614007 130 126 100
-0.21012902 -0.21800634 5.6135235 132 127 101
-0.20341873 -0.21812716 5.6127334 134 129 102
-0.1965642 -0.21825677 5.6121426 136 130 103
-0.18970037 -0.21838664 5.611553 134 128 101
-0.18305612 -0.21850225 5.61063 127 122 97
-0.17630029 -0.21862458 5.609858 118 115 95
-0.16945934 -0.21875192 5.6091986 115 114 96
-0.16268015 -0.21887505 5.608437 118 118 102
-0.15573335 -0.21900836 5.607906 123 122 109
-0.1487081 -0.2191462 5.6074758 127 126 114
-0.14186549 -0.21927226 5.6067686 130 130 118
-0.13503313 -0.21939732 5.606035 131 131 121
-0.12811327 -0.2195275 5.6054144 130 132 123
-0.121093035 -0.21966353 5.6049247 130 132 125
-0.114044905 -0.21980098 5.6044626 130 131 125
-0.1069479 -0.21994108 5.6040573 129 131 124
-0.0997901 -0.2200846 5.603725 127 131 121
-0.09277654 -0.22021875 5.6031733 127 131 119
-0.08560014 -0.22036263 5.602841 127 130 117
-0.07830143 -0.2205137 5.6026673 130 132 118
-0.07118082 -0.22065333 5.6022277 134 134 120
-0.06401372 -0.22079544 5.60184 134 132 117
-0.056741 -0.22094372 5.6015882 127 123 108
-0.049595833 -0.22108372 5.601143 117 111 95
-0.042322397 -0.2212312 5.6008635 111 104 86
-0.034972906 -0.22138298 5.600677 111 103 83
-0.027876616 -0.22151881 5.600123 113 105 82
-0.02093029 -0.22164509 5.599347 112 104 80
-0.014000893 -0.22177 5.598536 112 103 79
-0.0069932938 -0.22189933 5.5978208 112 103 79
3.4093857E-05 -0.22202955 5.5971212 114 105 80
0.0071361065 -0.22216395 5.596513 114 105 80
0.014331579 -0.22230369 5.59602 113 105 80
0.021352768 -0.22243243 5.595275 113 104 80
0.028609037 -0.2225751 5.59484 113 104 80
0.03612566 -0.2227332 5.5947495 113 104 80
0.043658018 -0.22289181 5.5946646 112 103 79
0.051404 -0.2230629 5.594857 113 101 78
0.05925393 -0.22323981 5.5951753 113 101 78
0.067038774 -0.22341232 5.595388 114 102 79
0.07497287 -0.22359335 5.595787 114 103 80
0.08310413 -0.22378577 5.5964365 114 103 81
0.0911386 -0.2239719 5.5969377 114 104 80
0.09912348 -0.22415453 5.5973544 114 104 79
0.107052326 -0.22433332 5.597679 115 104 79
0.11490178 -0.22450688 5.5978804 115 103 80
0.1227119 -0.22467764 5.5980134 114 103 80
0.1306026 -0.22485277 5.5982385 109 99 79
0.1385274 -0.22502947 5.5984926 103 95 77
0.1462245 -0.22519214 5.598428 102 95 77
0.1540513 -0.22536212 5.5985203 106 101 82
0.16194105 -0.22553536 5.5986805 110 105 85
0.16965461 -0.22569773 5.598592 112 106 87
0.17750335 -0.22586766 5.598667 109 104 86
0.18545556 -0.22604328 5.598863 107 101 83
0.19338489 -0.22621709 5.599013 105 99 81
0.20152831 -0.22640304 5.5994277 104 98 79
0.20983481 -0.22659814 5.6000395 104 98 80
0.21780181 -0.22677277 5.60019 105 98 81
0.22551847 -0.22693224 5.599998 104 98 80
0.23313141 -0.22708522 5.599657 104 98 78
0.24057579 -0.2272279 5.5990825 103 97 77
0.24797058 -0.22736733 5.598431 103 97 76
0.2557099 -0.22752653 5.5982122 106 99 78
0.26350284 -0.22768848 5.598049 109 103 79
0.27102113 -0.22783396 5.597518 110 104 79
0.27876282 -0.22799209 5.5972605 108 103 77
0.28664207 -0.22815782 5.597165 107 101 76
0.29430962 -0.2283108 5.596784 106 100 77
0.30205178 -0.22846775 5.5964847 107 101 79
0.30980825 -0.22862509 5.596189 107 101 79
0.31752944 -0.22878005 5.595835 107 101 79
0.32569218 -0.22896008 5.5960283 106 100 78
0.3344369 -0.22917318 5.596943 106 100 77
0.3432064 -0.22938721 5.597871 107 100 77
0.35195732 -0.22959962 5.598756 107 101 78
0.3608215 -0.22981802 5.5997643 107 102 80
0.36973023 -0.23003837 5.60081 109 103 81
0.37868905 -0.23026107 5.6018996 110 104 82
0.38780332 -0.23049212 5.6031637 111 104 82
0.39686322 -0.23071945 5.6043396 110 103 80
0.40545583 -0.23091954 5.6049123 110 103 80
0.4141605 -0.2311255 5.6056066 111 105 81
0.42302108 -0.23133984 5.606477 111 105 82
0.43164897 -0.23154041 5.6070404 112 106 83
0.44045663 -0.2317507 5.607808 112 106 83
0.44916224 -0.23195463 5.6084313 113 108 85
0.4575913 -0.2321424 5.6086965 115 108 85
0.46627355 -0.23234406 5.6092567 113 106 84
0.47530532 -0.23256494 5.6102276 111 104 82
0.4842193 -0.23277864 5.611036 109 103 81
0.49302316 -0.23298557 5.6116905 108 102 82
0.5017817 -0.23318946 5.6122723 109 103 83
0.5104201 -0.23338608 5.6126895 111 105 84
0.5191448 -0.23358707 5.6131945 114 108 85
0.52798724 -0.23379417 5.613826 114 108 84
0.53662515 -0.23398927 5.6141906 112 107 85
0.54458785 -0.23414613 5.6137238 110 105 83
0.5524695 -0.23429802 5.6131444 108 103 82
-0.35382414 -0.2089777 5.612151 126 121 94
-0.3457563 -0.20918918 5.613722 126 121 95
-0.33796835 -0.20938227 5.614843 126 121 95
-0.33028388 -0.2095683 5.615786 121 115 88
-0.32272196 -0.209746 5.6165233 114 108 81
-0.3155687 -0.2098974 5.6166196 113 108 81
-0.30829453 -0.210056 5.6168847 122 117 92
-0.30097032 -0.21021731 5.617209 130 125 101
-0.29373503 -0.21037255 5.6173825 132 127 104
-0.2863326 -0.21053782 5.617792 130 125 102
-0.27911592 -0.21069099 5.6179056 132 127 104
-0.2721436 -0.21082844 5.6176357 134 130 108
-0.26504612 -0.21097331 5.61754 132 128 107
-0.2578709 -0.21112266 5.6175456 127 123 102
-0.25081182 -0.2112643 5.617363 126 121 99
-0.24376297 -0.21140492 5.6171503 129 124 99
-0.23681211 -0.21153906 5.616779 133 129 101
-0.22995591 -0.21166694 5.616252 133 129 101
-0.2231431 -0.21179178 5.6156487 132 128 102
-0.21628761 -0.21191888 5.615095 133 128 104
-0.20944524 -0.21204485 5.61451 135 129 105
-0.20281386 -0.2121574 5.613602 136 131 105
-0.19603181 -0.21227895 5.612904 135 130 105
-0.18915129 -0.21240623 5.6123376 132 128 102
-0.18238878 -0.21252586 5.611586 125 123 99
-0.17551637 -0.21265195 5.610983 118 120 100
-0.16847634 -0.21278794 5.6106105 118 121 104
-0.16141868 -0.21292466 5.610251 122 126 110
-0.15420485 -0.2130705 5.610104 125 128 113
-0.14694643 -0.21321869 5.6100063 125 129 114
-0.13997483 -0.21334897 5.6094804 124 128 115
-0.13311958 -0.2134718 5.608774 124 128 117
-0.12620473 -0.21359794 5.6081414 124 128 118
-0.11923003 -0.21372736 5.6075816 124 128 119
-0.11223745 -0.21385752 5.6070347 123 127 118
-0.10521674 -0.21398899 5.6065154 122 127 117
-0.09819102 -0.21412042 5.60599 121 127 116
-0.091323614 -0.21424195 5.6052265 122 127 116
-0.08430195 -0.2143724 5.60467 124 127 117
-0.07713103 -0.21451151 5.6043124 127 129 119
-0.07008934 -0.2146425 5.603759 131 132 121
-0.062962055 -0.21477823 5.603312 131 131 120
-0.055663824 -0.21492386 5.603093 128 125 114
-0.04837227 -0.2150687 5.602851 122 118 105
-0.04104066 -0.21521553 5.60265 119 115 98
-0.033640623 -0.21536602 5.602531 120 115 95
-0.026539803 -0.2154983 5.60198 123 117 94
-0.01964426 -0.215618 5.60113 124 116 93
-0.012731791 -0.21573833 5.6002917 125 116 93
-0.0057418346 -0.21586299 5.599549 126 118 95
0.0012691021 -0.21598852 5.5988235 128 120 96
0.008347511 -0.21611774 5.5981793 128 120 98
0.015494347 -0.21625066 5.597617 128 119 96
0.02247119 -0.21637315 5.5968075 128 118 96
0.029717445 -0.21651123 5.5963564 128 118 96
0.037255764 -0.21666616 5.5962925 127 117 96
0.044829845 -0.21682276 5.5962625 126 116 93
0.052639484 -0.21699281 5.5965385 125 115 91
0.060562372 -0.21716906 5.596953 125 115 90
0.06845355 -0.21734294 5.5973067 126 116 91
0.07652187 -0.21752678 5.5978847 125 116 92
0.08478284 -0.21772137 5.5987062 124 115 92
0.09291625 -0.21790801 5.599336 123 115 91
0.10095644 -0.2180887 5.599823 122 114 91
0.10892177 -0.2182646 5.600192 122 114 91
0.11679244 -0.21843445 5.6004176 122 114 91
0.12465286 -0.21860331 5.600613 120 113 91
0.13260388 -0.218777 5.600914 115 108 88
0.14056015 -0.21895051 5.6012053 108 104 87
0.14828634 -0.21911022 5.601174 109 106 91
0.15610027 -0.21927463 5.601244 118 116 101
0.16395068 -0.2194407 5.601347 125 124 108
0.17162204 -0.21959603 5.6011977 128 126 112
0.17942476 -0.21975848 5.601207 124 123 110
0.187356 -0.21992792 5.6013703 120 119 107
0.19531989 -0.2200988 5.601561 117 117 104
0.20352387 -0.22028299 5.6020513 116 115 103
0.21190476 -0.2204768 5.602755 116 115 104
0.2199254 -0.22064956 5.602971 118 115 105
0.2276504 -0.22080494 5.602784 117 114 103
0.23525405 -0.22095302 5.6024256 117 113 100
0.24274492 -0.22109433 5.601907 117 113 98
0.25011134 -0.22122812 5.6012135 115 111 95
0.25768232 -0.22137323 5.6007724 112 107 89
0.2653799 -0.22152515 5.6004806 107 102 80
0.27270603 -0.22165564 5.599697 104 98 75
0.28023458 -0.22179721 5.5991616 103 98 73
0.28807855 -0.22195628 5.5990176 104 98 74
0.2957356 -0.22210437 5.5986195 104 98 74
0.30347228 -0.2222566 5.59831 103 97 73
0.31125093 -0.22241078 5.5980396 103 97 73
0.31904888 -0.22256567 5.59778 105 99 75
0.32730484 -0.22274587 5.5980883 106 100 76
0.33615613 -0.22295903 5.599135 109 101 77
0.34500027 -0.2231712 5.6001525 110 101 77
0.35378122 -0.22337934 5.6010714 111 102 77
0.36267972 -0.2235935 5.6021194 111 102 78
0.37161136 -0.22380894 5.603189 111 103 79
0.38058734 -0.22402637 5.6042957 113 104 80
0.38971543 -0.22425169 5.6055727 113 105 81
0.39874482 -0.22447094 5.606706 114 107 83
0.40731597 -0.22466421 5.6072474 114 108 83
0.41601872 -0.22486427 5.607936 115 108 82
0.42490172 -0.22507387 5.608831 116 108 82
0.4335568 -0.22527026 5.6094227 117 109 83
0.4423735 -0.22547515 5.610197 116 109 83
0.45107102 -0.22567289 5.6108065 116 108 84
0.45948768 -0.22585471 5.611052 115 105 83
0.46817422 -0.22605088 5.6116123 110 101 79
0.4772241 -0.22626658 5.6126027 104 96 74
0.48613954 -0.22647434 5.6134076 100 93 71
0.49490952 -0.2266736 5.614017 99 93 71
0.50364375 -0.22687043 5.614564 101 94 72
0.5121205 -0.22705267 5.614781 103 95 74
0.52073264 -0.22724187 5.615145 105 97 74
0.5295899 -0.22744396 5.615791 105 97 75
0.53820586 -0.2276324 5.6161256 104 96 74
0.546191 -0.22778603 5.6156816 102 95 73
-0.34563708 -0.20327279 5.613875 127 123 99
-0.33771372 -0.20346878 5.6152034 127 123 99
-0.32989526 -0.20365775 5.6163507 121 116 90
-0.32228494 -0.20383339 5.6171603 112 106 81
-0.31512713 -0.20398076 5.6172633 111 105 80
-0.3078859 -0.2041328 5.617477 121 114 91
-0.3006301 -0.20428532 5.617697 129 123 101
-0.29345393 -0.20443255 5.6177807 130 124 103
-0.28609133 -0.2045907 5.6181297 125 120 100
-0.27890253 -0.20473784 5.618201 126 121 100
-0.27187943 -0.20487447 5.618007 128 124 103
-0.26472974 -0.20501842 5.6179895 127 123 102
-0.25750136 -0.2051667 5.6180744 123 119 98
-0.2504239 -0.20530544 5.617918 122 118 97
-0.24340391 -0.2054403 5.617662 126 121 96
-0.23645449 -0.20557055 5.617287 130 125 98
-0.2296462 -0.20569187 5.6166887 130 125 98
-0.2228632 -0.20581135 5.6160407 129 124 99
-0.21603751 -0.20593308 5.615443 130 125 101
-0.20922947 -0.20605338 5.614807 132 126 103
-0.20260811 -0.20616214 5.613884 132 126 102
-0.19580746 -0.20628136 5.613213 127 122 98
-0.18886566 -0.20640866 5.612736 123 120 95
-0.18199801 -0.20653123 5.612138 120 120 98
-0.17487454 -0.20666866 5.6119 120 123 104
-0.1675086 -0.20682018 5.6120005 121 126 109
-0.16016817 -0.20696974 5.6120486 123 128 112
-0.15268302 -0.20712754 5.612292 124 129 113
-0.1451881 -0.20728543 5.612532 122 128 111
-0.13805532 -0.20742147 5.612234 120 126 110
-0.13112831 -0.2075449 5.6116257 119 125 111
-0.1241622 -0.20767033 5.6110606 119 125 112
-0.11716294 -0.20779738 5.610531 119 125 112
-0.110164404 -0.20792404 5.609987 118 124 111
-0.10317016 -0.20805009 5.609424 118 124 110
-0.09624815 -0.20817155 5.608745 118 124 110
-0.0895226 -0.20828113 5.6077747 120 124 113
-0.0826838 -0.20839706 5.606954 122 125 115
-0.07571697 -0.20852019 5.6063027 125 127 118
-0.06885433 -0.20863687 5.6054916 128 129 120
-0.061887264 -0.20875931 5.6048164 128 129 120
-0.054685593 -0.2088951 5.604459 127 126 117
-0.047360897 -0.20903772 5.604261 126 123 111
-0.039977312 -0.20918334 5.6041307 125 122 106
-0.03257966 -0.20932938 5.6040053 127 124 105
-0.02549386 -0.20945695 5.6034307 130 127 105
-0.018656015 -0.20956981 5.602497 132 127 104
-0.011769533 -0.2096852 5.6016207 134 127 105
-0.0048155785 -0.20980416 5.600826 136 129 107
0.002147913 -0.20992339 5.600033 138 131 109
0.009134293 -0.21004355 5.5992594 140 132 111
0.016205072 -0.21016826 5.5985904 140 132 110
0.023178577 -0.21028708 5.5977745 140 130 110
0.030451775 -0.21042275 5.597359 140 129 109
0.03804207 -0.2105762 5.597365 139 128 108
0.045680285 -0.210732 5.59742 137 127 105
0.053551674 -0.21090072 5.597779 135 127 102
0.06151867 -0.21107444 5.598251 135 127 102
0.069485426 -0.21124764 5.598706 136 128 103
0.07764125 -0.21143116 5.5994 136 128 104
0.085974455 -0.21162426 5.600316 134 127 103
0.09416723 -0.2118089 5.601023 133 126 103
0.102222204 -0.21198528 5.6015277 132 127 104
0.11020088 -0.2121568 5.6019115 131 126 104
0.1180799 -0.21232226 5.602145 128 125 102
0.12597919 -0.21248844 5.6023893 125 121 99
0.13398957 -0.21266043 5.6027665 119 116 96
0.14199519 -0.21283175 5.6031203 113 113 97
0.14978933 -0.21299067 5.6031756 116 117 103
0.15764952 -0.21315292 5.603304 126 126 114
0.16552329 -0.21331549 5.603434 134 135 123
0.17319822 -0.21346653 5.6032853 136 138 127
0.18096638 -0.21362233 5.6032457 132 135 126
0.18886328 -0.21378495 5.6033607 128 132 123
0.19682121 -0.21395054 5.6035395 125 130 121
0.2050507 -0.21413083 5.6040587 124 129 122
0.21347523 -0.2143215 5.604817 125 129 123
0.22155046 -0.21449229 5.6051 127 129 124
0.22929454 -0.21464424 5.604934 128 128 123
0.23691082 -0.21478872 5.6045885 128 127 120
0.24439001 -0.21492523 5.60405 129 127 118
0.2517271 -0.21505356 5.6033154 127 124 113
0.25926661 -0.2151927 5.6028295 120 116 101
0.26684737 -0.21533376 5.602383 109 105 86
0.2740729 -0.2154549 5.6014667 104 99 77
0.28148866 -0.2155862 5.600783 105 100 76
0.28921866 -0.21573442 5.60049 108 102 79
0.29685497 -0.21587712 5.6000633 109 102 77
0.3045671 -0.21602361 5.5997195 106 100 75
0.31232643 -0.21617228 5.599422 106 100 75
0.32016087 -0.21632473 5.599207 108 102 77
0.3284726 -0.21650279 5.5995827 112 104 79
0.3373878 -0.21671331 5.6007075 115 106 80
0.34627938 -0.21692201 5.6017833 116 106 80
0.35510373 -0.21712653 5.6027536 116 106 78
0.36405396 -0.21733734 5.603864 115 104 78
0.37303185 -0.21754915 5.6049895 115 104 79
0.3820355 -0.21776181 5.6061273 116 105 80
0.39117503 -0.21798126 5.6074157 115 107 82
0.4001844 -0.21819317 5.6085205 116 109 84
0.40876698 -0.2183815 5.6090736 116 110 84
0.41750026 -0.21857744 5.609796 117 109 81
0.42644095 -0.2187841 5.610759 118 109 80
0.43514562 -0.21897753 5.611409 119 110 82
0.4439652 -0.21917664 5.612184 118 109 82
0.45261788 -0.21936628 5.6127343 115 105 80
0.46098256 -0.21954009 5.6129127 111 98 76
0.4696219 -0.21972808 5.6134114 105 94 73
0.47861695 -0.21993467 5.614331 101 92 71
0.48749518 -0.22013448 5.615088 99 92 72
0.49620032 -0.22032455 5.6156144 98 92 71
0.5048878 -0.22051328 5.616102 99 92 71
0.5133116 -0.22068745 5.6162515 99 91 71
0.52181363 -0.22086537 5.6164804 99 91 70
0.53050494 -0.22105289 5.6169214 99 91 70
-0.34557843 -0.19735289 5.613935 128 125 101
-0.33752632 -0.1975509 5.6154604 128 125 101
-0.3295641 -0.19774291 5.616827 121 117 93
-0.3218863 -0.19791746 5.6177397 113 106 83
-0.31469345 -0.19806257 5.617894 113 106 82
-0.30746245 -0.19820958 5.618092 123 116 94
-0.3002634 -0.19835426 5.6182256 132 125 104
-0.29314685 -0.1984936 5.618218 132 126 105
-0.285851 -0.19864321 5.6184654 126 121 101
-0.27870393 -0.19878358 5.6184735 124 119 99
-0.27171326 -0.19891432 5.618232 124 120 100
-0.26460624 -0.19905151 5.6181498 123 119 99
-0.25740957 -0.19919366 5.618187 121 118 97
-0.2503469 -0.19932748 5.6180096 121 118 97
-0.24335456 -0.19945678 5.617712 125 120 96
-0.23645902 -0.19958004 5.6172566 128 121 96
-0.22971225 -0.19969428 5.616568 127 121 95
-0.22297621 -0.19980752 5.6158514 125 119 96
-0.21618748 -0.19992356 5.6152 125 120 98
-0.20937824 -0.20004046 5.614567 127 121 100
-0.202703 -0.20014924 5.6137238 124 119 96
-0.19579196 -0.2002714 5.6132154 116 112 88
-0.1886909 -0.20040426 5.612972 112 111 87
-0.1816256 -0.20053467 5.612663 117 118 97
-0.17428422 -0.20068073 5.6127424 124 128 111
-0.16667867 -0.20084165 5.61319 124 129 115
-0.15893006 -0.20101039 5.6138287 120 124 110
-0.15107226 -0.20118496 5.614609 117 122 107
-0.14335227 -0.2013511 5.6151695 118 123 107
-0.13602853 -0.20149401 5.6151423 119 124 108
-0.12896061 -0.2016218 5.6147313 119 124 110
-0.12185836 -0.20175123 5.614356 119 124 111
-0.11472988 -0.2018818 5.614005 119 125 111
-0.10764766 -0.20200936 5.6135736 119 124 109
-0.10061622 -0.20213369 5.6130567 120 123 108
-0.09374881 -0.20224828 5.6122932 119 124 108
-0.08714795 -0.2023474 5.6111383 123 125 111
-0.08049059 -0.20244944 5.6100535 126 128 116
-0.07376957 -0.20255485 5.6090484 129 130 121
-0.067157745 -0.20265374 5.6078777 131 132 123
-0.060446262 -0.20275801 5.6068373 129 131 122
-0.053470373 -0.20287699 5.606158 128 128 119
-0.046300173 -0.20300663 5.6057396 127 124 113
-0.039010048 -0.20314264 5.605476 127 124 110
-0.031647205 -0.20328239 5.6053 129 128 109
-0.024646997 -0.20340139 5.604604 132 130 109
-0.017891645 -0.20350628 5.603554 133 130 107
-0.011053801 -0.2036155 5.6026073 135 129 107
-0.004213333 -0.2037246 5.6016536 137 130 109
0.0026249886 -0.20383331 5.600686 140 132 111
0.009541035 -0.203946 5.599814 142 134 114
0.016553164 -0.2040638 5.5990634 143 136 115
0.023529291 -0.20417926 5.598252 143 135 115
0.030894995 -0.20431614 5.597962 143 133 113
0.038619995 -0.20447259 5.598151 141 131 111
0.04640317 -0.20463184 5.598404 140 131 109
0.05437112 -0.20480096 5.598893 139 132 107
0.062370062 -0.20497131 5.5994062 139 132 108
0.07036495 -0.20514101 5.5998974 140 134 110
0.0785377 -0.20532006 5.6006126 141 134 111
0.08687091 -0.20550749 5.6015267 140 135 111
0.09507012 -0.20568708 5.602241 140 135 112
0.10311484 -0.2058576 5.602729 140 136 114
0.111103535 -0.20602468 5.603124 138 135 113
0.11900091 -0.20618626 5.6033807 133 131 109
0.12693071 -0.20634924 5.603664 126 125 103
0.13497114 -0.20651779 5.6040783 119 120 99
0.1430223 -0.20668654 5.604491 116 118 101
0.15092158 -0.2068465 5.604684 119 122 106
0.1589117 -0.20701101 5.6049824 125 127 113
0.16687155 -0.20717347 5.6052237 129 132 119
0.17461395 -0.20732364 5.605161 130 134 122
0.18240833 -0.20747629 5.6051526 127 132 122
0.1902914 -0.20763332 5.605245 124 131 122
0.19823503 -0.2077932 5.605402 123 131 123
0.20644283 -0.20796698 5.6058903 123 130 124
0.21484613 -0.20815088 5.6066175 124 130 126
0.22292805 -0.20831695 5.6069055 127 131 127
0.23066998 -0.20846426 5.606734 129 131 127
0.23829627 -0.20860499 5.6063976 130 131 126
0.24575162 -0.20873615 5.6058254 132 131 124
0.25302196 -0.20885706 5.6050005 131 129 120
0.2606604 -0.20899737 5.6046395 125 123 109
0.2681353 -0.20912859 5.604054 117 113 96
0.27526808 -0.20924115 5.603015 113 109 88
0.28264093 -0.20936628 5.6022735 116 110 87
0.29037905 -0.20951054 5.6019883 119 113 90
0.29801106 -0.20964877 5.601553 119 112 89
0.3057015 -0.20978975 5.601179 117 111 87
0.3134234 -0.20993206 5.600832 117 111 87
0.3212459 -0.21007933 5.6005983 119 113 87
0.32952952 -0.21025065 5.600937 122 114 89
0.3383646 -0.21045074 5.6019583 124 115 88
0.34728646 -0.21065488 5.6030693 123 113 87
0.3561418 -0.21085507 5.6040773 122 110 83
0.36515594 -0.21106307 5.605266 119 108 80
0.3741963 -0.21127187 5.606467 119 108 82
0.38324618 -0.2114807 5.6076603 119 109 84
0.3924153 -0.21169528 5.6089835 118 110 85
0.40143275 -0.21190134 5.6100955 118 110 84
0.41005635 -0.21208625 5.6106973 116 109 82
0.46240687 -0.21321766 5.6146855 104 92 70
0.47092986 -0.21339408 5.615039 103 92 73
0.47977042 -0.21358651 5.615765 109 100 81
0.48853087 -0.21377435 5.616376 113 108 89
0.49713302 -0.21395354 5.6167746 113 108 89
0.5057585 -0.21413346 5.617185 109 104 86
0.51415324 -0.21430105 5.617297 108 102 84
0.52261186 -0.2144715 5.617471 107 101 83
-0.33785653 -0.19160283 5.614925 129 126 101
-0.3297832 -0.19179559 5.616463 122 118 94
-0.32207036 -0.19196692 5.6174297 115 108 85
-0.3148632 -0.19210854 5.617608 117 109 86
-0.30766988 -0.192249 5.617749 127 120 98
-0.3005302 -0.19238593 5.6177936 136 130 108
-0.2934723 -0.19251777 5.6176987 136 131 109
-0.28625107 -0.1926586 5.6178355 130 125 104
-0.27910447 -0.19279478 5.617845 126 121 101
-0.27214742 -0.19291972 5.6175537 125 120 100
-0.26510334 -0.19304925 5.6173797 123 120 100
-0.25795603 -0.19318432 5.6173453 123 120 100
-0.25091124 -0.19331315 5.6171427 124 120 100
-0.24401116 -0.1934334 5.61671 127 121 99
-0.23717594 -0.19354963 5.6161685 128 121 97
-0.23047924 -0.19365762 5.615408 127 120 96
-0.22378397 -0.19376524 5.614634 124 118 96
-0.21703243 -0.19387576 5.6139307 124 119 98
-0.21021867 -0.19398946 5.613307 125 120 99
-0.20347285 -0.19409904 5.612571 120 116 94
-0.19642329 -0.1942254 5.6122684 110 107 83
-0.18913174 -0.19436508 5.612307 108 107 84
-0.18179941 -0.19450665 5.612389 120 120 101
-0.1742115 -0.19466221 5.612829 131 132 118
-0.16644216 -0.1948275 5.613516 124 125 115
-0.15845346 -0.19500458 5.614503 108 109 99
-0.15032578 -0.195189 5.6156726 101 102 90
-0.14224792 -0.19537011 5.61675 104 106 92
-0.1345663 -0.19552864 5.617236 111 112 98
-0.1272397 -0.19566691 5.6171937 113 115 101
-0.11993408 -0.19580364 5.6171055 114 117 103
-0.11260724 -0.19594115 5.6170335 116 119 105
-0.10539031 -0.19607222 5.61679 117 120 105
-0.098279715 -0.19619703 5.6163793 119 119 103
-0.09141827 -0.1963077 5.6156006 119 121 103
-0.08489704 -0.19639927 5.6143265 121 121 104
-0.078385115 -0.19649006 5.6130285 124 123 108
-0.071891785 -0.19657959 5.611696 125 124 112
-0.065549135 -0.19666058 5.6101394 124 124 113
-0.05913782 -0.19674513 5.608671 123 123 112
-0.052473307 -0.19684331 5.60755 123 122 112
-0.045571327 -0.19695428 5.606753 124 121 110
-0.03852296 -0.19707295 5.6061487 126 123 110
-0.031343937 -0.19719845 5.6057143 128 127 109
-0.02441883 -0.19730973 5.6049128 129 128 108
-0.017751694 -0.19740666 5.6037397 130 127 105
-0.010997057 -0.1975081 5.6026783 130 125 104
-0.0042078495 -0.19761112 5.6016536 131 125 104
0.002557993 -0.1977126 5.600586 134 126 106
0.009400606 -0.19781798 5.5996137 137 130 110
0.016351223 -0.19792894 5.5987787 138 132 111
0.023337126 -0.1980415 5.597981 139 131 111
0.03075838 -0.19817725 5.597769 138 129 109
0.038559914 -0.19833317 5.598064 137 127 107
0.046438456 -0.19849281 5.598448 136 127 105
0.054511547 -0.19866247 5.5990806 135 128 104
0.06262493 -0.19883387 5.5997496 136 129 105
0.07072735 -0.19900423 5.6003866 137 131 107
0.07892871 -0.19917943 5.60114 139 132 109
0.087277174 -0.19936202 5.602074 139 134 111
0.09552503 -0.1995388 5.6028533 140 135 113
0.103630304 -0.19970745 5.603422 141 137 115
0.11166644 -0.19987202 5.6038804 138 135 113
0.119547844 -0.20002785 5.6041136 131 129 107
0.12744665 -0.20018426 5.604355 122 122 100
0.13548994 -0.20034789 5.604772 118 120 99
0.14357567 -0.20051335 5.60523 119 123 104
0.15154266 -0.20067209 5.605512 122 126 108
0.15962267 -0.20083639 5.6059284 123 126 110
0.16772556 -0.20100147 5.606358 123 125 111
0.17562842 -0.20115554 5.606506 122 125 112
0.18354177 -0.20130982 5.606652 120 125 113
0.19144464 -0.2014631 5.606768 119 126 114
0.1993885 -0.20161813 5.606923 120 128 117
0.2075553 -0.20178449 5.6073546 121 128 119
0.21589875 -0.20195964 5.6080003 122 128 122
0.22395158 -0.20211914 5.608248 124 128 123
0.23166347 -0.20226043 5.6080356 127 130 124
0.23926401 -0.20239553 5.607663 129 131 124
0.24656916 -0.20251486 5.606894 131 131 123
0.25401807 -0.2026414 5.606299 132 130 120
0.26150465 -0.20276955 5.605739 129 127 113
0.2688148 -0.20288822 5.604939 125 122 105
0.2758217 -0.2029908 5.603736 124 120 99
0.28323293 -0.20311412 5.603043 126 121 99
0.2909267 -0.20325172 5.6027 129 123 101
0.2985301 -0.20338431 5.602227 130 123 101
0.30618978 -0.20351946 5.6018133 129 123 100
0.31385207 -0.2036544 5.601389 129 123 100
0.3216226 -0.20379457 5.601089 130 124 99
0.32986975 -0.20395887 5.6013803 132 124 99
0.33870387 -0.20415288 5.6024003 132 124 98
0.3476739 -0.20435338 5.6035714 131 121 95
0.356601 -0.20455119 5.60467 128 117 89
0.36570287 -0.20475742 5.605968 125 114 86
0.46307635 -0.20685326 5.6155286 103 92 72
0.47148442 -0.20701855 5.6157393 107 97 79
0.4801767 -0.20719774 5.6162825 119 113 97
0.48883176 -0.20737463 5.6167636 128 126 111
0.49738526 -0.20754597 5.6171026 128 126 112
0.505986 -0.20771924 5.6174817 122 120 106
-0.33020568 -0.18583813 5.615788 123 118 94
-0.32252192 -0.1860026 5.6167126 116 109 86
-0.3153453 -0.18613821 5.6168466 118 111 88
-0.3082404 -0.1862694 5.6168556 129 123 100
-0.30122733 -0.18639508 5.6167097 139 133 111
-0.29423237 -0.18651941 5.6165233 140 134 112
-0.28708482 -0.18665186 5.6165514 135 129 107
-0.27997088 -0.18678208 5.616515 131 125 105
-0.27302313 -0.18690267 5.616213 129 125 105
-0.2660153 -0.18702629 5.615988 128 125 105
-0.25894046 -0.18715325 5.6158485 128 125 106
-0.25197577 -0.18727376 5.6155295 130 125 106
-0.24510503 -0.18738875 5.615058 132 125 104
-0.2383213 -0.1874986 5.614443 132 126 102
-0.23166299 -0.18760125 5.61363 131 125 101
-0.22501922 -0.1877028 5.6127834 129 123 101
-0.21830797 -0.1878078 5.6120253 129 124 103
-0.21147561 -0.18791912 5.6114335 129 125 104
-0.2044661 -0.18803981 5.611089 125 120 99
-0.19711685 -0.18817878 5.611231 115 111 87
-0.18949151 -0.18833241 5.61176 114 112 89
-0.18187141 -0.18848532 5.6122646 127 125 108
-0.17403626 -0.18864954 5.6130657 136 134 123
-0.16605759 -0.1888211 5.614057 119 117 110
-0.1579988 -0.18899652 5.615145 89 87 80
-0.14982891 -0.18917748 5.6163754 75 73 64
-0.14169216 -0.18935615 5.6175365 79 78 68
-0.13385391 -0.1895182 5.618247 90 89 77
-0.12625217 -0.18966702 5.6185994 95 93 81
-0.11864066 -0.18981592 5.6189485 98 97 84
-0.11102843 -0.1899645 5.6192822 102 102 89
-0.103559256 -0.19010496 5.6193953 106 106 92
-0.09632039 -0.19023263 5.6191626 110 108 92
-0.08941507 -0.19034211 5.6184416 112 108 90
-0.082933664 -0.19042858 5.617105 111 105 87
-0.07654953 -0.19050959 5.6156206 109 103 86
-0.070282936 -0.19058412 5.6139617 105 100 86
-0.06418896 -0.19064921 5.6120496 101 98 85
-0.0580616 -0.19071594 5.6101775 102 100 87
-0.051702023 -0.1907948 5.6086254 108 106 95
-0.04506588 -0.19088817 5.6074524 117 116 104
-0.038259745 -0.1909903 5.606508 124 123 110
-0.03127384 -0.19110166 5.605803 127 127 110
-0.024453402 -0.19120398 5.6048555 127 126 107
-0.017834425 -0.19129536 5.6036158 127 124 103
-0.011099577 -0.1913926 5.602527 126 121 101
-0.004341364 -0.19149083 5.6014605 126 120 100
0.0023944378 -0.19158763 5.6003523 126 120 100
0.009204149 -0.19168802 5.5993357 128 122 102
0.016142845 -0.1917949 5.598485 129 123 104
0.023167372 -0.191906 5.597741 130 124 104
0.030625105 -0.19203952 5.597581 130 122 103
0.038451433 -0.19219193 5.5979104 129 121 101
0.046370268 -0.19234876 5.59835 128 120 99
0.05446291 -0.19251423 5.5990095 128 120 98
0.06259847 -0.19268148 5.59971 127 121 98
0.07076502 -0.1928499 5.6004343 127 122 99
0.07908368 -0.19302577 5.601347 130 124 101
0.08752036 -0.19320732 5.602401 132 126 104
0.095854044 -0.19338304 5.603296 133 127 106
0.10401559 -0.19354938 5.60394 133 128 108
0.11208534 -0.19371055 5.604443 130 126 105
0.1200521 -0.19386595 5.6047897 123 120 99
0.12800431 -0.19402024 5.6051016 117 116 95
0.13606596 -0.19417976 5.6055427 118 120 98
0.14416242 -0.19434062 5.606014 124 128 108
0.15215802 -0.19449589 5.606333 128 133 114
0.160285 -0.19465747 5.6068096 127 130 113
0.16843891 -0.19482002 5.6073055 125 127 111
0.17641401 -0.19497299 5.607548 123 126 112
0.18441868 -0.19512708 5.607813 123 127 114
0.19244194 -0.19528174 5.6080856 123 128 115
0.20043802 -0.1954346 5.6083074 123 130 116
0.20854998 -0.19559294 5.608664 124 129 118
0.21679568 -0.19575766 5.60918 124 129 120
0.22477698 -0.19590853 5.6093326 126 130 122
0.23242807 -0.19604231 5.6090384 129 132 124
0.239856 -0.19616446 5.60844 131 133 125
0.24732018 -0.19628811 5.6078763 133 133 124
0.2547555 -0.19640997 5.607261 134 132 121
0.26207566 -0.19652575 5.6064854 131 129 115
0.26922417 -0.19663256 5.6054754 127 125 108
0.2762971 -0.19673532 5.604357 127 124 105
0.28365254 -0.196852 5.6035914 130 126 106
0.2912507 -0.19698052 5.6031246 134 129 108
0.29879355 -0.19710597 5.6025743 136 130 109
0.3063135 -0.1972299 5.601981 136 130 108
0.31386924 -0.19735536 5.6014214 136 130 108
0.3216269 -0.19749057 5.6011057 137 131 107
0.32985592 -0.19764887 5.601374 139 131 107
0.33869076 -0.19783692 5.6023946 139 131 107
0.46325898 -0.20046347 5.6157713 110 101 82
0.47154927 -0.20061791 5.615837 114 107 91
0.4800918 -0.20078424 5.616197 124 121 109
0.48865724 -0.20095131 5.6165686 132 133 122
-0.33046913 -0.17989144 5.615356 123 117 93
-0.32278943 -0.18005046 5.6162763 117 110 86
-0.31562352 -0.18018116 5.6163945 119 112 89
-0.30858684 -0.1803045 5.6163015 131 125 102
-0.30168223 -0.18042035 5.615994 141 135 113
-0.2947483 -0.18053745 5.6157165 142 136 114
-0.2876656 -0.18066221 5.615649 139 132 110
-0.28058648 -0.18078646 5.615562 136 130 110
-0.273633 -0.18090358 5.6152716 136 132 112
-0.2667117 -0.18101865 5.6149187 136 133 114
-0.25971103 -0.18113764 5.614671 136 132 114
-0.25281763 -0.18125057 5.614249 137 132 113
-0.24599934 -0.18135914 5.613702 138 132 111
-0.23925138 -0.18146366 5.6130376 139 133 109
-0.23262429 -0.18156144 5.612181 138 133 109
-0.22601509 -0.181658 5.6112876 136 131 109
-0.21909475 -0.1817708 5.6108418 137 132 112
-0.21202731 -0.18189111 5.610599 138 133 113
-0.20493078 -0.18201268 5.610386 134 129 109
-0.19742179 -0.18215565 5.610763 125 121 98
-0.18958783 -0.18231545 5.6116 125 122 100
-0.18171859 -0.18247665 5.6124687 137 133 118
-0.17365432 -0.18264772 5.613604 139 135 126
-0.16548705 -0.18282369 5.6148686 111 108 102
-0.15725732 -0.18300247 5.6162043 70 66 61
-0.14892125 -0.18318635 5.617673 48 44 39
-0.14059615 -0.18336913 5.619105 52 49 43
-0.13253665 -0.1835375 5.6201315 65 63 54
-0.12471008 -0.18369326 5.620804 72 68 58
-0.11691117 -0.18384711 5.6214185 76 72 61
-0.10915804 -0.18399814 5.6219497 80 77 66
-0.10168362 -0.18413427 5.6220646 84 82 70
-0.09446335 -0.18425682 5.621801 88 84 71
-0.0877347 -0.1843535 5.6208224 91 84 69
-0.081278086 -0.18443578 5.6194463 91 81 64
-0.07488322 -0.18451464 5.617973 88 79 62
-0.06867719 -0.18458356 5.616223 83 75 60
-0.06267333 -0.18464181 5.61418 77 71 57
-0.05668688 -0.18469903 5.612105 79 75 60
-0.05054593 -0.18476401 5.6102414 92 90 77
-0.044165373 -0.18484119 5.608707 110 111 98
-0.037632942 -0.18492593 5.6073766 123 125 111
-0.030897379 -0.18502086 5.60632 127 128 112
-0.024247646 -0.18511117 5.6051335 127 125 107
-0.017712355 -0.18519533 5.6037774 127 123 104
-0.011042833 -0.18528615 5.6025977 126 121 101
-0.0043213367 -0.18537936 5.6014805 124 119 99
0.0024018288 -0.1854724 5.600355 123 118 98
0.009210825 -0.18556957 5.5993376 123 119 99
0.016175747 -0.1856744 5.598524 124 118 99
0.023254871 -0.18578473 5.597856 125 118 99
0.03075099 -0.18591592 5.597748 125 118 100
0.038597107 -0.18606445 5.5981045 125 117 98
0.046554327 -0.1862182 5.598597 124 116 95
0.05467415 -0.18637979 5.5992937 123 115 94
0.062842846 -0.18654335 5.6000395 121 115 92
0.071060896 -0.18670899 5.6008334 120 115 91
0.07940793 -0.18688068 5.6017838 122 117 94
0.0878818 -0.18705827 5.6028876 124 118 97
0.096283436 -0.18723175 5.6038733 125 119 98
0.10453582 -0.18739735 5.6046395 124 118 98
0.11270666 -0.18755841 5.6052775 120 116 95
0.12077427 -0.18771386 5.6057587 116 112 92
0.12880826 -0.18786724 5.6061783 114 112 92
0.13692307 -0.18802425 5.6066885 119 120 99
0.14505649 -0.18818177 5.6072063 128 130 112
0.15308428 -0.18833362 5.6075664 132 136 118
0.16124964 -0.18849191 5.6080923 129 132 116
0.16945791 -0.18865192 5.608659 125 127 112
0.17753625 -0.18880507 5.6090355 123 125 111
0.18565512 -0.1889598 5.6094484 125 127 114
0.1937604 -0.1891135 5.6098266 125 128 114
0.20186949 -0.18926695 5.6101933 124 128 113
0.21002865 -0.18942249 5.6106086 125 128 115
0.21820998 -0.18957871 5.611037 125 128 116
0.2260654 -0.18971851 5.6110215 127 128 118
0.23352313 -0.18983847 5.6104727 127 129 120
0.24105716 -0.18996185 5.61001 128 129 120
0.24860144 -0.1900854 5.6095467 129 129 119
0.25589442 -0.19019635 5.608745 130 128 116
0.2630334 -0.19029951 5.6077313 128 126 112
0.27028584 -0.19040793 5.606854 126 124 108
0.2772014 -0.1904997 5.6055307 126 123 106
0.28442502 -0.19060618 5.6045933 129 126 109
0.29186726 -0.19072297 5.603925 133 129 110
0.29927874 -0.19083801 5.603205 135 131 111
0.3067596 -0.1909561 5.602561 136 131 109
0.3142979 -0.19107667 5.601978 136 131 108
0.3220601 -0.19120777 5.6016674 137 131 109
0.46368098 -0.19408496 5.616309 122 115 99
0.47192645 -0.19423234 5.616319 123 118 106
0.48038363 -0.19438933 5.616574 126 125 117
-0.3227842 -0.17411414 5.616255 117 110 86
-0.31560898 -0.17424104 5.616389 120 113 90
-0.3086369 -0.17435691 5.6161976 132 125 102
-0.30184364 -0.17446315 5.6157217 141 135 114
-0.2949822 -0.17457262 5.615336 144 137 116
-0.28799438 -0.17468835 5.615127 141 134 112
-0.28099203 -0.17480452 5.614926 140 134 113
-0.27403927 -0.17491779 5.614636 141 137 117
-0.26718545 -0.17502558 5.614184 141 138 119
-0.26026583 -0.1751365 5.6138167 141 138 119
-0.253433 -0.1752426 5.6133065 142 137 118
-0.24664474 -0.1753461 5.612717 143 137 116
-0.23992848 -0.17544559 5.6120086 143 138 114
-0.2332747 -0.17554158 5.6111946 143 138 114
-0.2263174 -0.17565292 5.610818 142 137 114
-0.21932626 -0.17576571 5.610478 143 138 117
-0.21220398 -0.1758849 5.610318 143 138 118
-0.20500588 -0.17600761 5.610255 141 136 116
-0.19734502 -0.17615372 5.6108556 134 129 107
-0.18932629 -0.17631769 5.611963 134 130 110
-0.18127012 -0.17648312 5.613105 144 140 126
-0.17286325 -0.17666596 5.6147385 141 137 129
-0.16456532 -0.17684278 5.6161923 106 102 97
-0.15638304 -0.17701319 5.617456 55 52 47
-0.14814305 -0.17718607 5.6187835 29 25 20
-0.13968658 -0.17736943 5.620403 32 29 24
-0.13145208 -0.17754108 5.6216803 48 45 38
-0.12342954 -0.1777015 5.622632 56 53 45
-0.11549544 -0.17785704 5.6234374 60 56 47
-0.10767746 -0.17800629 5.6240582 59 56 47
-0.100188494 -0.17813857 5.6241894 57 54 46
-0.092974424 -0.17825665 5.623913 57 53 43
-0.086164 -0.17835414 5.6230474 62 54 43
-0.07981706 -0.17842811 5.6215105 68 58 45
-0.07354069 -0.17849836 5.6198654 77 67 53
-0.06725407 -0.17856893 5.618226 78 71 56
-0.06119132 -0.1786281 5.616262 72 66 52
-0.055257082 -0.17868075 5.6141105 71 68 52
-0.049292803 -0.17873472 5.6119943 85 83 70
-0.043173075 -0.17879626 5.61009 109 109 96
-0.036927223 -0.17886393 5.6083555 124 126 112
-0.030448675 -0.17894292 5.606938 129 129 115
-0.02396965 -0.17902178 5.6055126 129 127 110
-0.017498016 -0.1791 5.6040673 131 127 109
-0.01086235 -0.17918614 5.6028404 130 126 106
-0.0041410923 -0.17927624 5.6017227 128 124 104
0.002616644 -0.17936791 5.600645 126 123 103
0.009460688 -0.1794636 5.599675 126 122 102
0.016488552 -0.17956807 5.5989485 127 121 102
0.02363658 -0.17967811 5.598375 128 121 102
0.031159878 -0.17980629 5.598304 128 121 103
0.039009094 -0.17995006 5.598664 128 121 103
0.046969175 -0.18009886 5.5991597 128 120 100
0.05507946 -0.18025461 5.5998425 127 118 98
0.0632453 -0.18041265 5.6005836 125 118 96
0.0714736 -0.18057331 5.6013913 123 118 94
0.079830885 -0.18073979 5.602355 123 118 96
0.08833313 -0.18091291 5.603496 124 118 98
0.096794605 -0.18108356 5.604562 125 118 98
0.10514617 -0.18124846 5.60546 124 117 98
0.113426685 -0.1814095 5.6062446 120 115 96
0.12162995 -0.18156636 5.6069064 117 113 94
0.12979007 -0.1817207 5.607493 116 114 95
0.13805604 -0.18187976 5.6082034 120 120 102
0.14634085 -0.18203932 5.6089206 126 127 111
0.15446162 -0.18219057 5.609401 127 130 115
0.16268945 -0.18234655 5.6100073 122 125 110
0.17095757 -0.18250407 5.610649 115 117 103
0.17910719 -0.18265548 5.611116 109 111 97
0.18726802 -0.18280704 5.611581 109 110 97
0.19540763 -0.1829572 5.6120005 112 113 100
0.20353389 -0.18310633 5.6123857 118 119 104
0.21164894 -0.18325455 5.6127396 122 122 108
0.21974587 -0.18340151 5.613053 122 122 108
0.22756076 -0.18353468 5.6129813 119 119 106
0.23524332 -0.18366127 5.612722 114 115 103
0.24283409 -0.18378314 5.6123285 111 111 99
0.25026107 -0.18389699 5.611709 110 110 98
0.25740623 -0.1839972 5.610712 113 112 98
0.26462936 -0.18410084 5.6098037 118 116 102
0.27166605 -0.18419541 5.608644 124 122 106
0.27833676 -0.18427254 5.607002 127 124 109
0.2853341 -0.18436481 5.6057706 128 126 110
0.29264188 -0.1844714 5.604928 128 125 109
0.29998612 -0.18457946 5.6041207 129 127 107
0.3074317 -0.18469197 5.60343 132 127 105
0.4642384 -0.18771186 5.617014 129 124 111
0.47251534 -0.18785581 5.6170616 131 128 119
0.48097348 -0.18800765 5.6173167 130 131 125
-0.32267904 -0.16818342 5.6163864 117 110 86
-0.31563354 -0.16829942 5.6163225 120 112 89
-0.3086989 -0.16840947 5.616076 131 125 101
-0.301996 -0.16850752 5.6154637 140 134 113
-0.29520392 -0.16860974 5.614974 143 136 115
-0.2883122 -0.16871674 5.6146216 140 134 112
-0.28139663 -0.16882461 5.6142907 140 135 114
-0.27452826 -0.16892983 5.613876 142 138 118
-0.26769543 -0.16903296 5.6133947 143 140 120
-0.2608664 -0.16913557 5.6128936 143 140 120
-0.25412464 -0.16923355 5.6122503 143 139 119
-0.2474091 -0.16932994 5.611555 143 138 117
-0.24069285 -0.16942611 5.6108494 143 138 115
-0.233706 -0.16953546 5.6105323 143 138 115
-0.22675014 -0.16964298 5.6101556 144 137 116
-0.21973348 -0.16975321 5.609855 144 138 118
-0.21255136 -0.16987133 5.6097846 143 139 119
-0.20527267 -0.16999394 5.6098413 141 137 117
-0.19748998 -0.17014107 5.6106224 135 131 110
-0.1890769 -0.17031896 5.612308 136 132 113
-0.18051124 -0.17050385 5.614195 146 142 128
-0.17195368 -0.17068788 5.6160464 141 139 129
-0.16357756 -0.17086244 5.617611 104 102 96
-0.1553657 -0.17102844 5.6189156 54 52 46
-0.1471107 -0.17119609 5.6202617 28 25 20
-0.13878965 -0.17136653 5.6216826 31 30 24
-0.13062716 -0.17152874 5.622854 47 45 39
-0.12263155 -0.17168233 5.6237645 53 51 46
-0.11473036 -0.17183092 5.6245213 51 49 44
-0.10686493 -0.17197734 5.6252074 42 39 34
-0.09937 -0.17210534 5.6253457 30 28 23
-0.09215903 -0.17221922 5.6250634 24 20 15
-0.08533263 -0.1723141 5.624218 28 22 17
-0.07890844 -0.17238924 5.62279 47 40 32
-0.07252693 -0.17246212 5.621291 74 67 57
-0.066431046 -0.17252102 5.6193795 90 85 73
-0.060279608 -0.17258242 5.617539 84 81 67
-0.05428791 -0.17263594 5.6154656 78 76 60
-0.048380613 -0.17268527 5.613267 88 86 72
-0.042444468 -0.17273584 5.611103 112 111 98
-0.036409855 -0.17279102 5.609071 128 127 114
-0.03015256 -0.17285672 5.6073427 133 132 118
-0.023833752 -0.17292516 5.605693 133 131 116
-0.017431974 -0.1729974 5.6041503 136 133 116
-0.010852814 -0.17307788 5.6028457 137 134 115
-0.004127741 -0.17316513 5.6017337 136 132 114
0.002669096 -0.17325552 5.6007104 135 131 113
0.009565353 -0.17335042 5.599814 134 131 112
0.016679525 -0.17345542 5.5992055 135 131 112
0.023893595 -0.17356488 5.5987225 136 131 111
0.031438112 -0.17368965 5.59868 137 131 112
0.039278984 -0.17382812 5.5990286 138 130 113
0.047207117 -0.17397034 5.59948 138 130 112
0.055274725 -0.17411874 5.600105 138 129 110
0.06340718 -0.17426983 5.6008 136 129 108
0.07160902 -0.17442377 5.601571 134 129 106
0.07994461 -0.17458355 5.602506 133 127 106
0.08843517 -0.17475021 5.6036315 132 126 106
0.096916914 -0.17491601 5.6047254 133 125 106
0.10536289 -0.1750797 5.605751 132 125 106
0.113870144 -0.17524584 5.6068406 129 125 105
0.12233186 -0.17540935 5.6078477 126 124 105
0.13073897 -0.17556995 5.6087637 124 121 105
0.13915133 -0.17573035 5.609668 122 121 106
0.14754772 -0.17588958 5.6105313 118 119 107
0.15575838 -0.17603979 5.611129 112 113 102
0.16406012 -0.1761938 5.6118298 101 104 93
0.17239666 -0.17634903 5.612559 92 94 82
0.1806252 -0.17649886 5.613127 84 85 74
0.18887329 -0.17664921 5.6137037 84 85 73
0.19701552 -0.17679429 5.6141224 91 90 79
0.20508313 -0.17693552 5.614427 100 99 87
0.21313429 -0.17707565 5.614693 106 104 92
0.22120547 -0.17721635 5.614969 106 104 90
0.22907162 -0.17734726 5.6149607 100 99 85
0.2366817 -0.17746611 5.6146035 94 93 79
0.24417448 -0.17757928 5.6140795 89 88 74
0.25150847 -0.1776849 5.613336 86 85 72
0.25873518 -0.17778537 5.612442 91 90 76
0.26580858 -0.17787856 5.611337 104 103 89
0.2726128 -0.17795928 5.6098742 122 119 106
0.27912116 -0.17802633 5.608021 131 128 115
0.28595853 -0.17810814 5.606582 128 127 114
0.29315114 -0.17820589 5.6055913 124 122 108
0.3004067 -0.17830619 5.6046686 123 122 104
0.3077886 -0.17841196 5.603896 127 123 102
0.46434617 -0.18131769 5.6171646 129 127 118
0.47268796 -0.18145958 5.617292 133 133 126
0.4811852 -0.18160796 5.617595 131 133 128
0.48969293 -0.18175642 5.617894 128 131 126
0.56159234 -0.1828728 5.6142273 137 139 133
0.5692637 -0.18298149 5.613371 137 136 129
-0.32208157 -0.16227695 5.6172686 115 108 84
-0.31520844 -0.1623804 5.6169415 116 108 85
-0.3084824 -0.16247636 5.6163764 127 120 97
-0.30183315 -0.16256835 5.615683 136 130 109
-0.29509807 -0.1626642 5.6151075 138 132 111
-0.2882855 -0.16276357 5.614635 135 129 108
-0.28145218 -0.16286363 5.614181 134 130 109
-0.27468252 -0.16296035 5.613619 136 132 112
-0.26796198 -0.1630544 5.61297 137 134 114
-0.2611947 -0.16315046 5.6123786 137 134 114
-0.2545612 -0.16323978 5.6115746 137 133 113
-0.24789834 -0.16333029 5.610803 137 132 111
-0.24094248 -0.1634346 5.610455 137 131 110
-0.23399782 -0.1635381 5.6100764 138 131 109
-0.22704577 -0.16364169 5.609696 139 131 110
-0.21999359 -0.16374972 5.6094494 138 132 112
-0.21273994 -0.16386715 5.6094856 138 133 114
-0.2053945 -0.16398862 5.6096416 135 131 111
-0.19719625 -0.16415042 5.611033 129 125 106
-0.18847656 -0.16433662 5.613168 129 126 108
-0.17980075 -0.1645202 5.615214 137 135 120
-0.17116809 -0.16470125 5.617173 135 135 123
-0.16276932 -0.16487068 5.6187687 109 111 101
-0.15457153 -0.16503012 5.620051 73 74 65
-0.14628005 -0.16519356 5.621448 55 56 48
-0.13785148 -0.165363 5.6230226 59 60 52
-0.12954593 -0.16552621 5.6243978 66 67 61
-0.12140989 -0.16568094 5.6255083 62 63 58
-0.113491535 -0.16582502 5.6262856 48 49 46
-0.10584211 -0.16595605 5.6266594 31 31 29
-0.09861994 -0.16606668 5.626405 14 14 13
-0.0914011 -0.16617686 5.6261315 4 2 1
-0.08453655 -0.16627014 5.6253386 8 5 5
-0.078056574 -0.16634518 5.6239877 35 31 29
-0.07155681 -0.16642097 5.622655 75 72 67
-0.06523371 -0.16648829 5.6210628 101 99 90
-0.05929804 -0.1665374 5.618914 96 96 84
-0.053320408 -0.16658832 5.6168184 85 84 69
-0.04748106 -0.16663268 5.6145215 91 90 76
-0.041715384 -0.16667354 5.6121163 115 112 99
-0.035882473 -0.16671738 5.6097994 131 127 115
-0.02984929 -0.16677034 5.607757 136 133 121
-0.023702383 -0.16682841 5.605867 136 135 120
-0.017391205 -0.16689393 5.6041985 140 138 122
-0.010888338 -0.16696806 5.602788 142 140 122
-0.0041868687 -0.16705114 5.601644 141 139 121
0.0026154518 -0.16713862 5.6006284 140 138 120
0.009534359 -0.16723122 5.5997634 141 138 119
0.016769648 -0.16733804 5.5993233 142 138 119
0.024061203 -0.16744718 5.5989475 143 138 119
0.03164172 -0.1675692 5.598954 144 138 120
0.03950739 -0.1677039 5.5993366 145 138 121
0.047451258 -0.16784184 5.599809 146 138 120
0.05554843 -0.16798633 5.6004744 147 139 118
0.06371641 -0.16813368 5.6012177 146 139 118
0.07192755 -0.1682826 5.602001 144 138 116
0.08027911 -0.16843748 5.602957 142 135 116
0.08880448 -0.16859983 5.6041293 140 134 115
0.0973537 -0.1687628 5.605313 140 133 115
0.105867624 -0.16892374 5.6064296 139 133 114
0.11434245 -0.16908252 5.607474 138 134 115
0.12282276 -0.1692411 5.608506 136 134 117
0.13129568 -0.16939896 5.6095095 132 130 115
0.13981962 -0.1695587 5.6105614 123 123 110
0.14836836 -0.1697191 5.611626 108 110 100
0.15671039 -0.16986984 5.6123977 91 92 84
0.16512918 -0.17002362 5.613252 72 73 65
0.17357993 -0.17017841 5.61413 63 64 56
0.18188334 -0.17032623 5.614794 66 67 58
0.19019556 -0.17047405 5.615453 76 75 66
0.19837809 -0.1706157 5.615921 80 78 69
0.20644355 -0.17075184 5.61622 78 74 66
0.21448612 -0.17088658 5.6164713 75 72 63
0.22252655 -0.17102087 5.616704 74 71 61
0.23036075 -0.17114568 5.6166515 74 73 60
0.23794341 -0.17125905 5.616255 77 76 61
0.24535632 -0.1713646 5.615624 79 77 62
0.25258803 -0.17146194 5.6147447 76 75 60
0.25983858 -0.17155983 5.613879 80 77 65
0.26673222 -0.1716418 5.6125393 96 94 81
0.27342224 -0.1717146 5.610927 120 117 104
0.27980208 -0.17177361 5.608906 132 130 118
0.2865076 -0.17184673 5.6072974 129 128 116
0.29360342 -0.17193672 5.60618 123 121 109
0.30077648 -0.17202988 5.6051517 122 120 104
0.308105 -0.17212957 5.6043105 127 123 103
0.46432376 -0.17491812 5.617154 126 125 119
0.47278523 -0.17506011 5.6174297 129 131 125
0.48136926 -0.17520694 5.6178393 127 127 122
0.48991656 -0.17535187 5.618187 122 122 115
0.49844337 -0.17549554 5.6184926 121 120 112
0.5069897 -0.17563969 5.618806 121 121 113
0.515394 -0.17577747 5.6189294 123 123 115
0.5235312 -0.17590362 5.618712 126 126 118
0.53138995 -0.1760177 5.618142 128 127 120
0.53907514 -0.17612416 5.6173496 127 127 119
0.5463464 -0.17621295 5.616045 126 125 117
0.5538266 -0.17631024 5.6149807 125 124 116
0.56150985 -0.1764159 5.614151 124 123 115
0.5691011 -0.1765174 5.6131983 123 121 113
0.5769036 -0.17662755 5.612488 123 121 111
0.5847876 -0.17674081 5.6118617 124 121 109
0.5929134 -0.17686388 5.6115108 126 123 109
0.6012752 -0.17699653 5.611428 128 124 109
-0.3217876 -0.15635464 5.617688 111 104 81
-0.31492138 -0.15645394 5.6173496 109 102 79
-0.30837393 -0.15653798 5.6165133 120 114 91
-0.30202794 -0.15661234 5.6153607 132 125 104
-0.2953601 -0.15670155 5.614684 133 127 105
-0.28862786 -0.15679353 5.6140924 128 123 102
-0.28186274 -0.15688679 5.6135373 127 122 101
-0.27515388 -0.15697718 5.612885 128 125 104
-0.26848245 -0.15706554 5.6121655 129 126 106
-0.26176524 -0.15715581 5.6115007 128 125 105
-0.25517082 -0.15724006 5.610641 128 124 104
-0.24824023 -0.15733972 5.6102705 128 123 103
-0.24136257 -0.15743664 5.609808 129 122 102
-0.23447275 -0.15753385 5.6093497 130 122 101
-0.22755957 -0.15763186 5.6089134 130 122 102
-0.22050643 -0.15773606 5.60867 130 124 104
-0.21319556 -0.15785182 5.608793 130 125 106
-0.20553207 -0.15798354 5.6094184 127 122 103
-0.19713902 -0.15814841 5.611097 120 115 98
-0.18836713 -0.15833019 5.613308 117 114 97
-0.17968488 -0.15850736 5.6153636 122 122 106
-0.17105865 -0.15868148 5.6173134 126 128 113
-0.16267967 -0.15884386 5.618881 118 122 109
-0.1544962 -0.15899679 5.6201425 104 109 97
-0.14612389 -0.15915796 5.621657 100 105 95
-0.13752627 -0.15932891 5.623476 104 107 99
-0.12901282 -0.15949555 5.6251507 98 102 95
-0.12067795 -0.15965365 5.626546 76 80 76
-0.112638 -0.15979792 5.6274967 47 50 50
-0.10493541 -0.15992653 5.6279445 25 27 28
-0.09774828 -0.16003147 5.6276374 11 12 14
-0.0908699 -0.16012217 5.6268754 0 1 4
-0.08398914 -0.16021277 5.626106 2 2 7
-0.07751441 -0.16028482 5.624746 30 29 33
-0.07100201 -0.16035835 5.62343 75 74 74
-0.06460285 -0.1604266 5.621944 103 103 97
-0.058588743 -0.16047737 5.6199045 98 98 88
-0.052840233 -0.16051614 5.617484 83 83 70
-0.047108173 -0.16055405 5.6150355 89 88 75
-0.04145384 -0.16058841 5.612473 113 112 98
-0.035697937 -0.16062719 5.610048 131 128 116
-0.029745102 -0.16067463 5.6078935 137 134 122
-0.023662567 -0.16072771 5.6059136 137 135 122
-0.017388105 -0.16078919 5.6041937 141 139 122
-0.010940313 -0.16085818 5.602707 142 141 123
-0.0041513443 -0.1609421 5.601685 141 140 122
0.00282979 -0.16103432 5.6009183 140 138 121
0.009891272 -0.1611298 5.6002502 140 137 120
0.017196417 -0.16123578 5.5999055 141 138 120
0.024508953 -0.1613418 5.599557 142 138 121
0.032088757 -0.16145933 5.599562 144 139 123
0.039939642 -0.16158843 5.5999236 146 139 123
0.047825813 -0.16171873 5.6003165 148 140 122
0.055852175 -0.16185486 5.6008844 149 141 120
0.06396294 -0.16199431 5.601549 148 141 119
0.07212353 -0.16213554 5.602264 147 140 119
0.0804584 -0.16228403 5.603197 145 138 118
0.088982105 -0.16244036 5.604367 144 138 118
0.09754157 -0.16259784 5.6055646 144 137 118
0.106068134 -0.16275343 5.606698 142 136 117
0.11454344 -0.16290644 5.6077433 141 137 118
0.12306905 -0.16306119 5.608836 142 139 122
0.13161111 -0.16321623 5.6099315 137 135 122
0.1402452 -0.16337487 5.61113 124 124 112
0.14893627 -0.16353554 5.612385 99 102 93
0.15738511 -0.16368535 5.6132965 69 71 65
0.16587281 -0.16383645 5.6142416 38 39 34
0.17435241 -0.16398682 5.615156 34 33 29
0.18264961 -0.1641289 5.615811 60 60 54
0.19094038 -0.16427034 5.616439 88 88 81
0.19908428 -0.16440517 5.6168556 84 81 75
0.23870969 -0.16502732 5.61726 69 68 54
0.24599767 -0.1651237 5.616465 86 85 68
0.25334644 -0.16522239 5.615737 87 85 70
0.2605257 -0.16531365 5.6147766 84 80 68
0.2673142 -0.16538814 5.6133 95 92 80
0.27392364 -0.1654548 5.6115823 118 116 103
0.28018093 -0.16550648 5.609402 130 131 118
0.28673673 -0.16557057 5.6076 130 130 118
0.29369783 -0.16565159 5.606311 126 125 113
0.30070996 -0.16573456 5.605076 127 125 110
0.3078971 -0.16582465 5.6040545 132 128 111
0.4638555 -0.16850081 5.6165943 121 123 119
0.47245574 -0.16864333 5.617042 120 122 116
0.48116612 -0.16879001 5.6176085 113 111 104
0.48981214 -0.16893367 5.6180778 105 101 91
0.49839234 -0.1690743 5.6184497 101 97 85
0.5069401 -0.16921327 5.618765 102 98 87
0.5153682 -0.16934696 5.6189175 107 102 91
0.5235145 -0.16946888 5.6187124 112 108 98
0.5313637 -0.1695784 5.6181316 115 110 101
0.5390713 -0.16968188 5.6173663 112 108 98
0.54626393 -0.16976422 5.615967 107 103 93
0.5536263 -0.16985321 5.6147623 103 99 89
0.56119466 -0.16995035 5.6137943 101 97 88
0.56863284 -0.17004196 5.6126585 102 99 89
0.57634044 -0.17014425 5.611836 108 106 95
0.5841868 -0.17025188 5.6111665 118 116 104
0.59229875 -0.17036995 5.610801 128 126 112
0.6007111 -0.17049982 5.6107802 132 128 114
0.60961413 -0.17064908 5.6113276 129 124 109
-0.32188654 -0.15041396 5.6175084 109 102 79
-0.31509066 -0.15050633 5.6170635 106 99 76
-0.30863404 -0.15058312 5.6160913 118 112 89
-0.30246067 -0.15064687 5.6146784 131 125 103
-0.29608154 -0.15071969 5.613567 132 126 105
-0.28940797 -0.15080559 5.6128893 127 122 101
-0.28267097 -0.1508941 5.612295 125 120 100
-0.27596903 -0.15098077 5.6116357 125 122 102
-0.26926923 -0.15106711 5.610961 125 122 102
-0.26253605 -0.15115471 5.6103234 123 120 100
-0.25571322 -0.15124604 5.6098075 123 119 99
-0.248811 -0.1513407 5.609397 124 118 99
-0.2419939 -0.15143126 5.6088467 126 118 99
-0.23514342 -0.15152308 5.608333 127 119 99
-0.22827363 -0.15161549 5.607835 127 119 99
-0.22123146 -0.1517153 5.6075783 127 121 101
-0.21374154 -0.15183465 5.607967 127 122 103
-0.20594025 -0.15196751 5.6087976 123 118 100
-0.19758582 -0.15212443 5.610421 116 111 94
-0.18888807 -0.1522961 5.6125255 112 108 91
-0.1802907 -0.15246287 5.614459 113 113 95
-0.17170286 -0.15262872 5.6163554 119 122 103
-0.16331792 -0.1527852 5.6179333 123 129 112
-0.15507865 -0.15293488 5.6192784 127 134 119
-0.14655066 -0.15309677 5.6210213 135 142 128
-0.13771987 -0.1532715 5.623179 137 143 133
-0.12896848 -0.15344223 5.6251984 122 127 121
-0.12041044 -0.15360409 5.6269155 88 93 90
-0.112225056 -0.15374923 5.6280746 48 52 53
-0.10443115 -0.1538769 5.628652 22 26 28
-0.09720302 -0.1539796 5.628403 10 12 16
-0.09037638 -0.15406461 5.627566 1 3 8
-0.08369994 -0.15414286 5.6265035 2 3 9
-0.077310085 -0.15420848 5.625023 29 30 35
-0.0708909 -0.15427518 5.6235743 74 76 77
-0.06456518 -0.15433764 5.6219845 103 105 100
-0.058544874 -0.15438677 5.6199546 97 98 89
-0.052818537 -0.15442312 5.6175036 80 81 69
-0.047204733 -0.1544545 5.614889 86 87 73
-0.041505814 -0.15448946 5.6123896 111 112 97
-0.03566861 -0.15453026 5.610079 129 128 115
-0.029652119 -0.15457863 5.608014 135 133 120
-0.023560286 -0.15463008 5.606047 135 133 119
-0.017285824 -0.15468922 5.6043277 137 135 117
-0.010697603 -0.15476158 5.603037 136 135 116
-0.0038480759 -0.15484488 5.602098 135 133 115
0.00309968 -0.15493214 5.6012845 134 132 114
0.010148048 -0.15502344 5.600598 134 131 114
0.017457724 -0.15512559 5.600259 135 131 114
0.024743319 -0.15522644 5.5998735 136 132 115
0.032264948 -0.15533704 5.5997987 138 133 117
0.040034294 -0.15545776 5.6000485 139 133 117
0.04779792 -0.15557796 5.6002736 141 134 116
0.055706263 -0.15570396 5.600681 142 135 114
0.06373 -0.15583445 5.6012287 142 135 113
0.071831465 -0.15596783 5.6018634 141 134 114
0.080168486 -0.15611082 5.602801 142 135 115
0.08872461 -0.15626258 5.6040163 141 135 116
0.09734082 -0.15641648 5.605292 141 135 116
0.10592961 -0.15656883 5.6065106 138 133 113
0.11444521 -0.15671769 5.60761 138 132 114
0.12303877 -0.15686941 5.6087947 141 137 120
0.13164401 -0.15702122 5.609976 137 135 121
0.14036584 -0.15717751 5.611292 122 123 111
0.14915681 -0.15733624 5.6126795 94 97 89
0.15764189 -0.15748185 5.61364 54 57 53
0.25341797 -0.15895286 5.615836 103 101 86
0.26059222 -0.15904045 5.61487 93 89 77
0.26736212 -0.15911132 5.6133685 96 93 82
0.2739637 -0.15917519 5.611642 116 115 103
0.28014445 -0.15922174 5.6093636 129 130 118
0.28655934 -0.15927769 5.607381 131 132 120
0.293339 -0.15934828 5.6058593 130 130 118
0.30011845 -0.1594187 5.6043277 133 131 117
0.30706692 -0.15949576 5.603003 138 134 119
0.4715464 -0.16220522 5.6159415 107 109 103
0.48042512 -0.16235301 5.616717 90 87 79
0.48920083 -0.16249637 5.6173472 80 73 63
0.49787545 -0.16263542 5.617837 81 74 62
0.50645185 -0.16277024 5.618189 87 81 69
0.514941 -0.16290131 5.6184177 91 85 73
0.52313733 -0.16302055 5.6182737 91 85 74
0.545851 -0.16330335 5.61549 88 82 71
0.5530331 -0.163382 5.6140685 85 79 68
0.5603945 -0.16346738 5.612854 83 78 67
0.5675738 -0.16354549 5.6114097 86 82 71
0.57510066 -0.16363692 5.610373 96 94 83
0.58280873 -0.16373515 5.609542 114 112 100
0.59084344 -0.1638458 5.609088 130 128 115
0.5993073 -0.1639728 5.6091323 135 132 118
0.6083629 -0.16412237 5.6098647 128 124 110
-0.32141757 -0.14449896 5.618195 111 104 81
-0.31465745 -0.14458609 5.617694 110 103 80
-0.30825686 -0.14465737 5.616636 123 118 94
-0.3021462 -0.14471586 5.615127 137 131 110
-0.2959149 -0.14477938 5.6137915 139 133 113
-0.2894523 -0.14485277 5.612796 135 129 110
-0.28275037 -0.14493628 5.6121497 133 127 109
-0.27608967 -0.14501777 5.611429 133 129 110
-0.269408 -0.14509994 5.6107283 131 128 108
-0.2626326 -0.1451859 5.6101546 128 124 104
-0.25576043 -0.14527576 5.609713 127 123 102
-0.2488885 -0.14536539 5.609258 128 123 104
-0.24210072 -0.14545113 5.608665 132 125 106
-0.2352798 -0.14553805 5.608108 133 126 107
-0.22842741 -0.14562608 5.607585 133 126 107
-0.22137117 -0.14572258 5.60735 133 127 108
-0.21358728 -0.1458498 5.608174 132 128 108
-0.20578814 -0.14597729 5.609001 129 125 106
-0.19748783 -0.14612573 5.6105447 124 118 100
-0.1888988 -0.14628601 5.61249 118 113 95
-0.18042183 -0.1464411 5.6142483 114 113 93
-0.17190933 -0.14659725 5.6160355 116 118 97
-0.16355443 -0.14674632 5.617571 121 127 106
-0.15529704 -0.14689088 5.618943 129 136 117
-0.14665723 -0.1470511 5.620849 139 146 130
-0.13764644 -0.14722651 5.623268 141 146 135
-0.12870836 -0.14739837 5.6255565 125 129 124
-0.11996579 -0.14756158 5.6275396 90 95 93
-0.111662865 -0.14770591 5.6288667 49 54 56
-0.10380101 -0.14783135 5.629541 19 23 27
-0.096544266 -0.14793119 5.629331 3 4 10
-0.08971882 -0.14801274 5.6284904 0 0 1
-0.08315253 -0.14808325 5.6272697 0 0 1
-0.07681632 -0.148144 5.6257114 24 28 30
-0.07046223 -0.14820538 5.62417 74 78 77
-0.06419468 -0.14826295 5.622497 105 109 104
-0.05824828 -0.14830704 5.6203623 98 101 92
-0.05257249 -0.14833984 5.6178393 79 83 70
-0.04697752 -0.1483692 5.6151977 84 88 73
-0.041295767 -0.14840204 5.612674 109 113 97
-0.035410404 -0.14844319 5.6104307 126 129 113
-0.029349327 -0.14849147 5.6084275 131 132 116
-0.023246765 -0.14854135 5.6064754 130 129 112
-0.016832829 -0.14860383 5.60495 130 127 109
-0.0102751255 -0.14867207 5.6036153 128 125 106
-0.0034615993 -0.14875057 5.6026263 127 123 105
0.0034668446 -0.1488336 5.601785 126 124 105
0.010523081 -0.14892158 5.601109 127 123 105
0.017863989 -0.14902097 5.6008124 128 123 105
0.025166512 -0.1491185 5.60045 128 123 106
0.03268671 -0.14922464 5.6003723 130 124 107
0.04043007 -0.14933956 5.6005855 130 124 107
0.048126698 -0.14945228 5.600719 130 124 106
0.05594778 -0.14956972 5.601006 131 125 105
0.063893795 -0.14969194 5.6014476 131 125 104
0.07191658 -0.14981692 5.6019764 131 125 106
0.08020544 -0.1499523 5.602849 133 127 107
0.08874273 -0.15009733 5.6040382 133 127 108
0.097358465 -0.15024512 5.605314 133 127 108
0.10596323 -0.15039209 5.6065545 129 124 104
0.11449385 -0.15053569 5.6076746 129 123 105
0.12312412 -0.15068293 5.608909 134 128 110
0.13178897 -0.15083115 5.61017 132 129 114
0.14060497 -0.15098502 5.611612 119 119 107
0.1495111 -0.15114208 5.613153 92 94 88
0.26049495 -0.15276115 5.6147504 95 93 81
0.26730847 -0.15283094 5.613307 95 93 83
0.27397728 -0.15289488 5.6116667 115 114 104
0.28017712 -0.15294036 5.609414 129 130 120
0.28654146 -0.1529921 5.607366 133 133 123
0.29320693 -0.1530555 5.605698 133 133 122
0.29979825 -0.15311582 5.6039267 137 136 121
0.3065312 -0.15318145 5.6023283 143 139 122
0.47118545 -0.15579124 5.615516 93 95 89
0.48019958 -0.15593834 5.616458 61 58 51
0.4890759 -0.1560799 5.6172132 50 43 35
0.51496243 -0.15647441 5.618464 83 78 69
0.5459683 -0.15686418 5.6156535 76 69 60
0.5530255 -0.15693499 5.614082 78 73 62
0.56023717 -0.15701142 5.6126866 79 75 65
0.5671108 -0.15707505 5.610877 83 81 70
0.57436824 -0.15715283 5.609518 93 92 82
0.58191943 -0.15724139 5.6085014 110 109 99
0.5898483 -0.15734378 5.607924 129 127 115
0.5982959 -0.15746519 5.6079516 136 134 121
0.607414 -0.15761122 5.608761 132 129 115
0.61648536 -0.1577552 5.6094966 127 123 107
-0.32093072 -0.13858354 5.6189075 114 107 84
-0.3141663 -0.13866727 5.618413 117 110 86
-0.30776644 -0.13873556 5.617352 131 126 102
-0.30165553 -0.13879162 5.6158423 146 140 118
-0.2954874 -0.13884991 5.6144114 147 142 123
-0.2891879 -0.13891348 5.6131687 144 138 121
-0.28259754 -0.13898894 5.612354 143 136 121
-0.27601624 -0.13906378 5.6115136 144 139 121
-0.26939583 -0.13914002 5.610721 141 138 117
-0.26259542 -0.1392235 5.610186 136 133 112
-0.25575852 -0.13930823 5.609692 135 131 110
-0.24889016 -0.13939402 5.609232 137 132 113
-0.2421093 -0.13947599 5.608629 141 135 116
-0.23529243 -0.13955916 5.6080666 142 136 118
-0.22844481 -0.13964339 5.6075373 142 136 117
-0.22128725 -0.13974003 5.6074524 142 137 118
-0.2134111 -0.13986582 5.6084123 141 137 117
-0.20560956 -0.13998814 5.609242 138 135 115
-0.1973803 -0.14012761 5.6106825 135 129 110
-0.1888771 -0.14027783 5.612502 130 124 105
-0.18050957 -0.14042214 5.614101 122 119 99
-0.17207193 -0.14056882 5.61578 118 119 97
-0.16375422 -0.14071026 5.617262 117 122 99
-0.15552115 -0.1408479 5.6186004 119 125 105
-0.14686179 -0.14100237 5.620535 126 131 115
-0.1377945 -0.14117289 5.6230373 127 131 120
-0.12881565 -0.14133938 5.6253858 116 119 114
-0.12002468 -0.14149782 5.6274385 88 92 91
-0.11168122 -0.14163785 5.6288247 53 58 60
-0.103818655 -0.1417582 5.6295004 23 26 30
-0.09656072 -0.14185399 5.6292925 3 3 9
-0.08975029 -0.14193158 5.628432 0 0 0
-0.08315396 -0.14200042 5.627254 0 0 0
-0.07684946 -0.14205743 5.6256514 25 30 27
-0.07052398 -0.14211509 5.624069 75 80 76
-0.064260006 -0.14217018 5.622392 105 110 104
-0.058345795 -0.1422112 5.620212 97 102 93
-0.05269265 -0.14224175 5.617658 78 83 70
-0.047013998 -0.14227319 5.6151357 82 88 72
-0.041261435 -0.14230749 5.6127114 107 113 97
-0.035335302 -0.14234857 5.610526 125 130 113
-0.029245138 -0.14239599 5.608564 128 132 113
-0.023130655 -0.14244428 5.606628 127 127 108
-0.016757965 -0.14250258 5.605046 126 122 103
-0.01023531 -0.14256662 5.6036625 124 118 99
-0.0034456253 -0.14264096 5.6026406 123 117 98
0.0034954548 -0.14272106 5.601817 123 119 99
0.010605574 -0.14280756 5.6012154 124 119 100
0.018019438 -0.1429057 5.6010203 125 119 100
0.025381327 -0.14300157 5.6007395 125 119 100
0.03294158 -0.14310493 5.6007166 125 119 100
0.040688515 -0.14321522 5.6009345 124 119 100
0.04834485 -0.14332174 5.601012 123 118 99
0.05610013 -0.14343181 5.60121 123 118 99
0.06396937 -0.14354602 5.601547 123 118 99
0.07188845 -0.14366183 5.6019344 124 119 100
0.08008313 -0.143788 5.6026797 126 121 102
0.088540554 -0.143924 5.603762 127 122 103
0.09709263 -0.1440633 5.604953 127 122 103
0.10568142 -0.14420365 5.6061726 123 118 98
0.114216805 -0.14434154 5.6073008 123 117 98
0.12287855 -0.14448397 5.6085787 128 122 103
0.13161159 -0.14462872 5.609932 128 124 107
0.14051366 -0.14477958 5.61149 116 115 104
0.14952993 -0.14493446 5.613179 92 92 89
0.2666545 -0.14652869 5.612468 94 94 85
0.2734511 -0.14659485 5.6109953 116 115 106
0.27974653 -0.14664204 5.608867 131 131 122
0.28613162 -0.14669247 5.6068482 133 133 124
0.29273415 -0.14675091 5.6051006 133 133 122
0.29917717 -0.14680324 5.603141 136 135 119
0.30572963 -0.14685951 5.6013136 141 138 119
0.46186137 -0.14923933 5.614189 117 119 112
0.47085023 -0.14937983 5.615121 82 85 80
0.55292726 -0.1504853 5.6139855 81 77 69
0.5598557 -0.15054844 5.612251 85 84 75
0.5665257 -0.15060216 5.6101966 88 89 81
0.5736368 -0.15067151 5.608665 95 96 88
0.58107114 -0.15075229 5.6075096 109 109 101
0.5888617 -0.15084556 5.60677 127 125 115
0.59720063 -0.1509582 5.6066713 137 134 123
0.6062653 -0.1510964 5.60742 138 135 122
0.61528563 -0.15123269 5.608098 137 133 117
-0.32047915 -0.13266559 5.6195674 117 110 85
-0.3137312 -0.13274506 5.6190467 121 114 90
-0.30733776 -0.13281012 5.6179748 137 130 107
-0.3012216 -0.13286398 5.616473 151 144 123
-0.29511094 -0.13291742 5.614953 153 146 129
-0.28886676 -0.13297608 5.613626 149 142 126
-0.2824304 -0.13304217 5.61258 148 141 126
-0.27597928 -0.13310863 5.6115446 149 144 126
-0.2693503 -0.13318193 5.6107645 146 143 122
-0.26255155 -0.1332618 5.610227 141 139 116
-0.25576997 -0.1333407 5.6096516 139 137 114
-0.24891686 -0.1334222 5.6091685 141 137 117
-0.24214959 -0.13350011 5.6085463 145 140 121
-0.2353468 -0.1335792 5.6079636 146 141 123
-0.22848392 -0.13366042 5.607457 145 140 121
-0.2212286 -0.13375679 5.6075172 145 140 121
-0.21334171 -0.13387758 5.6084933 144 139 120
-0.20562077 -0.13399155 5.6092052 143 138 119
-0.19749331 -0.13412108 5.610496 141 135 116
-0.18912387 -0.13425963 5.6121206 137 131 112
-0.18089604 -0.13439234 5.613517 129 126 106
-0.17256069 -0.13452882 5.6150484 123 123 102
-0.16430259 -0.13466193 5.6164455 119 121 101
-0.15613604 -0.13479112 5.617689 117 121 103
-0.14752984 -0.13493699 5.6195498 121 124 109
-0.13850021 -0.13509879 5.6219993 120 124 113
-0.12959337 -0.1352554 5.624247 112 115 109
-0.12086153 -0.13540486 5.6262174 91 94 92
-0.1125679 -0.135537 5.627535 63 66 68
-0.104753494 -0.1356504 5.6281447 37 40 43
-0.09750557 -0.13574176 5.627926 19 19 25
-0.09068656 -0.13581641 5.6270804 14 14 14
-0.08388305 -0.13589026 5.6262016 14 13 13
-0.07756257 -0.13594547 5.624624 37 40 37
-0.071217775 -0.13600145 5.623072 80 82 79
-0.06491208 -0.1360558 5.621456 103 107 102
-0.059032917 -0.13609374 5.6192293 91 96 88
-0.05333209 -0.13612483 5.616745 73 77 66
-0.047457933 -0.13616239 5.6144996 78 83 70
-0.041635275 -0.1361979 5.612176 106 111 97
-0.035648346 -0.13623954 5.610077 126 130 114
-0.029515743 -0.13628656 5.6081758 129 133 115
-0.023431063 -0.13633162 5.6061997 129 129 110
-0.017087698 -0.13638636 5.6045775 129 125 106
-0.010578394 -0.13644718 5.6031775 129 122 103
-0.0037858486 -0.13651848 5.602161 128 122 102
0.0031881332 -0.1365964 5.6013846 128 123 103
0.010370016 -0.13668187 5.600884 129 124 104
0.01785469 -0.13677847 5.6007867 130 124 105
0.025264025 -0.13687202 5.600572 130 124 105
0.032841682 -0.13697156 5.6005735 129 124 105
0.040589333 -0.13707721 5.600794 128 123 104
0.04821229 -0.13717793 5.6008263 127 122 103
0.055939198 -0.13728225 5.600986 126 121 103
0.06377101 -0.13739017 5.601273 126 121 103
0.07162094 -0.13749847 5.6015677 128 123 104
0.07973862 -0.1376164 5.60221 129 124 106
0.0881269 -0.13774405 5.6031995 130 125 106
0.09661603 -0.13787508 5.604307 130 125 106
0.10517979 -0.13800852 5.605495 127 122 102
0.11371279 -0.13814047 5.6066217 127 121 102
0.12238932 -0.13827735 5.607921 131 126 106
0.13116932 -0.13841769 5.609339 130 126 109
0.14013433 -0.13856445 5.610983 116 115 104
0.14920926 -0.13871482 5.612752 89 89 87
0.15789843 -0.13885067 5.6139846 47 49 51
0.26556945 -0.14021358 5.6110706 95 95 87
0.27249384 -0.14028153 5.609767 117 117 107
0.2788973 -0.14033061 5.607781 131 132 122
0.28532362 -0.1403804 5.6058173 131 131 122
0.29187942 -0.14043471 5.6040125 128 128 116
0.29821515 -0.140481 5.6019177 130 128 112
0.30463958 -0.14053033 5.5999303 133 129 109
0.45237565 -0.14269495 5.6126413 124 121 114
0.46129632 -0.14282748 5.61351 118 119 114
0.47035766 -0.14296453 5.614533 79 82 79
0.47949052 -0.14310375 5.6156244 22 22 20
0.55236363 -0.14402044 5.6133275 85 84 77
0.5591805 -0.14407705 5.6114607 92 92 86
0.5657327 -0.14412443 5.609267 95 96 90
0.572737 -0.14418723 5.6076093 98 99 92
0.5800803 -0.14426143 5.6063485 109 109 102
0.58773065 -0.144346 5.605444 127 125 115
0.5959513 -0.14444976 5.605207 138 135 124
0.6049354 -0.14457935 5.6058636 142 139 126
0.613868 -0.14470686 5.606441 143 139 123
-0.3201666 -0.12674123 5.620015 117 110 83
-0.31343365 -0.12681657 5.619471 120 113 90
-0.30704618 -0.12687849 5.6183896 137 130 107
-0.30091977 -0.12693027 5.6169024 151 144 123
-0.29483986 -0.12698016 5.6153364 152 145 127
-0.2886114 -0.12703557 5.6139855 147 140 125
-0.2821927 -0.12709801 5.6129117 146 139 124
-0.27579856 -0.12715933 5.61179 147 142 124
-0.26921558 -0.12722762 5.6109414 145 143 121
-0.26247883 -0.12730154 5.6103115 140 139 116
-0.2557931 -0.12737332 5.6095924 138 137 114
-0.24901462 -0.12744838 5.6089997 141 137 117
-0.24231029 -0.12752043 5.6082845 144 138 120
-0.2355473 -0.1275945 5.6076436 144 138 121
-0.2286756 -0.1276724 5.6071515 142 138 119
-0.22138524 -0.12776579 5.6072645 142 137 118
-0.21356201 -0.12787884 5.608147 143 137 118
-0.20592713 -0.12798451 5.608734 141 136 117
-0.19793439 -0.12810323 5.609829 139 133 115
-0.1897173 -0.12822996 5.6112323 136 130 111
-0.181633 -0.1283514 5.61242 131 127 108
-0.17341328 -0.12847756 5.613786 126 125 106
-0.16524386 -0.12860148 5.6150575 123 124 107
-0.15718961 -0.12872079 5.616142 121 123 108
-0.14872718 -0.12885487 5.6177974 123 125 113
-0.13986015 -0.12900351 5.620016 122 125 115
-0.13117194 -0.12914512 5.621952 115 117 110
-0.122662544 -0.1292798 5.623608 98 101 97
-0.114531994 -0.12940016 5.6246967 77 79 78
-0.10686064 -0.12950334 5.625108 59 62 63
-0.09965563 -0.12958913 5.6248345 48 50 54
-0.09254384 -0.12967129 5.6244144 42 43 46
-0.085653305 -0.12974511 5.623665 43 42 42
-0.079253435 -0.1298008 5.6222057 59 59 57
-0.072808504 -0.12985803 5.620802 87 88 85
-0.06636047 -0.12991518 5.6193924 100 102 97
-0.06044197 -0.12995294 5.617226 85 87 80
-0.054543734 -0.12998985 5.6150246 68 69 62
-0.048484564 -0.13003248 5.6130433 77 79 69
-0.042563915 -0.13007 5.6108613 106 109 97
-0.036515713 -0.13011204 5.6088514 127 129 115
-0.030327559 -0.130159 5.607031 133 134 118
-0.024303913 -0.13019992 5.6049724 133 133 116
-0.01796627 -0.130252 5.6033454 137 134 115
-0.011426449 -0.13031124 5.60199 139 134 115
-0.0045866966 -0.13038106 5.6010427 139 133 113
0.0024614334 -0.1304582 5.600372 139 134 114
0.009728193 -0.13054296 5.59999 139 135 115
0.017276049 -0.13063754 5.5999827 141 135 116
0.02470851 -0.13072774 5.599802 141 135 116
0.032298565 -0.13082331 5.5998225 140 135 116
0.04005766 -0.13092467 5.60006 139 134 116
0.04769516 -0.13102141 5.6001153 138 133 114
0.055457354 -0.13112232 5.6003246 137 132 113
0.06332874 -0.13122688 5.600667 137 132 113
0.071177244 -0.13133031 5.6009617 138 133 114
0.0792706 -0.13144213 5.601572 138 133 115
0.08760977 -0.13156237 5.6024976 139 134 115
0.09602189 -0.13168484 5.6035028 139 134 115
0.10451794 -0.13180995 5.6046014 137 132 112
0.1130116 -0.13193464 5.6056776 137 132 112
0.121640444 -0.13206376 5.606915 140 135 115
0.13041162 -0.13219753 5.608324 134 130 115
0.13936758 -0.13233745 5.6099586 118 117 107
0.14841723 -0.13248025 5.611696 88 90 87
0.15708494 -0.13260934 5.6129026 43 47 48
0.16545796 -0.1327278 5.613698 0 0 2
0.17354083 -0.1328358 5.61409 0 0 0
0.25687742 -0.13381389 5.610081 97 96 91
0.26399922 -0.13388582 5.6090465 97 97 89
0.27099633 -0.13395327 5.6078405 119 119 109
0.27748084 -0.13400301 5.6059637 131 132 122
0.2839439 -0.13405189 5.6040516 130 129 119
0.2904954 -0.13410366 5.602245 124 123 111
0.29681778 -0.13414747 5.600137 123 120 105
0.30324125 -0.13419463 5.5981526 126 120 101
0.30994153 -0.13425106 5.5965133 127 121 101
0.44226623 -0.13614358 5.6102986 117 112 102
0.4515884 -0.13628389 5.6116853 121 119 114
0.4605844 -0.13641302 5.61265 119 119 118
0.46969724 -0.13654567 5.613738 81 82 82
0.47889113 -0.13668072 5.6149073 19 20 21
0.5052068 -0.13704191 5.616748 104 103 104
0.5136759 -0.1371517 5.616957 78 77 78
0.52195525 -0.13725494 5.616919 19 18 19
0.5299814 -0.13734958 5.61656 4 3 3
0.5377505 -0.13743553 5.6158743 29 27 24
0.54456973 -0.13748996 5.6140285 63 63 59
0.5512669 -0.1375403 5.6120276 87 88 83
0.55803657 -0.13759287 5.6101065 97 98 93
0.56456494 -0.1376374 5.607888 99 101 95
0.57154727 -0.13769667 5.6062064 99 100 94
0.57885385 -0.13776642 5.6049047 109 109 102
0.5864279 -0.13784473 5.6039124 127 126 117
0.5945289 -0.13794002 5.603536 139 136 125
0.6033957 -0.13806008 5.6040573 142 139 126
0.6121819 -0.13817717 5.6044655 142 138 123
0.6207192 -0.13828589 5.604561 144 137 122
-0.3132627 -0.12088293 5.619703 117 110 86
-0.30687428 -0.12094198 5.6186233 132 125 103
-0.3007486 -0.12099132 5.617134 146 139 118
-0.29469442 -0.12103793 5.615529 147 140 122
-0.2884729 -0.12109044 5.614167 142 135 119
-0.28205776 -0.12114984 5.6130886 142 135 118
-0.27565598 -0.12120855 5.611979 143 138 120
-0.2690556 -0.12127428 5.6111565 141 139 117
-0.26227522 -0.12134631 5.6105914 137 136 113
-0.25561094 -0.12141392 5.6098404 136 135 112
-0.2488885 -0.121483445 5.609164 139 135 115
-0.2422266 -0.12155062 5.6083856 142 136 118
-0.23550606 -0.12161969 5.607682 142 136 118
-0.22864461 -0.12169361 5.6071754 140 135 116
-0.22137737 -0.12178178 5.607255 141 136 117
-0.21368814 -0.12188473 5.6079407 142 136 118
-0.20620942 -0.12197994 5.6082983 139 133 115
-0.19841313 -0.12208611 5.609106 132 126 108
-0.19039917 -0.122199774 5.6102138 127 122 103
-0.18248796 -0.12230942 5.6111517 125 122 103
-0.17440867 -0.12242475 5.612315 125 124 106
-0.16637039 -0.12253827 5.6134 123 123 108
-0.15845728 -0.12264711 5.614283 119 119 107
-0.15020943 -0.12276739 5.615632 119 119 109
-0.14159799 -0.12290016 5.617486 118 120 111
-0.13322902 -0.12302403 5.6189675 114 115 107
-0.12504625 -0.123141035 5.620159 103 105 99
-0.11715031 -0.12324762 5.6209188 91 92 89
-0.109634876 -0.12334067 5.6211147 83 85 84
-0.102164984 -0.12343185 5.6212296 80 82 83
-0.09493494 -0.1235144 5.6209855 76 77 80
-0.08800936 -0.1235861 5.620294 76 75 76
-0.081538916 -0.123641744 5.6189427 83 82 81
-0.07498217 -0.12370029 5.617704 95 95 93
-0.06845546 -0.1237576 5.6164136 97 97 93
-0.06234789 -0.12380023 5.6145205 80 81 75
-0.05609989 -0.123847604 5.6128182 67 67 61
-0.04982686 -0.12389569 5.611143 78 79 70
-0.04369545 -0.1239388 5.6092615 107 108 98
-0.037488937 -0.12398437 5.6074777 129 129 117
-0.031166792 -0.12403378 5.605847 136 136 122
-0.025077343 -0.124075055 5.6038837 138 137 121
-0.01877737 -0.124123484 5.6022067 142 139 121
-0.012178421 -0.124181986 5.6009374 145 140 121
-0.0052723885 -0.124250844 5.6000834 145 140 121
0.0018496513 -0.124326944 5.599518 146 140 122
0.009183168 -0.12441002 5.5992303 146 142 123
0.016749859 -0.124500826 5.5992513 148 143 124
0.024146795 -0.12458563 5.5990233 148 143 124
0.031694174 -0.1246753 5.598987 146 142 124
0.039421797 -0.124770865 5.5991836 145 140 122
0.04702902 -0.12486209 5.599199 144 139 120
0.054806948 -0.12495886 5.5994334 144 139 119
0.06271219 -0.12505968 5.5998235 144 139 119
0.07060838 -0.1251599 5.6001854 144 139 120
0.078745365 -0.125268 5.6008573 144 139 120
0.087116 -0.12538366 5.601827 143 138 120
0.095510244 -0.12549986 5.6028094 144 139 120
0.10396099 -0.1256176 5.6038494 145 140 120
0.11241937 -0.12573531 5.6048803 145 140 120
0.12098813 -0.12585641 5.6060395 145 139 121
0.12970257 -0.12598203 5.6073737 136 132 117
0.13858104 -0.12611286 5.608907 123 122 113
0.14750981 -0.12624499 5.610486 100 103 100
0.15606618 -0.12636434 5.611548 64 69 69
0.16435647 -0.12647456 5.6122365 23 27 29
0.17239356 -0.12657604 5.6125712 21 24 24
0.18002677 -0.12666385 5.6123548 70 74 72
0.18759632 -0.12674932 5.6120405 117 121 118
0.24112344 -0.12735914 5.6101556 108 106 107
0.24808383 -0.12742281 5.608938 109 108 106
0.2554052 -0.12749818 5.608179 93 91 88
0.26257992 -0.12756851 5.6072173 96 95 88
0.26958036 -0.12763302 5.6060195 119 119 109
0.27607226 -0.12768073 5.604157 133 134 123
0.28252864 -0.12772712 5.6022396 131 132 120
0.28907347 -0.12777631 5.600429 126 125 112
0.29541302 -0.12781866 5.5983477 125 121 106
0.30188322 -0.1278652 5.5964265 127 121 102
0.30864477 -0.12792104 5.594869 128 121 102
0.42274547 -0.12947054 5.6063886 131 124 106
0.43198657 -0.12960245 5.6077194 123 117 103
0.44146228 -0.12974146 5.6093206 117 112 103
0.4508431 -0.12987712 5.6107826 122 119 116
0.45990396 -0.13000228 5.6118283 118 118 119
0.46906734 -0.1301304 5.612982 77 78 80
0.47833037 -0.13026133 5.6142373 12 13 14
0.48731256 -0.13038303 5.615128 0 1 1
0.49605966 -0.13049702 5.6157126 57 57 59
0.50464463 -0.13060561 5.6160808 103 104 107
0.5130398 -0.13070796 5.616203 75 75 78
0.52123857 -0.13080384 5.6160684 10 11 13
0.529155 -0.13089064 5.6155777 0 0 0
0.5368283 -0.13096955 5.6147785 18 20 17
0.5435846 -0.13101953 5.6128597 58 60 57
0.5502169 -0.13106549 5.610783 88 90 87
0.5569227 -0.13111362 5.608788 103 104 101
0.5634301 -0.13115543 5.6065474 105 106 101
0.5703871 -0.13121122 5.6048393 102 103 96
0.57766414 -0.13127679 5.603505 109 111 102
0.5851972 -0.13135022 5.602467 127 127 117
0.5932181 -0.13143858 5.6019983 137 135 124
0.6019933 -0.13155022 5.602414 139 136 123
0.61065793 -0.13165815 5.6026816 137 133 118
0.61905456 -0.13175747 5.602615 138 132 115
-0.3131926 -0.114945784 5.619781 112 106 81
-0.30680037 -0.115002036 5.6187077 126 119 97
-0.30067444 -0.11504896 5.6172194 140 133 113
-0.29463315 -0.115092814 5.615595 141 134 117
-0.28840208 -0.11514312 5.6142483 137 130 114
-0.2819631 -0.115200385 5.6132054 137 131 114
-0.27548718 -0.11525875 5.612207 140 135 116
-0.26880193 -0.115324154 5.6115117 139 136 114
-0.261935 -0.115395576 5.611076 134 133 110
-0.25526118 -0.11546019 5.610338 133 132 108
-0.24859548 -0.11552434 5.609577 136 133 112
-0.24198222 -0.11558655 5.6087255 140 135 116
-0.23532414 -0.11565007 5.607929 141 135 117
-0.22849178 -0.11571935 5.6073794 140 134 116
-0.22127914 -0.115801334 5.607378 142 137 118
-0.2137568 -0.1158936 5.607818 143 139 120
-0.20648718 -0.115977034 5.6078687 138 132 114
-0.19892955 -0.11606997 5.6083283 124 118 100
-0.19116426 -0.11616966 5.6090736 115 110 91
-0.18347764 -0.1162664 5.6096864 115 112 93
-0.17560887 -0.11636904 5.610547 119 117 101
-0.16777682 -0.11647013 5.611335 118 117 102
-0.16006184 -0.116567 5.6119347 112 110 99
-0.1520679 -0.11667295 5.612921 110 108 97
-0.14375567 -0.11678931 5.614349 111 110 100
-0.13572669 -0.116895825 5.615347 110 111 101
-0.12788033 -0.11699596 5.616062 106 107 99
-0.12001014 -0.11709665 5.6167936 103 104 98
-0.11241913 -0.11718769 5.6171064 103 105 101
-0.105033875 -0.11727172 5.617109 107 108 106
-0.097821236 -0.11734977 5.6168494 107 107 107
-0.09088063 -0.11741857 5.616188 105 105 103
-0.0843482 -0.11747369 5.6149344 104 103 101
-0.07767296 -0.117533386 5.613873 103 103 99
-0.07106471 -0.11759071 5.612706 96 97 90
-0.06461859 -0.11764249 5.6112995 82 81 74
-0.058044434 -0.11769837 5.6100645 74 74 65
-0.05149722 -0.11775324 5.608782 85 86 75
-0.045060158 -0.117804304 5.6073346 109 111 99
-0.038588047 -0.11785637 5.6059275 128 129 116
-0.03201723 -0.11791155 5.604648 136 136 120
-0.025751352 -0.11795662 5.602934 139 136 120
-0.019406796 -0.1180041 5.601321 142 137 120
-0.012696266 -0.118063435 5.6002088 144 138 120
-0.0057120323 -0.11813146 5.5994654 145 139 120
0.001447916 -0.11820507 5.598954 146 140 122
0.008769035 -0.11828369 5.598651 147 142 124
0.016265392 -0.118367776 5.598577 148 143 124
0.023548365 -0.11844474 5.5981936 148 143 124
0.031002283 -0.11852701 5.598032 146 141 123
0.03867507 -0.11861615 5.5981555 144 139 121
0.04624486 -0.1187017 5.598123 143 138 119
0.054035902 -0.11879419 5.598377 143 138 119
0.06198907 -0.11889161 5.5988355 143 138 119
0.0699718 -0.11898975 5.599317 143 138 119
0.0782187 -0.119096085 5.60014 143 138 119
0.086685896 -0.1192092 5.6012425 142 137 119
0.09511566 -0.11932081 5.602275 143 138 119
0.10352707 -0.11943154 5.6032634 146 141 122
0.11193752 -0.11954197 5.6042314 146 141 122
0.12041855 -0.11965436 5.605274 142 136 118
0.12902427 -0.11977039 5.606465 132 128 113
0.1377635 -0.11989038 5.607815 127 125 116
0.14649415 -0.120009765 5.6091323 121 124 119
0.15486312 -0.12011737 5.6099477 103 108 107
0.16304588 -0.1202188 5.6104965 76 79 79
0.17104864 -0.1203143 5.61079 70 73 70
0.17870188 -0.12039845 5.6106043 98 101 98
0.18628931 -0.12048034 5.610317 125 128 125
0.19392371 -0.12056348 5.6100783 117 121 117
0.20154715 -0.12064609 5.609811 80 85 82
0.20939827 -0.12073563 5.6098275 52 55 53
0.21745253 -0.120831296 5.6100955 46 47 46
0.22523332 -0.120918155 5.6099896 55 54 55
0.232692 -0.12099469 5.609449 83 81 82
0.23991323 -0.121063605 5.608586 103 101 102
0.24693084 -0.12112601 5.6074467 99 97 96
0.2541232 -0.12119365 5.6065235 86 84 81
0.2613032 -0.12126078 5.6055727 92 91 86
0.26823926 -0.12132014 5.6042957 117 117 108
0.27466798 -0.12136355 5.602355 134 134 123
0.2810905 -0.121406704 5.600399 135 136 124
0.28764033 -0.12145369 5.598599 132 132 119
0.29404545 -0.12149604 5.5966053 134 131 115
0.3006146 -0.12154338 5.5948143 137 132 113
0.3074746 -0.121599555 5.5933867 139 132 113
0.4035709 -0.12283626 5.602815 136 130 108
0.412678 -0.12295826 5.604023 136 128 108
0.42211556 -0.12308994 5.605621 134 127 109
0.43139672 -0.12321663 5.607004 127 120 107
0.44086862 -0.12334873 5.608602 121 116 107
0.45023608 -0.123477355 5.6100497 124 121 118
0.45931602 -0.123596966 5.611121 117 116 118
0.46851754 -0.12371996 5.6123233 72 73 75
0.47786403 -0.12384701 5.6136827 5 6 6
0.48691058 -0.12396468 5.614654 0 0 0
0.495651 -0.124072924 5.6152325 53 54 55
0.5042374 -0.12417622 5.6156034 102 104 108
0.5125525 -0.124271154 5.6156287 73 75 79
0.5206115 -0.12435816 5.615327 6 9 10
0.52845407 -0.12443851 5.6147485 0 0 0
0.5359752 -0.12450902 5.613767 11 14 12
0.54263186 -0.124553576 5.6117296 53 56 54
0.5491879 -0.124595046 5.609565 87 89 87
0.5558517 -0.1246396 5.607522 106 108 105
0.5623801 -0.12468001 5.605309 108 110 105
0.5693462 -0.12473336 5.603615 104 106 99
0.57662606 -0.124795824 5.6022873 110 112 103
0.5841801 -0.12486629 5.6012764 125 127 117
0.5921743 -0.12494959 5.60078 133 133 122
0.60091233 -0.12505464 5.601154 133 131 118
0.6095183 -0.1251556 5.6013546 131 127 112
0.6178024 -0.12524675 5.6011577 131 126 109
-0.3130095 -0.109012604 5.6200314 111 104 79
-0.3065865 -0.10906698 5.6190042 124 117 95
-0.30042148 -0.109112725 5.617575 138 131 111
-0.2943616 -0.109154925 5.6159787 139 132 115
-0.28811622 -0.10920307 5.614653 135 128 112
-0.28169155 -0.10925691 5.613588 135 129 112
-0.27519488 -0.10931292 5.612621 138 133 114
-0.2684703 -0.10937619 5.611984 137 134 112
-0.26156688 -0.10944511 5.611602 133 131 108
-0.25489068 -0.10950643 5.6108675 132 130 107
-0.24829221 -0.10956508 5.610005 135 132 111
-0.24172044 -0.10962269 5.6090918 139 134 115
-0.23512077 -0.10968104 5.6082087 138 133 115
-0.22832608 -0.10974552 5.607602 138 132 114
-0.22111726 -0.10982314 5.6075954 140 135 116
-0.21376514 -0.10990515 5.6077847 141 137 118
-0.20667315 -0.10997859 5.607575 134 129 110
-0.19932175 -0.11006014 5.607732 118 112 93
-0.19178224 -0.11014745 5.608149 107 101 82
-0.18431258 -0.11023231 5.608447 106 102 84
-0.17667508 -0.11032228 5.608973 111 109 92
-0.16910386 -0.110409886 5.6093855 112 109 93
-0.16163063 -0.11049414 5.6096387 106 103 89
-0.15394258 -0.11058499 5.6101875 103 100 87
-0.1459024 -0.11068675 5.611228 105 103 90
-0.13797092 -0.1107848 5.612092 106 105 92
-0.13029408 -0.110874504 5.6125703 105 105 93
-0.122694254 -0.11096153 5.612921 106 107 97
-0.11529994 -0.111041814 5.612961 110 111 102
-0.10801339 -0.11111848 5.6128306 116 116 108
-0.10082841 -0.111191764 5.6125407 118 118 111
-0.093877316 -0.11125748 5.611904 117 117 109
-0.08726406 -0.11131242 5.610774 111 111 104
-0.08056545 -0.11136988 5.609755 106 106 98
-0.07373905 -0.11143115 5.6089067 97 97 87
-0.06690359 -0.111492604 5.6080585 87 86 75
-0.06007743 -0.11155352 5.6071863 83 83 70
-0.0532701 -0.11161372 5.6062756 91 92 78
-0.046545744 -0.11167118 5.605237 107 109 94
-0.039837837 -0.11172797 5.6041656 120 121 106
-0.033073187 -0.111786366 5.603162 126 126 108
-0.026661634 -0.11183363 5.6016545 130 127 109
-0.020264149 -0.11188035 5.6001186 135 130 112
-0.013440609 -0.1119401 5.5991664 139 133 115
-0.00637722 -0.112007156 5.5985355 140 134 116
0.000828743 -0.11207837 5.5980897 142 135 118
0.008150578 -0.11215299 5.5977902 143 137 119
0.015597105 -0.112231225 5.597649 144 139 120
0.022833824 -0.11230281 5.5972047 144 139 120
0.030272484 -0.112380385 5.597025 142 137 118
0.037956238 -0.11246528 5.5971656 140 135 116
0.04553771 -0.1125468 5.5971513 139 134 115
0.053343058 -0.11263497 5.597427 140 135 116
0.061313868 -0.11272797 5.597912 140 135 116
0.06935048 -0.11282267 5.5984697 140 135 117
0.0776546 -0.11292529 5.599373 141 136 117
0.08616686 -0.11303395 5.6005383 140 135 117
0.094575405 -0.1131392 5.6015434 141 135 116
0.10288119 -0.11324103 5.6023912 143 138 119
0.111193895 -0.11334282 5.60323 141 136 117
0.11955881 -0.11344589 5.60412 133 127 109
0.1280284 -0.1135519 5.605131 124 119 103
0.13662052 -0.11366129 5.6062865 125 123 111
0.14514899 -0.11376846 5.6073384 132 134 127
0.15334487 -0.113865346 5.607927 131 133 131
0.16145134 -0.11395933 5.60838 117 119 116
0.16946125 -0.11405015 5.6086874 110 111 107
0.1771667 -0.114131585 5.6085753 119 120 115
0.18478894 -0.11421034 5.608339 128 130 125
0.19237733 -0.11428791 5.608044 123 125 121
0.19990206 -0.11436336 5.607651 105 109 105
0.207659 -0.11444551 5.607549 90 93 90
0.21565056 -0.11453444 5.6077404 82 83 81
0.22341776 -0.11461645 5.607622 85 85 84
0.23089433 -0.11468966 5.6071095 96 94 93
0.23820806 -0.114757806 5.606372 101 99 98
0.24531198 -0.1148196 5.60535 92 90 89
0.25247765 -0.11488305 5.6043973 83 82 78
0.25971413 -0.11494842 5.603524 91 90 85
0.26664376 -0.115004554 5.602243 115 115 107
0.27309084 -0.11504634 5.600331 133 133 123
0.27956748 -0.11508891 5.598449 137 138 127
0.2862239 -0.11513662 5.59679 138 138 125
0.29277587 -0.11518118 5.594989 142 140 123
0.29948688 -0.11523026 5.5933824 146 143 123
0.30645776 -0.11528681 5.5920997 149 143 123
0.31371236 -0.11535153 5.591168 149 144 124
0.40289617 -0.116469935 5.6019883 141 135 113
0.41207528 -0.11658774 5.6032877 141 133 113
0.42159295 -0.11671497 5.6049876 139 131 114
0.4309399 -0.116837025 5.6064534 133 125 112
0.4404118 -0.11696233 5.608053 126 121 112
0.44972396 -0.11708273 5.609434 128 125 121
0.45875812 -0.117194906 5.610451 121 121 121
0.4679172 -0.1173103 5.6116023 80 82 84
0.47724748 -0.11743036 5.612944 21 22 22
0.48627353 -0.11754143 5.6138926 10 10 11
0.49493766 -0.117641866 5.614379 63 64 66
0.503495 -0.11773905 5.6147175 105 109 113
0.51174617 -0.11782728 5.6146665 79 83 86
0.51978135 -0.11790915 5.614338 20 23 25
0.52759814 -0.11798462 5.6137304 5 5 5
0.5350139 -0.11804856 5.612624 19 23 22
0.5416267 -0.11808963 5.610537 55 59 58
0.54816604 -0.11812846 5.6083546 86 89 87
0.55484796 -0.118171275 5.606336 104 106 104
0.5614364 -0.118211344 5.6041985 106 108 104
0.56842446 -0.118262544 5.6025333 102 105 99
0.57570195 -0.11832176 5.6012053 109 112 104
0.58325934 -0.1183887 5.6002016 124 126 117
0.5911982 -0.11846617 5.5996413 131 132 123
0.59985995 -0.1185637 5.599927 131 129 118
0.6083882 -0.118657276 5.6000385 129 125 112
0.61654735 -0.11874029 5.599696 129 126 109
-0.30605674 -0.1031415 5.6197805 128 120 98
-0.29982114 -0.103186935 5.6184573 142 135 114
-0.29373193 -0.10322769 5.6169033 143 135 118
-0.28750324 -0.10327265 5.615551 137 130 114
-0.28115773 -0.10332109 5.614366 135 130 112
-0.2747321 -0.10337183 5.6132903 137 132 113
-0.26805043 -0.103430346 5.612588 136 133 111
-0.2611575 -0.103495136 5.61219 134 132 109
-0.25448346 -0.10355303 5.6114516 134 131 109
-0.24792743 -0.10360718 5.610525 135 132 111
-0.24137974 -0.1036609 5.6095753 137 132 113
-0.23483038 -0.103714526 5.608617 136 131 113
-0.22807264 -0.103774354 5.6079555 136 129 112
-0.22079039 -0.10384996 5.6080565 135 131 111
-0.21358752 -0.10392295 5.608025 135 131 111
-0.20663595 -0.103988096 5.607609 129 124 105
-0.19944978 -0.1040602 5.6075244 115 110 91
-0.19211602 -0.10413654 5.6076407 106 100 81
-0.18487167 -0.104210004 5.6076107 104 99 81
-0.17749834 -0.10428712 5.607754 107 103 84
-0.17023969 -0.104360566 5.6077147 107 103 85
-0.16306019 -0.104431435 5.6075454 104 101 84
-0.15546608 -0.10451457 5.6079626 103 99 83
-0.14751172 -0.1046083 5.6088843 103 100 83
-0.13987899 -0.10469209 5.6093216 104 101 83
-0.132509 -0.1047678 5.609365 103 102 84
-0.12512922 -0.10484362 5.6094065 103 104 87
-0.11787462 -0.10491547 5.609254 106 107 90
-0.11066055 -0.10498591 5.609028 110 110 94
-0.10347724 -0.10505526 5.608744 112 112 96
-0.09648323 -0.10511877 5.608177 111 111 96
-0.08981252 -0.105172515 5.607137 108 107 94
-0.08302069 -0.105229706 5.606259 104 103 89
-0.075963736 -0.105294585 5.605744 99 98 83
-0.06890535 -0.1053593 5.6052184 96 93 79
-0.061882257 -0.10542284 5.6046295 94 92 77
-0.054872036 -0.10548583 5.60401 97 96 79
-0.047920227 -0.10554689 5.6032968 103 103 84
-0.04103279 -0.105605915 5.602481 106 107 87
-0.034142256 -0.10566488 5.601657 109 109 88
-0.02764225 -0.10571222 5.600277 115 113 92
-0.021180153 -0.10575831 5.5988336 125 120 101
-0.014293194 -0.10581669 5.597973 133 128 109
-0.007196188 -0.105881065 5.5973916 136 130 112
1.7881393E-05 -0.10594872 5.5969596 136 130 112
0.0073423386 -0.10601936 5.596667 136 130 112
0.014790773 -0.10609341 5.5965314 138 133 114
0.022084713 -0.10616279 5.5961685 139 134 115
0.029626846 -0.106239185 5.5961323 138 134 114
0.037421227 -0.106322676 5.5964274 137 132 113
0.045081377 -0.106402054 5.5965223 137 132 113
0.05290079 -0.10648586 5.59682 138 133 114
0.060842514 -0.106572956 5.597267 138 133 115
0.06885767 -0.106661886 5.5977964 139 134 115
0.077135086 -0.10675818 5.5986648 140 135 117
0.085609674 -0.10685985 5.5997815 140 135 116
0.093946934 -0.10695736 5.6006927 139 134 115
0.10211825 -0.10704981 5.6013618 138 133 114
0.11032319 -0.107143015 5.6020575 133 127 108
0.118582726 -0.10723749 5.602809 123 117 98
0.12693644 -0.10733442 5.603668 114 109 92
0.13541865 -0.10743478 5.6046805 117 114 100
0.14380908 -0.10753225 5.6055512 127 127 117
0.15190482 -0.10762107 5.606011 134 134 127
0.15999913 -0.10770963 5.606452 129 130 123
0.16805196 -0.10779677 5.606821 124 124 117
0.17581677 -0.107875526 5.6067915 123 122 116
0.18346167 -0.10795066 5.6065893 124 123 118
0.19092894 -0.10802063 5.606138 122 122 117
0.19833875 -0.10808875 5.605599 118 119 114
0.2059586 -0.10816263 5.605322 114 115 110
0.2138195 -0.10824312 5.6053467 110 110 104
0.22150922 -0.10831854 5.605132 108 108 103
0.22894645 -0.10838671 5.604574 108 107 102
0.23630953 -0.10845262 5.6039066 103 102 98
0.24349785 -0.108513474 5.6029997 93 92 88
0.2507677 -0.10857645 5.602187 88 87 81
0.25811672 -0.108641446 5.6014643 96 95 89
0.26512218 -0.10869673 5.6002865 114 114 105
0.27168083 -0.10873936 5.5985217 129 129 120
0.27831626 -0.10878405 5.596848 135 135 126
0.28515482 -0.10883427 5.5954266 137 137 126
0.29188442 -0.108881354 5.5938563 144 142 125
0.29872608 -0.10893142 5.5924206 149 144 125
0.30575657 -0.10898657 5.5912156 151 146 125
0.3130498 -0.10904884 5.590335 151 146 126
0.4117682 -0.11022766 5.602921 145 138 119
0.42141128 -0.11035144 5.604778 143 135 119
0.4308741 -0.11046997 5.6063886 135 128 115
0.4403584 -0.110588804 5.6080036 127 123 113
0.4495914 -0.1107005 5.6092877 130 128 123
0.45851064 -0.110803425 5.610163 130 131 130
0.4675176 -0.11090848 5.6111283 105 107 108
0.47669625 -0.11101793 5.6122856 63 64 66
0.48559356 -0.11111948 5.6130776 53 54 57
0.49412084 -0.11121081 5.613399 88 90 93
0.5026243 -0.11130127 5.6136746 116 119 123
0.51084495 -0.11138387 5.613589 96 99 102
0.5189464 -0.111463115 5.613344 52 54 55
0.5268452 -0.11153668 5.612838 37 37 38
0.53424954 -0.11159685 5.61172 46 49 48
0.5409081 -0.11163692 5.6096907 68 72 70
0.54752755 -0.11167583 5.6076064 88 91 88
0.55430007 -0.111718684 5.605699 99 102 99
0.56099963 -0.11175954 5.603697 98 102 98
0.56801534 -0.1118087 5.602066 97 101 96
0.5752537 -0.11186367 5.6006927 105 109 104
0.5827668 -0.11192578 5.5996375 123 125 118
0.59059644 -0.111996144 5.5989485 132 134 126
0.5991118 -0.11208451 5.5990624 134 133 124
0.6075151 -0.11216968 5.599027 134 131 120
0.615546 -0.112244815 5.598536 135 133 118
-0.30623007 -0.097194165 5.619489 133 126 103
-0.29992294 -0.09723905 5.6182756 148 141 120
-0.29376078 -0.09727958 5.6168327 149 141 124
-0.28749132 -0.097323135 5.615543 142 135 119
-0.28117728 -0.09736787 5.6143103 138 133 116
-0.27481413 -0.09741388 5.6131415 138 134 115
-0.26818347 -0.09746754 5.6123643 138 135 113
-0.26131845 -0.09752777 5.611924 138 135 113
-0.25464773 -0.09758225 5.611182 138 135 113
-0.24811816 -0.09763253 5.6102176 138 134 114
-0.24159312 -0.09768246 5.609235 138 132 114
-0.23509765 -0.09773147 5.6081977 137 131 113
-0.22816491 -0.09779289 5.6077967 135 129 111
-0.22100425 -0.09786068 5.6077194 133 129 109
-0.21398091 -0.09792429 5.6074247 131 127 107
-0.20718455 -0.09798129 5.606782 127 122 103
-0.20017529 -0.0980442 5.606439 120 115 95
-0.193043 -0.09811044 5.606263 113 108 89
-0.18598795 -0.098174274 5.6059604 109 104 85
-0.17883277 -0.09824081 5.605789 109 105 85
-0.17181301 -0.09830329 5.6054063 110 105 86
-0.16464353 -0.09836984 5.6052284 111 107 87
-0.15709043 -0.098447084 5.6055913 111 107 87
-0.14935327 -0.098529324 5.606204 110 106 85
-0.14191222 -0.098602965 5.606372 108 105 84
-0.13474345 -0.09866874 5.6061316 106 104 83
-0.12752771 -0.09873563 5.605944 104 105 83
-0.120402336 -0.09879978 5.605613 104 105 82
-0.11328626 -0.09886353 5.6052556 104 104 82
-0.106157064 -0.09892745 5.6049037 104 104 82
-0.09916973 -0.09898724 5.604335 105 103 83
-0.09249377 -0.09903811 5.603311 105 103 84
-0.08560872 -0.09909472 5.6025724 106 103 85
-0.078389406 -0.09916045 5.6022964 106 103 86
-0.07120514 -0.099225104 5.601956 107 103 86
-0.06403637 -0.09928909 5.60158 106 103 85
-0.0568645 -0.099353015 5.6011953 105 102 83
-0.04972458 -0.09941585 5.600752 104 102 81
-0.042675495 -0.099476025 5.600168 101 99 77
-0.03566265 -0.09953503 5.5995207 100 98 76
-0.029055834 -0.09958263 5.5982943 106 103 82
-0.022430182 -0.099630624 5.597084 119 115 95
-0.015467644 -0.099687815 5.596332 130 126 106
-0.008339882 -0.09974934 5.5957975 134 129 110
-0.001139164 -0.09981276 5.595351 132 127 108
0.0061631203 -0.09987876 5.5950313 131 126 107
0.013589859 -0.09994802 5.5948696 134 129 110
0.020936012 -0.10001485 5.594582 135 130 111
0.028586626 -0.10008988 5.594699 136 131 112
0.03650713 -0.10017201 5.5951705 136 131 112
0.044284105 -0.100250095 5.5954285 136 131 112
0.05215001 -0.10033031 5.5957913 136 131 112
0.060083628 -0.10041219 5.59623 136 131 113
0.06807375 -0.10049537 5.5967283 137 132 114
0.07629633 -0.10058464 5.5975246 139 134 116
0.084715605 -0.10067901 5.598569 139 134 115
0.09298563 -0.1007691 5.599392 136 131 112
0.10105348 -0.10085346 5.599925 132 127 108
0.10918164 -0.10093926 5.600521 125 119 100
0.117364645 -0.1010263 5.6011734 114 108 90
0.12561536 -0.10111494 5.601899 106 100 83
0.13398528 -0.101206526 5.602765 107 103 87
0.14223337 -0.10129459 5.6034503 114 112 98
0.15022993 -0.101375714 5.603782 121 119 107
0.15829802 -0.10145852 5.6041937 121 120 109
0.16637039 -0.101541206 5.6045933 119 117 107
0.17418265 -0.10161677 5.604632 116 114 105
0.18177533 -0.10168627 5.6043653 115 112 105
0.18917108 -0.10175033 5.6038256 116 113 106
0.19649076 -0.101812184 5.6031723 118 115 109
0.20399714 -0.10187885 5.602752 119 118 111
0.21174908 -0.10195185 5.6026397 119 119 109
0.21936846 -0.10202119 5.6023393 116 116 106
0.22676611 -0.10208443 5.601736 111 111 102
0.23415971 -0.102147415 5.601114 104 104 96
0.24141932 -0.10220669 5.6003056 96 96 88
0.24889493 -0.10227153 5.5997653 94 94 85
0.25633073 -0.10233514 5.5991607 99 99 90
0.26340866 -0.10238917 5.598081 111 111 100
0.27006245 -0.10243195 5.596444 120 120 110
0.27682853 -0.102477536 5.594943 125 125 116
0.28381252 -0.102528706 5.593713 130 129 119
0.29068494 -0.10257684 5.5923295 139 136 121
0.29762912 -0.102626726 5.5910277 145 140 121
0.3047228 -0.102680385 5.5899067 148 143 122
0.31206107 -0.10274024 5.589087 148 143 123
0.3199017 -0.10281308 5.5888934 148 143 125
0.41120648 -0.10386257 5.6022363 147 140 122
0.4209292 -0.10398127 5.604194 144 136 121
0.43046308 -0.10409482 5.605895 132 126 112
0.4399302 -0.10420637 5.6074905 122 119 107
0.44906735 -0.1043092 5.608657 126 125 117
0.4578421 -0.10440256 5.609357 134 134 131
0.46667075 -0.10449703 5.610105 126 127 127
0.47566772 -0.10459557 5.611041 103 104 106
0.48441863 -0.10468756 5.6116567 96 97 100
0.4928167 -0.10477038 5.6118236 112 113 115
0.501251 -0.10485393 5.612018 125 126 127
0.5094373 -0.10493095 5.611894 112 113 114
0.5175121 -0.10500498 5.6116204 87 87 87
0.5254557 -0.10507549 5.6111736 76 76 75
0.53291726 -0.10513365 5.610129 79 80 78
0.5396049 -0.10517217 5.608137 87 89 85
0.54629445 -0.10521062 5.606141 93 95 90
0.5531757 -0.105253816 5.604368 94 97 92
0.560014 -0.10529581 5.602536 91 95 91
0.56710553 -0.10534409 5.6009994 93 97 93
0.57434916 -0.105396 5.599634 103 107 103
0.58184123 -0.10545404 5.598556 121 123 117
0.5895884 -0.105518326 5.597772 133 134 127
0.5979879 -0.10559875 5.5977507 139 138 130
0.60631824 -0.10567722 5.5976324 141 139 129
0.61429715 -0.10574676 5.5970826 143 141 128
-0.30704713 -0.0912303 5.6182213 134 129 104
-0.30069017 -0.091273814 5.617086 150 145 123
-0.29442477 -0.09131475 5.615803 152 146 128
-0.28805757 -0.091358304 5.614662 145 139 123
-0.2817173 -0.09140104 5.6134715 141 136 120
-0.27538586 -0.09144339 5.6122575 141 137 118
-0.2687757 -0.09149322 5.611451 141 138 117
-0.26191306 -0.091549754 5.6110106 141 138 117
-0.25520062 -0.09160206 5.610333 141 138 117
-0.24863696 -0.09165017 5.6094213 141 137 118
-0.24210429 -0.09169732 5.6084523 141 135 117
-0.2354846 -0.09174666 5.607601 140 135 116
-0.2285397 -0.09180467 5.6072197 138 133 114
-0.2215302 -0.09186424 5.606921 136 132 112
-0.21471024 -0.09191856 5.6063285 134 130 110
-0.20808959 -0.09196736 5.6054306 131 126 107
-0.20128536 -0.092020944 5.60479 128 123 104
-0.19436526 -0.09207748 5.604307 125 120 101
-0.18747449 -0.092133075 5.603769 121 116 97
-0.18048787 -0.092191085 5.6033573 120 115 95
-0.17360783 -0.092246085 5.602777 122 117 96
-0.1662972 -0.092312396 5.602809 125 121 99
-0.15884256 -0.09238236 5.603035 126 122 100
-0.15123129 -0.092456296 5.6034713 124 120 98
-0.14389205 -0.092522815 5.603498 122 119 95
-0.13683009 -0.09258179 5.603111 120 118 94
-0.12971759 -0.09264192 5.6027822 118 117 93
-0.12268472 -0.092699796 5.6023254 116 116 92
-0.11563897 -0.092757866 5.6018744 114 114 90
-0.10855794 -0.09281668 5.6014605 113 112 89
-0.101587534 -0.092872456 5.600876 113 111 89
-0.094896555 -0.09292072 5.5998807 114 111 90
-0.087976456 -0.09297484 5.5992002 116 112 93
-0.08074427 -0.093037024 5.598949 118 115 95
-0.073513985 -0.09309895 5.5986814 120 116 97
-0.06628275 -0.09316076 5.5984006 119 116 97
-0.059013367 -0.09322341 5.5981603 117 114 94
-0.0517385 -0.09328599 5.597913 115 112 91
-0.0445621 -0.09334588 5.5975137 111 108 85
-0.037442207 -0.0934041 5.597022 108 105 83
-0.0306983 -0.093452424 5.595993 111 107 88
-0.023862362 -0.09350298 5.5950804 123 118 99
-0.016828299 -0.093558535 5.594433 133 128 109
-0.009670258 -0.09361717 5.593944 136 131 112
-0.002453804 -0.09367715 5.5935235 133 128 110
0.004868984 -0.09373966 5.5932364 132 126 108
0.012303352 -0.093804926 5.593089 133 128 109
0.01971674 -0.09386946 5.592899 134 129 110
0.027481556 -0.09394288 5.593177 136 131 112
0.035500288 -0.09402256 5.593786 136 131 112
0.043375015 -0.09409839 5.59418 136 131 112
0.05125904 -0.094174206 5.5945716 134 129 111
0.059168577 -0.094250485 5.5949802 133 129 111
0.06711984 -0.09432764 5.595429 134 130 111
0.075284004 -0.09441 5.5961494 136 131 113
0.08366752 -0.09449774 5.5971484 135 130 111
0.09190822 -0.094581604 5.597935 132 127 109
0.0999527 -0.09466025 5.5984397 127 123 104
0.108071566 -0.09474063 5.5990267 119 115 96
0.11622906 -0.094821736 5.5996485 109 104 85
0.12442088 -0.094903454 5.600299 100 96 77
0.13269615 -0.09498711 5.6010423 99 95 78
0.1408186 -0.09506671 5.601564 104 100 84
0.1487205 -0.09514052 5.6017747 110 106 91
0.15672517 -0.09521672 5.602105 111 108 94
0.16476679 -0.095293626 5.6024694 110 106 94
0.172503 -0.09536271 5.602412 107 104 92
0.18001676 -0.09542602 5.6020465 106 101 92
0.1873591 -0.09548488 5.601441 107 102 92
0.1946218 -0.0955416 5.6007185 109 104 95
0.20206022 -0.09560256 5.600214 112 108 98
0.20976186 -0.09566991 5.6000414 112 111 98
0.21734786 -0.09573421 5.599703 110 109 96
0.2247343 -0.09579338 5.599091 104 104 91
0.23216057 -0.09585339 5.5985174 98 99 86
0.23955369 -0.09591241 5.5978885 94 95 83
0.24729586 -0.095979944 5.597699 94 95 83
0.25482297 -0.09604198 5.597217 96 97 85
0.2619729 -0.096094534 5.5962353 101 101 88
0.2687056 -0.09613666 5.594704 105 105 94
0.27554655 -0.09618132 5.593303 109 109 99
0.28258324 -0.096230716 5.592144 117 116 105
0.28950524 -0.09627715 5.5908275 130 127 112
0.29645658 -0.096324205 5.589539 140 135 117
0.3035617 -0.09637487 5.588436 144 139 119
0.31093717 -0.096432045 5.587667 143 138 119
0.3188238 -0.09650156 5.587535 143 138 120
0.42028403 -0.09760919 5.6034083 141 133 118
0.4298327 -0.09771617 5.6051292 125 120 105
0.43923116 -0.09781927 5.606642 112 108 95
0.44823956 -0.09791279 5.6076517 114 112 102
0.45684743 -0.09799644 5.608148 125 124 116
0.4654796 -0.09808044 5.6086574 128 127 123
0.47429395 -0.09816861 5.609372 119 119 118
0.48289466 -0.09825145 5.609808 115 115 114
0.49117494 -0.09832643 5.6098347 119 118 117
0.4995334 -0.098403156 5.6099415 123 122 119
0.50767255 -0.09847437 5.6097646 119 118 115
0.5157044 -0.0985429 5.6094437 111 109 106
0.5236175 -0.09860845 5.6089644 106 105 101
0.53108954 -0.098663345 5.607937 106 105 100
0.53794026 -0.098703414 5.6061473 104 104 97
0.5446999 -0.0987412 5.6042404 100 100 93
0.5516803 -0.09878412 5.6025915 95 96 89
0.55862784 -0.098826185 5.6008935 91 94 88
0.5657823 -0.09887296 5.5994353 94 98 92
0.5730412 -0.09892213 5.598093 104 107 101
0.580529 -0.09897657 5.597014 119 121 113
0.58823514 -0.09903598 5.5961833 131 131 123
0.59659886 -0.09911068 5.5961237 140 138 129
0.60493445 -0.09918451 5.5960155 144 142 131
0.61296344 -0.099251 5.5955286 147 143 131
-0.30789638 -0.08526906 5.6169043 132 129 102
-0.3013773 -0.08531396 5.616018 149 146 122
-0.29498315 -0.08535552 5.6149316 152 147 129
-0.2884829 -0.08539967 5.6139946 146 141 125
-0.28207016 -0.085441455 5.6129146 143 138 122
-0.2757368 -0.08548111 5.611705 143 140 121
-0.2691219 -0.08552781 5.6109076 143 140 120
-0.26225114 -0.08558087 5.610481 143 140 120
-0.25549173 -0.08563098 5.6098747 143 140 120
-0.24887252 -0.085677385 5.609047 144 140 120
-0.24230313 -0.08572239 5.608134 144 139 120
-0.23549962 -0.08577317 5.6075563 144 139 120
-0.22865772 -0.08582479 5.6070237 143 138 119
-0.22180295 -0.085876614 5.606497 142 137 118
-0.21517539 -0.08592254 5.605622 141 136 117
-0.20872784 -0.085963815 5.604471 138 133 114
-0.20211768 -0.08600904 5.6035485 137 131 113
-0.19538236 -0.08605732 5.602798 135 130 111
-0.18860173 -0.08610655 5.6021023 133 129 109
-0.18171763 -0.086158246 5.601545 134 129 108
-0.17475772 -0.086211696 5.6010857 136 132 110
-0.16749406 -0.08627258 5.601053 140 136 113
-0.16011786 -0.086336076 5.60117 141 137 115
-0.15261316 -0.086402595 5.6014557 139 135 112
-0.14536381 -0.0864626 5.601358 137 134 111
-0.13837767 -0.0865159 5.6008663 137 134 111
-0.1313448 -0.08657022 5.6004286 136 134 111
-0.12437844 -0.086622715 5.5998816 136 134 112
-0.11738348 -0.08667581 5.599364 133 132 110
-0.11033964 -0.08672993 5.598902 132 130 109
-0.103378534 -0.08678189 5.59831 131 128 107
-0.096645355 -0.08682811 5.5973806 130 127 107
-0.089705706 -0.08687924 5.596733 131 127 108
-0.08252239 -0.08693622 5.5964184 131 128 109
-0.075264215 -0.08699487 5.596196 131 128 109
-0.067994356 -0.08705364 5.595976 130 128 108
-0.060665607 -0.08711372 5.595824 130 128 108
-0.05330348 -0.087174416 5.5957046 131 129 108
-0.046034813 -0.087232694 5.5954394 129 125 105
-0.03882575 -0.08728933 5.5950775 125 121 101
-0.031769514 -0.08734213 5.5944886 125 120 102
-0.02483821 -0.087391734 5.593713 132 127 109
-0.01775384 -0.08744496 5.5931377 139 134 116
-0.010586262 -0.087500006 5.5926657 141 135 118
-0.0033698082 -0.08755608 5.5922484 139 133 115
0.0039253235 -0.087613925 5.591926 137 131 113
0.011317253 -0.08767393 5.5917234 136 131 113
0.018785477 -0.08773561 5.591612 136 131 113
0.026638985 -0.08780639 5.5920143 139 133 114
0.03479004 -0.08788408 5.5928073 139 133 115
0.042863846 -0.08795975 5.5934763 137 132 114
0.050833702 -0.08803272 5.5939865 134 130 112
0.058760643 -0.08810447 5.594421 133 130 111
0.06670809 -0.088176504 5.5948663 133 129 111
0.07483077 -0.088252574 5.5955315 134 129 111
0.08316898 -0.0883335 5.5964713 132 127 109
0.09136844 -0.08841099 5.597204 129 125 108
0.0993762 -0.08848365 5.5976615 126 123 104
0.10747123 -0.08855823 5.598219 120 117 98
0.11558795 -0.08863309 5.598788 111 108 89
0.12371993 -0.08870812 5.5993595 103 100 80
0.13190079 -0.08878413 5.599979 101 97 79
0.13991547 -0.08885601 5.6003594 104 99 83
0.14774537 -0.08892335 5.600477 108 103 87
0.15567541 -0.08899285 5.6007123 109 103 87
0.16363907 -0.089063 5.600976 108 102 88
0.17137456 -0.08912757 5.600921 106 101 87
0.17889237 -0.08918689 5.600565 104 99 86
0.1862359 -0.089242 5.5999646 104 99 86
0.19348955 -0.089294836 5.599233 104 98 86
0.20090365 -0.08935128 5.5987005 105 99 87
0.20857406 -0.08941355 5.59849 103 102 86
0.21612835 -0.08947295 5.598114 102 101 85
0.22349429 -0.089527816 5.597479 98 98 82
0.23091292 -0.08958377 5.596899 96 96 80
0.23863053 -0.08964652 5.5966954 96 96 80
0.24637079 -0.08970961 5.5965066 97 97 82
0.2539034 -0.08976774 5.5960345 96 96 82
0.26106024 -0.08981708 5.595064 96 95 81
0.26779938 -0.08985661 5.5935445 96 95 82
0.2746694 -0.08989909 5.5921836 98 99 85
0.2817452 -0.08994615 5.5910773 108 108 94
0.28873134 -0.08999108 5.5898457 123 120 104
0.2957487 -0.090036556 5.5886436 137 132 114
0.30293584 -0.09008585 5.587648 141 135 117
0.31039357 -0.09014118 5.586985 140 134 116
0.31835485 -0.09020789 5.586951 139 133 116
0.42000413 -0.09124787 5.6030765 135 128 112
0.4295485 -0.09134784 5.6047935 118 112 96
0.43889356 -0.09144303 5.6062407 103 98 83
0.4478066 -0.09152831 5.607134 102 99 86
0.45626998 -0.091603264 5.6074533 111 109 97
0.46470237 -0.09167737 5.607719 118 116 106
0.47331405 -0.0917553 5.608188 117 115 108
0.48171544 -0.09182832 5.6083813 116 113 106
0.48982835 -0.091894716 5.6082067 115 112 105
0.49804187 -0.09196319 5.60814 116 112 105
0.50606847 -0.09202734 5.6078315 119 114 107
0.5140183 -0.09208961 5.6074142 121 118 109
0.52187276 -0.09214963 5.606868 122 119 110
0.52932096 -0.09220049 5.6058164 121 118 108
0.5362332 -0.09223932 5.6041064 115 113 102
0.54318833 -0.09227902 5.6024394 107 105 95
0.55029655 -0.09232201 5.6009483 99 99 88
0.5574076 -0.09236495 5.599451 96 98 87
0.56470466 -0.09241189 5.5981674 100 101 92
0.5720751 -0.092460304 5.5969605 106 108 98
0.5796244 -0.09251255 5.595958 115 116 105
0.58734775 -0.0925685 5.595151 126 125 114
0.5957067 -0.092638254 5.5950875 136 133 121
0.6040456 -0.09270738 5.5949855 142 139 126
0.6121018 -0.092770174 5.5945334 145 140 127
-0.30178714 -0.079363674 5.6153703 145 143 119
-0.29533315 -0.07940377 5.614376 148 145 125
-0.2886846 -0.07944837 5.613664 144 140 123
-0.28218627 -0.07948932 5.612714 142 137 121
-0.27583718 -0.07952657 5.611529 142 139 122
-0.269212 -0.07957025 5.6107473 142 139 122
-0.26233506 -0.079619765 5.6103306 143 140 122
-0.25552964 -0.079667464 5.609794 143 140 122
-0.24883747 -0.07971236 5.6090755 144 140 121
-0.24199176 -0.07976073 5.6085734 145 140 121
-0.23524165 -0.0798067 5.607917 145 140 121
-0.22845554 -0.0798534 5.6073003 145 140 121
-0.22172332 -0.079898715 5.6065927 146 141 122
-0.21525407 -0.079937726 5.605485 146 141 122
-0.20895743 -0.07997258 5.6041126 145 140 121
-0.20252347 -0.08001059 5.602933 143 137 119
-0.19594526 -0.08005181 5.6019545 141 136 117
-0.18924117 -0.08009587 5.6011486 139 135 115
-0.18241954 -0.08014253 5.600503 141 137 116
-0.17539811 -0.0801937 5.6001353 143 140 118
-0.16818547 -0.080249175 5.6000314 146 142 120
-0.16089487 -0.08030628 5.6000266 146 143 121
-0.15349865 -0.08036569 5.600159 144 140 119
-0.14634514 -0.0804193 5.5999255 142 139 118
-0.13940787 -0.080467805 5.5993667 142 139 118
-0.13242793 -0.08051716 5.5988564 143 141 120
-0.12549615 -0.080565214 5.598264 144 141 122
-0.11852527 -0.080614105 5.5977154 143 141 122
-0.11150694 -0.08066392 5.5972214 143 140 122
-0.10454631 -0.08071227 5.596632 142 139 120
-0.09774804 -0.08075675 5.595799 141 138 119
-0.090783834 -0.080804944 5.595191 141 138 120
-0.083604336 -0.0808579 5.594874 140 138 119
-0.076378345 -0.080911756 5.5946097 138 136 117
-0.06908989 -0.08096692 5.594419 137 135 116
-0.06174636 -0.08102313 5.594292 139 137 117
-0.05438614 -0.0810796 5.5941734 142 140 121
-0.047103643 -0.081134126 5.5939317 140 138 119
-0.039649248 -0.08119245 5.5939164 136 132 114
-0.03241563 -0.08124559 5.593578 134 129 112
-0.025370836 -0.08129433 5.5929623 139 134 117
-0.018202305 -0.08134574 5.5925064 146 140 124
-0.010984421 -0.08139807 5.592106 147 141 124
-0.0037724972 -0.08145018 5.5916834 145 139 122
0.0034952164 -0.08150336 5.5913253 143 137 121
0.01089859 -0.081559464 5.59114 142 137 119
0.01838541 -0.08161728 5.5910554 142 136 119
0.026264668 -0.081683695 5.5914946 143 137 119
0.034557104 -0.081759185 5.592483 142 136 119
0.04282379 -0.08183387 5.5934176 140 135 118
0.051006556 -0.08190653 5.5942187 138 134 117
0.05905509 -0.08197597 5.594818 137 134 116
0.06694007 -0.08204159 5.595178 137 133 116
0.07490349 -0.082108796 5.5956273 137 133 115
0.08318186 -0.08218281 5.5964866 134 130 113
0.0912981 -0.082252994 5.5971074 133 129 113
0.09924173 -0.082319215 5.5974784 131 128 111
0.10727835 -0.0823873 5.597958 127 124 107
0.11532211 -0.08245535 5.5984297 121 118 100
0.12335992 -0.08252312 5.598877 114 111 93
0.13142681 -0.082591355 5.5993457 113 109 91
0.13927841 -0.082654655 5.59951 116 110 93
0.14704013 -0.082715794 5.5995398 118 112 95
0.15494561 -0.08277999 5.5997443 117 110 94
0.16293406 -0.08284576 5.6000433 116 110 94
0.1707263 -0.082907125 5.600066 116 111 95
0.17829108 -0.08296333 5.5997734 116 111 95
0.18567538 -0.08301552 5.599229 114 109 94
0.19294429 -0.083065 5.5985203 112 106 92
0.20034552 -0.08311723 5.597972 111 105 90
0.20799398 -0.08317472 5.597735 109 106 89
0.2155242 -0.08322945 5.5973296 108 107 89
0.22288632 -0.083280444 5.596691 107 106 88
0.23051119 -0.08333698 5.596382 107 107 89
0.2383678 -0.08339836 5.5963607 108 108 90
0.24604654 -0.08345573 5.596093 109 109 92
0.25352097 -0.083508566 5.5955467 108 108 92
0.26062417 -0.0835533 5.5945086 106 106 89
0.26733088 -0.08358939 5.5929484 104 103 87
0.27420568 -0.08362901 5.591596 103 104 87
0.28134155 -0.0836741 5.590568 110 110 93
0.28843403 -0.083718166 5.5894737 123 120 104
0.29559016 -0.08376345 5.588451 136 131 115
0.30292726 -0.083812475 5.587647 141 134 118
0.31049705 -0.08386637 5.5871277 139 133 117
0.31853652 -0.083930075 5.5871925 138 132 116
0.42967725 -0.0849895 5.604969 115 108 93
0.43894076 -0.08507638 5.6063156 102 95 80
0.44775414 -0.085153654 5.607086 100 95 80
0.45606923 -0.08522031 5.607224 107 102 88
0.4643066 -0.08528517 5.60725 113 109 95
0.47271228 -0.08535339 5.6074667 114 110 97
0.48090053 -0.08541693 5.607402 113 109 96
0.48881507 -0.08547458 5.606987 111 106 94
0.49684405 -0.0855345 5.6066976 111 106 93
0.5047238 -0.08559115 5.606213 114 109 96
0.512563 -0.08564682 5.6056657 118 114 101
0.5203507 -0.08570132 5.6050425 121 117 103
0.52779317 -0.08574852 5.6039877 120 117 102
0.53474164 -0.08578545 5.6023254 116 112 97
0.5418341 -0.08582522 5.6008286 109 106 92
0.5491965 -0.08587046 5.5996466 103 101 87
0.55651164 -0.08591464 5.5983977 101 100 86
0.5640156 -0.08596255 5.5973644 102 102 89
0.57156396 -0.08601126 5.596373 104 104 91
0.5792167 -0.086062 5.595495 108 107 93
0.58698106 -0.08611487 5.594738 116 113 100
0.59534764 -0.08617994 5.594686 127 123 109
0.6036775 -0.08624406 5.5945745 135 130 117
0.61170125 -0.0863018 5.5940847 141 133 120
-0.29570818 -0.07345326 5.613782 144 140 120
-0.28894138 -0.07349715 5.6132503 141 137 119
-0.2823789 -0.07353641 5.6123977 139 135 118
-0.27601743 -0.073571146 5.6112328 139 136 120
-0.2693944 -0.07361153 5.610449 140 137 120
-0.26252794 -0.07365711 5.6100173 141 138 121
-0.2556982 -0.07370177 5.609518 142 138 121
-0.24877834 -0.073748246 5.6091404 142 137 119
-0.24191833 -0.07379331 5.6086593 142 137 118
-0.23522401 -0.07383463 5.6079197 142 138 119
-0.22849178 -0.07387665 5.607225 143 139 119
-0.2218287 -0.07391706 5.6064153 146 140 121
-0.2154305 -0.07395163 5.6052036 147 142 123
-0.20921946 -0.07398203 5.603707 146 142 123
-0.20290685 -0.074014515 5.60235 144 139 120
-0.19645238 -0.07405001 5.6011925 141 136 117
-0.18982482 -0.074089155 5.600277 139 134 115
-0.18306947 -0.07413089 5.5995364 140 135 115
-0.17603254 -0.07417856 5.5991936 141 138 116
-0.16890836 -0.074228 5.5989647 142 140 118
-0.16173959 -0.07427825 5.5987854 142 140 119
-0.15449095 -0.07433008 5.598707 140 137 117
-0.1474607 -0.074377075 5.598299 138 136 115
-0.14060569 -0.0744202 5.597626 138 135 116
-0.13368702 -0.07446456 5.5970316 139 137 119
-0.12676525 -0.074508905 5.5964293 140 138 121
-0.11977959 -0.07455444 5.595906 142 139 123
-0.11272693 -0.07460125 5.595465 144 141 124
-0.10570574 -0.07464731 5.594966 143 141 123
-0.09878254 -0.07469118 5.594315 143 141 123
-0.091763735 -0.07473691 5.593787 144 141 123
-0.08454156 -0.07478683 5.593534 142 140 122
-0.077293634 -0.07483715 5.593304 141 138 120
-0.07002187 -0.07488784 5.5930934 140 138 119
-0.06267905 -0.07493986 5.5929685 142 140 121
-0.055316925 -0.074992165 5.592856 144 143 125
-0.047946215 -0.0750445 5.592741 142 140 122
-0.040468693 -0.07509895 5.5927606 136 134 115
-0.03317833 -0.0751493 5.592504 134 131 114
-0.026046991 -0.07519624 5.5920115 140 137 120
-0.01881814 -0.07524502 5.5916424 149 143 127
-0.011579037 -0.07529394 5.591273 150 144 129
-0.0043754578 -0.075341985 5.590842 148 142 126
0.0029699802 -0.07539281 5.5905924 147 141 125
0.010438919 -0.07544607 5.5905 147 142 125
0.017976046 -0.07550062 5.590486 146 141 125
0.025941372 -0.07556385 5.5910454 146 140 124
0.034339905 -0.075635895 5.5921807 145 139 123
0.042696 -0.07570687 5.5932384 144 139 122
0.05099058 -0.07577637 5.5941925 143 139 123
0.059145927 -0.0758428 5.594938 143 140 123
0.06712413 -0.07590546 5.5954247 143 140 123
0.075118065 -0.075968236 5.595916 143 139 123
0.08326197 -0.07603395 5.5965924 141 137 120
0.09120679 -0.07609537 5.5969825 140 137 120
0.099046946 -0.07615453 5.5972147 139 136 120
0.107029915 -0.076216444 5.597623 137 135 118
0.11504531 -0.076278806 5.5980577 133 131 113
0.12305641 -0.07634097 5.59847 129 126 108
0.1310637 -0.07640287 5.5988607 129 126 108
0.13885593 -0.07646023 5.5989475 133 128 111
0.14646316 -0.07651371 5.598773 136 130 113
0.1542058 -0.076569766 5.598763 136 129 113
0.1621542 -0.07662986 5.599011 134 128 112
0.16996384 -0.07668696 5.5990596 134 129 112
0.17756104 -0.07673967 5.5988126 134 130 113
0.18498158 -0.07678868 5.5983176 133 129 112
0.19226074 -0.07683468 5.597625 132 126 110
0.19964218 -0.0768826 5.597053 132 125 109
0.20725703 -0.07693511 5.596775 129 126 108
0.21474457 -0.07698496 5.596316 128 127 108
0.22232962 -0.07703662 5.5959706 127 127 108
0.23012471 -0.077092305 5.595885 127 127 108
0.23791099 -0.07714768 5.5957737 128 127 109
0.24553347 -0.07719965 5.595434 128 128 109
0.25295877 -0.07724756 5.5948267 128 127 110
0.26005435 -0.07728881 5.593781 127 127 108
0.26676202 -0.077322215 5.5922236 124 124 106
0.27367306 -0.07735959 5.590919 120 121 102
0.28089213 -0.077402934 5.59 122 121 103
0.28811097 -0.07744621 5.5890703 131 127 110
0.29542947 -0.0774913 5.5882554 140 134 118
0.302922 -0.07753974 5.587651 144 136 121
0.31058574 -0.07759142 5.587251 142 135 120
0.31867647 -0.07765137 5.5873814 142 135 120
0.32737875 -0.07772322 5.5882707 143 137 121
0.42953753 -0.078626126 5.604812 118 111 96
0.4387076 -0.078704685 5.606044 109 102 86
0.44739223 -0.07877366 5.606656 108 102 86
0.45555043 -0.07883233 5.606601 115 109 92
0.46359038 -0.078888535 5.6063867 119 114 97
0.4717753 -0.078947395 5.606335 119 113 97
0.47972465 -0.079001576 5.60598 117 112 96
0.48740315 -0.07905044 5.6052794 114 109 93
0.49519134 -0.07910125 5.6047 113 108 91
0.50288844 -0.079150215 5.603997 113 108 91
0.51060224 -0.07919937 5.6033015 113 109 92
0.51833797 -0.079248786 5.602621 115 111 93
0.5258062 -0.07929303 5.601603 114 110 93
0.5328181 -0.07932842 5.600023 113 108 92
0.54001594 -0.07936728 5.598658 111 106 89
0.5475695 -0.07941279 5.5977106 108 104 88
0.5551722 -0.079459116 5.596811 106 103 87
0.56290746 -0.07950787 5.59606 105 103 88
0.5706489 -0.079556614 5.595302 103 101 87
0.57841706 -0.07960574 5.5945644 102 100 85
0.5862582 -0.079656124 5.593901 108 104 90
0.5946567 -0.079716936 5.5938888 118 113 99
0.60288596 -0.079774395 5.5936604 129 121 109
-0.28899503 -0.06755151 5.6131434 137 134 115
-0.2823503 -0.06758925 5.6124153 135 132 115
-0.27600932 -0.067620724 5.6112194 136 133 117
-0.2694254 -0.06765705 5.6103783 136 133 117
-0.26260138 -0.06769809 5.609884 136 133 117
-0.25561094 -0.06774233 5.609625 137 133 116
-0.24864006 -0.0677861 5.6093225 137 132 114
-0.24185085 -0.06782606 5.6087365 137 132 113
-0.23518968 -0.067863375 5.607949 137 132 113
-0.22846341 -0.067901865 5.6072445 137 132 113
-0.22177768 -0.06793946 5.6064687 139 134 115
-0.21535468 -0.06797171 5.605294 141 136 117
-0.209162 -0.067999244 5.6037703 141 136 117
-0.20291877 -0.06802775 5.6023126 139 134 115
-0.1965611 -0.068058446 5.601013 136 131 112
-0.19001365 -0.06809279 5.599982 134 129 110
-0.18332767 -0.06812978 5.599141 134 130 110
-0.17632294 -0.06817298 5.5987525 134 132 111
-0.16930532 -0.06821631 5.5983696 136 134 113
-0.16228795 -0.06825954 5.597973 137 136 115
-0.15521812 -0.06830363 5.597639 136 135 115
-0.14834237 -0.06834379 5.5970106 136 134 114
-0.1415894 -0.06838146 5.5961933 135 133 115
-0.13474417 -0.06842084 5.595497 135 133 117
-0.12781763 -0.06846169 5.594905 136 134 118
-0.12078619 -0.06850445 5.594451 137 134 120
-0.113645315 -0.068549246 5.5941396 139 136 120
-0.106503725 -0.068593934 5.5938153 139 137 121
-0.099440575 -0.068636954 5.593366 139 137 121
-0.09230542 -0.068681255 5.5930057 139 137 119
-0.08503342 -0.06872815 5.5928254 138 136 118
-0.077753544 -0.06877501 5.5926423 137 135 118
-0.070458174 -0.068822056 5.592467 138 136 119
-0.06313324 -0.068869546 5.592318 140 138 121
-0.05584216 -0.06891626 5.592108 142 140 123
-0.04852581 -0.06896332 5.591918 139 137 120
-0.041076183 -0.069012806 5.5919013 132 131 113
-0.033770323 -0.06905942 5.5916686 130 129 111
-0.026576996 -0.06910375 5.591265 136 133 116
-0.019310474 -0.069149345 5.59095 143 138 122
-0.012109518 -0.06919356 5.59053 145 140 124
-0.004835367 -0.06923905 5.590198 144 139 123
0.0025999546 -0.06928751 5.590075 144 140 124
0.0101771355 -0.06933853 5.5901327 146 141 125
0.017800808 -0.06939031 5.590239 146 141 125
0.025951385 -0.06945196 5.5910535 145 141 125
0.03442645 -0.06951964 5.592294 145 140 124
0.042864084 -0.06958638 5.5934634 145 140 124
0.051272392 -0.06965244 5.5945725 145 141 125
0.059479237 -0.06971449 5.5953884 145 142 126
0.06745291 -0.06977196 5.5958686 145 142 126
0.075412035 -0.069829 5.596311 145 142 127
0.08344674 -0.06988734 5.59684 145 142 125
0.0913043 -0.06994216 5.5971117 145 142 125
0.09904981 -0.06999472 5.597217 146 143 127
0.10689545 -0.07004903 5.597441 145 142 126
0.114776134 -0.070103854 5.597696 142 139 123
0.12271118 -0.070159554 5.5980077 139 135 119
0.13070917 -0.0702163 5.5983872 140 137 120
0.13854337 -0.07026979 5.5985312 145 140 123
0.14618158 -0.0703195 5.598399 147 142 125
0.15395212 -0.07037158 5.598428 146 141 125
0.16183782 -0.070425645 5.598594 144 139 123
0.16958499 -0.070476964 5.598561 144 140 123
0.17718911 -0.07052554 5.598324 146 142 125
0.18462396 -0.07057084 5.5978503 146 142 125
0.19188094 -0.07061271 5.5971293 147 141 125
0.19924688 -0.07065648 5.5965385 147 142 126
0.2068603 -0.07070473 5.5962596 146 143 125
0.21443391 -0.07075213 5.595915 145 142 125
0.22199202 -0.07079908 5.5955358 143 142 123
0.22966933 -0.07084814 5.5952983 142 141 123
0.23735714 -0.07089722 5.59506 140 139 121
0.24492025 -0.07094392 5.5946465 140 139 121
0.2523315 -0.07098767 5.5940223 141 140 122
0.2594807 -0.07102655 5.5930476 142 142 123
0.26626992 -0.07105875 5.5915976 140 140 121
0.27330542 -0.07109536 5.5904546 135 135 116
0.2807002 -0.07113844 5.589763 133 132 113
0.28812742 -0.07118198 5.5891004 138 134 117
0.29568195 -0.07122773 5.5885878 145 139 123
0.30336857 -0.07127574 5.58823 147 140 125
0.311126 -0.07132493 5.5879498 146 139 124
0.31923962 -0.07138044 5.5881076 146 140 125
0.4387381 -0.072338924 5.6060987 120 113 97
0.44729352 -0.07240005 5.606551 120 114 97
0.45520902 -0.07244964 5.6061983 128 120 104
0.46298242 -0.07249658 5.6056566 130 124 107
0.47092366 -0.07254639 5.605308 128 121 104
0.47861028 -0.07259151 5.604633 124 119 102
0.4860146 -0.07263157 5.6036005 122 118 101
0.49353242 -0.072673544 5.6026945 121 117 99
0.5010302 -0.07271506 5.6017537 119 114 96
0.50862575 -0.07275815 5.6009197 115 111 93
0.5163405 -0.072803274 5.600218 115 111 93
0.5238931 -0.07284543 5.599308 115 111 93
0.5310056 -0.07287973 5.597854 116 112 95
0.53832793 -0.07291767 5.5966444 117 112 95
0.54604363 -0.07296239 5.5958967 117 113 96
0.55382085 -0.073008016 5.5952106 116 112 96
0.5617845 -0.07305685 5.594736 114 111 95
0.5697224 -0.07310507 5.594217 110 108 93
0.5775702 -0.07315162 5.5935774 109 106 91
0.58543324 -0.07319835 5.5929427 112 108 93
0.59378123 -0.07325333 5.5928726 119 114 100
0.60199 -0.073305815 5.5926213 128 120 108
-0.28288674 -0.061632093 5.6115823 133 130 113
-0.27644873 -0.061662596 5.6105347 133 130 114
-0.26980233 -0.061696853 5.6097875 132 129 113
-0.26279354 -0.061737668 5.609572 131 128 111
-0.25574493 -0.061779108 5.6094007 131 127 110
-0.24878669 -0.061818775 5.609081 131 126 109
-0.24204588 -0.06185433 5.6084237 131 126 107
-0.23540807 -0.061887946 5.6076026 131 126 106
-0.22870421 -0.06192265 5.6068664 130 125 106
-0.22199106 -0.061957415 5.6061325 130 126 107
-0.21552944 -0.0619875 5.6050153 131 126 107
-0.20935988 -0.062012207 5.603459 132 126 107
-0.20318294 -0.062036972 5.601905 132 125 107
-0.19694185 -0.062062826 5.600436 131 125 106
-0.19051218 -0.062092032 5.599234 129 124 105
-0.1838789 -0.06212483 5.5983186 127 125 104
-0.17692637 -0.062163275 5.5978565 128 127 106
-0.16999888 -0.06220117 5.597345 131 130 109
-0.16306567 -0.06223909 5.596829 135 134 113
-0.1560905 -0.062277626 5.59636 138 136 117
-0.14928389 -0.062313046 5.595636 139 138 119
-0.14256692 -0.062346768 5.5947695 138 136 119
-0.13575912 -0.06238201 5.5940237 136 134 118
-0.12881613 -0.062419545 5.593458 134 132 117
-0.12176204 -0.06245899 5.59304 134 131 116
-0.11456251 -0.062500894 5.5928154 133 131 115
-0.10733533 -0.0625432 5.592617 132 131 115
-0.10022688 -0.06258325 5.592235 131 130 114
-0.09295654 -0.06262608 5.592069 129 127 111
-0.08565998 -0.06266925 5.591926 129 126 110
-0.0783782 -0.06271206 5.591748 131 129 113
-0.07107043 -0.06275518 5.591592 134 132 116
-0.06377077 -0.06279804 5.59141 137 135 119
-0.056542873 -0.06283954 5.5911136 137 134 119
-0.049248457 -0.06288211 5.5908957 133 131 115
-0.041785955 -0.062927485 5.590899 128 127 110
-0.034429073 -0.06297091 5.5907397 125 125 107
-0.027132511 -0.06301311 5.5904827 127 125 108
-0.019870043 -0.06305462 5.5901637 131 128 111
-0.012600899 -0.06309618 5.5898404 134 129 114
-0.005251169 -0.06313898 5.5896144 134 131 114
0.0022697449 -0.06318466 5.5896115 136 133 116
0.009936333 -0.06323275 5.589794 139 136 118
0.01764226 -0.0632814 5.5900154 141 137 120
0.025872707 -0.06333904 5.59094 141 137 121
0.03433442 -0.06340051 5.5921626 142 138 121
0.04271674 -0.06346044 5.5932574 143 139 122
0.051049232 -0.06351936 5.594264 143 140 123
0.059256792 -0.06357597 5.595081 143 140 124
0.06723094 -0.063628405 5.595563 143 140 124
0.07518697 -0.063680395 5.596003 143 140 124
0.08316803 -0.06373264 5.5964603 144 141 124
0.090940714 -0.06378119 5.596619 146 143 125
0.098585606 -0.063827425 5.59659 148 145 128
0.106347084 -0.06387551 5.596702 148 145 128
0.1142292 -0.06392555 5.596961 144 141 125
0.12219143 -0.063976824 5.5973115 140 137 120
0.13021278 -0.06402896 5.597724 140 137 121
0.13812089 -0.06407903 5.597968 144 140 125
0.14578652 -0.06412485 5.5978737 146 142 126
0.15356803 -0.06417252 5.597919 144 140 124
0.16144133 -0.06422159 5.5980697 141 138 122
0.1691544 -0.064267874 5.597994 141 139 122
0.17675853 -0.064312145 5.5977583 144 141 125
0.18419528 -0.06435348 5.5972886 146 142 126
0.19142962 -0.064391285 5.596539 147 144 128
0.19878268 -0.06443101 5.5959334 150 146 130
0.20636988 -0.06447455 5.5956216 150 147 131
0.21391034 -0.06451723 5.595235 149 146 129
0.22144532 -0.06455967 5.594828 146 144 127
0.22906756 -0.06460346 5.594521 143 141 124
0.23671341 -0.064647555 5.59423 141 139 122
0.2442677 -0.064689994 5.593807 140 139 121
0.25170803 -0.06473042 5.593223 143 141 124
0.25894213 -0.064767286 5.59236 145 144 127
0.26580858 -0.06479792 5.5910106 144 143 126
0.2729392 -0.064832896 5.5899925 140 139 122
0.28045392 -0.06487416 5.589456 138 136 119
0.28800106 -0.06491585 5.5889473 142 138 121
0.2957039 -0.06496002 5.5886254 147 142 126
0.30350423 -0.065005705 5.5884132 149 143 128
0.31130242 -0.06505121 5.588185 148 142 127
0.31942654 -0.065101996 5.5883565 149 143 127
0.43828273 -0.06596571 5.6055512 129 123 107
0.4466741 -0.06601879 5.6058035 131 125 108
0.4544165 -0.066061184 5.6052384 140 132 116
0.46199965 -0.06610094 5.6044655 143 136 120
0.4697001 -0.06614247 5.603823 140 134 118
0.47720647 -0.066180766 5.6029315 136 132 116
0.48443866 -0.06621453 5.601692 135 131 114
0.49175715 -0.06624961 5.600548 133 130 112
0.49910283 -0.06628503 5.599426 132 128 111
0.5065968 -0.06632273 5.5984735 129 126 109
0.5142896 -0.06636357 5.5977507 129 125 108
0.52190375 -0.066403 5.5969205 129 125 109
0.5290868 -0.06643546 5.5955567 130 126 109
0.536495 -0.06647144 5.5944552 129 126 110
0.5443032 -0.0665137 5.593824 129 126 110
0.55215573 -0.06655659 5.5932336 128 125 110
0.5602305 -0.066602886 5.5928965 128 125 110
0.5682628 -0.066648394 5.5924945 127 124 108
0.5761502 -0.06669152 5.591906 126 123 108
0.5840757 -0.066735104 5.5913496 127 123 108
0.5924847 -0.06678629 5.5913553 129 125 110
-0.2562585 -0.055810597 5.6086106 128 124 108
-0.24925733 -0.05584715 5.6083565 129 124 107
-0.2425437 -0.055878844 5.6076612 130 125 106
-0.2359345 -0.05590872 5.606799 130 125 105
-0.2293117 -0.055938747 5.605945 128 123 104
-0.22261405 -0.055969905 5.6051903 127 123 104
-0.21615553 -0.05599701 5.604072 127 123 104
-0.21004653 -0.056018334 5.602429 129 123 104
-0.2039566 -0.056039315 5.6007495 131 124 106
-0.19784045 -0.056060623 5.5991006 131 125 106
-0.19153047 -0.056085046 5.5977263 129 125 105
-0.18488407 -0.05611491 5.596834 126 125 104
-0.17796135 -0.05614918 5.596332 126 126 105
-0.17104125 -0.05618332 5.5958133 129 128 108
-0.16409492 -0.05621777 5.59532 133 132 112
-0.15709901 -0.056252938 5.5948853 137 136 117
-0.15026283 -0.056285437 5.594207 139 138 120
-0.1435225 -0.056316283 5.593378 138 136 120
-0.13673353 -0.05634783 5.5926075 135 133 118
-0.12979746 -0.056381654 5.592036 133 131 116
-0.12277317 -0.05641682 5.5915785 131 129 114
-0.11559415 -0.05645437 5.5913286 129 127 111
-0.10836196 -0.056492683 5.59114 126 125 109
-0.10129619 -0.05652822 5.590701 122 121 105
-0.0940485 -0.056566563 5.5905066 118 117 101
-0.086705446 -0.056606334 5.590433 118 116 101
-0.07946682 -0.056644317 5.5901976 122 120 105
-0.072156906 -0.056683328 5.590048 126 124 110
-0.064848185 -0.05672225 5.5898824 129 127 113
-0.057613373 -0.056759845 5.589599 128 126 111
-0.050246477 -0.056799453 5.589487 126 125 110
-0.042681456 -0.0568421 5.589637 124 123 107
-0.035206556 -0.056883197 5.5896454 123 122 105
-0.027782679 -0.0569234 5.5895686 124 122 105
-0.020468712 -0.056961726 5.5893235 126 123 106
-0.013143539 -0.057000127 5.58908 128 125 108
-0.0057463646 -0.057039585 5.5889225 129 127 109
0.0018172264 -0.057081517 5.5889797 131 129 111
0.009526014 -0.057125654 5.5892224 133 131 113
0.017266512 -0.057170164 5.589492 135 133 115
0.025450945 -0.057221513 5.5903554 137 134 117
0.033802986 -0.057275336 5.5914297 138 135 118
0.04199648 -0.057326566 5.592268 139 136 119
0.05024481 -0.057378482 5.593162 139 136 119
0.058404207 -0.057428893 5.593917 139 136 119
0.06636715 -0.057476085 5.594386 139 136 119
0.07435846 -0.05752362 5.594877 139 136 119
0.08238125 -0.057571497 5.595393 140 137 120
0.09018588 -0.057615902 5.5955977 142 139 121
0.09784603 -0.05765791 5.5955915 144 141 123
0.10558486 -0.057701003 5.5956764 144 141 123
0.11347222 -0.057746302 5.5959444 139 136 119
0.12145281 -0.057792913 5.5963216 134 132 115
0.12957692 -0.05784164 5.5968738 135 132 116
0.13754392 -0.057887804 5.5972 139 136 121
0.1451683 -0.05792853 5.597052 141 139 123
0.15288067 -0.057970565 5.5970073 140 138 122
0.16065574 -0.058013435 5.5970306 138 136 120
0.1682508 -0.0580534 5.5968003 138 136 120
0.17579246 -0.058092486 5.5964856 140 137 122
0.18319607 -0.05812932 5.595975 141 138 123
0.19040918 -0.058163147 5.595201 142 140 125
0.1977973 -0.058199596 5.5946445 143 141 127
0.20543742 -0.058239784 5.5944057 143 141 126
0.21303415 -0.058279168 5.5940948 142 140 124
0.22062922 -0.058318432 5.593769 139 137 121
0.22826219 -0.05835819 5.5934787 136 134 119
0.23591757 -0.05839817 5.5932026 136 134 118
0.24350405 -0.058437 5.592824 136 134 118
0.25100517 -0.058474433 5.592321 139 137 121
0.25832033 -0.058508974 5.591564 141 139 124
0.26522112 -0.058537196 5.5902624 140 138 123
0.27235365 -0.058568787 5.5892477 137 136 120
0.27985835 -0.058605935 5.588701 136 134 118
0.28739548 -0.05864344 5.5881815 140 136 120
0.2951274 -0.058683824 5.5878983 145 140 124
0.30295253 -0.058725428 5.5877204 147 141 125
0.31076002 -0.058766704 5.5875053 146 140 124
0.3189075 -0.058812942 5.587708 146 141 125
0.43690324 -0.059580844 5.6038604 133 128 112
0.44512725 -0.059626352 5.6039095 136 130 114
0.45273614 -0.05966274 5.603184 145 138 122
0.46024537 -0.05969755 5.6023245 150 143 127
0.46786952 -0.05973397 5.601594 148 143 128
0.4752767 -0.05976714 5.6005855 145 142 128
0.48245215 -0.05979685 5.5992813 144 142 127
0.48966193 -0.05982698 5.59801 144 142 126
0.49689984 -0.05985747 5.596762 144 141 126
0.504308 -0.059890326 5.595711 144 141 126
0.51194406 -0.059926387 5.5949254 144 141 126
0.5195682 -0.059962224 5.5941133 144 141 126
0.5267489 -0.059991535 5.5927534 143 141 125
0.5341475 -0.0600239 5.5916457 141 139 124
0.54192805 -0.06006175 5.590988 140 138 123
0.54973435 -0.06009985 5.5903473 140 138 123
0.5578177 -0.060141828 5.590027 141 139 124
0.5658834 -0.06018346 5.589671 142 140 124
0.573817 -0.0602231 5.5891438 142 139 124
0.58186746 -0.06026433 5.5887423 141 138 122
-0.24266124 -0.049911242 5.607463 135 130 111
-0.23602009 -0.049938392 5.606649 135 130 111
-0.22944355 -0.049964514 5.605728 133 128 109
-0.22272635 -0.049992602 5.6050034 133 129 110
-0.21624422 -0.05001719 5.6039205 134 131 112
-0.21016431 -0.050035786 5.602235 137 132 113
-0.2041111 -0.05005395 5.600503 140 134 116
-0.19806647 -0.05007192 5.59875 140 135 116
-0.19185424 -0.05009229 5.5972342 138 134 114
-0.18514228 -0.050119903 5.596439 133 132 112
-0.17826462 -0.050149854 5.595873 130 130 110
-0.17139125 -0.05017967 5.5952873 128 128 110
-0.16445947 -0.050210234 5.5947742 128 128 110
-0.15745139 -0.050241824 5.594359 130 129 112
-0.15058374 -0.0502713 5.593727 130 130 113
-0.14379358 -0.050299566 5.592972 129 128 113
-0.1369927 -0.050327893 5.59222 128 127 113
-0.13004375 -0.05035829 5.591668 129 128 114
-0.123030424 -0.050389554 5.5911956 129 128 114
-0.11585808 -0.050422978 5.590937 127 126 111
-0.10861087 -0.0504574 5.590772 121 121 106
-0.10157752 -0.050488662 5.5902877 115 115 100
-0.094341755 -0.05052274 5.5900774 110 110 95
-0.08698034 -0.050558534 5.5900316 110 108 94
-0.07976055 -0.050592195 5.5897703 113 111 97
-0.072474 -0.05062672 5.5895896 116 115 102
-0.06519556 -0.05066101 5.589383 119 118 105
-0.058003664 -0.050694 5.5890408 119 118 104
-0.050612926 -0.050729703 5.5889635 120 119 105
-0.04298711 -0.05076867 5.5892005 121 121 106
-0.0354321 -0.050806504 5.5893216 125 123 107
-0.027901173 -0.050843935 5.5893946 129 127 110
-0.020510674 -0.050879236 5.5892572 133 130 113
-0.013137579 -0.05091421 5.5890803 134 132 114
-0.005698681 -0.050950047 5.588981 133 132 114
0.0019087791 -0.05098809 5.589099 132 131 113
0.009659052 -0.05102807 5.5893993 132 131 113
0.017378807 -0.051067542 5.589641 133 132 114
0.025527954 -0.0511129 5.590456 134 133 115
0.03374839 -0.051159155 5.59135 135 133 115
0.041838408 -0.051203456 5.592047 135 132 115
0.050001383 -0.051248636 5.592826 134 132 115
0.058080196 -0.051292535 5.5934715 135 132 115
0.06598258 -0.051333856 5.5938606 136 133 116
0.07396221 -0.05137616 5.5943365 135 132 115
0.08199787 -0.051419135 5.594872 134 131 114
0.08982849 -0.051459115 5.5951133 134 131 113
0.09751344 -0.05149698 5.595142 135 132 114
0.105256796 -0.051535558 5.595234 135 132 114
0.113155365 -0.05157615 5.595518 131 128 111
0.121150255 -0.05161799 5.5959163 127 125 108
0.12930202 -0.051661875 5.5965066 129 127 111
0.13738489 -0.051704716 5.596988 135 133 119
0.14502001 -0.05174127 5.596856 140 139 124
0.15270472 -0.051778417 5.596775 143 141 126
0.16042328 -0.05181591 5.596724 143 141 126
0.16792417 -0.05185033 5.5963707 142 140 125
0.1753931 -0.05188423 5.5959616 141 138 124
0.18271947 -0.051916074 5.5953503 138 136 122
0.18984294 -0.05194507 5.59446 136 135 120
0.19720316 -0.05197723 5.593869 134 132 119
0.2048533 -0.05201326 5.5936446 132 130 116
0.21249056 -0.052049007 5.5933895 131 129 114
0.22016716 -0.052085172 5.593172 129 127 112
0.22784042 -0.052121233 5.592935 129 127 112
0.235533 -0.052157428 5.592709 131 129 114
0.24317718 -0.052192893 5.5924067 133 131 117
0.25076294 -0.052227464 5.5920143 135 133 119
0.2581923 -0.052259844 5.5914063 135 133 120
0.2651713 -0.052286055 5.590206 133 131 117
0.272357 -0.052315023 5.589261 130 129 114
0.2798803 -0.052348416 5.5887375 129 127 112
0.2874117 -0.052381855 5.5882115 133 128 112
0.29515815 -0.052418094 5.5879474 136 131 115
0.30296707 -0.05245502 5.587749 138 132 115
0.31071782 -0.052491125 5.587462 138 131 115
0.31882334 -0.052531864 5.587612 137 132 116
0.43599105 -0.05320693 5.602748 131 126 111
0.44404626 -0.053245377 5.602591 134 128 112
0.45150113 -0.05327585 5.60168 142 136 119
0.45890355 -0.053305563 5.6006913 147 141 125
0.46644187 -0.05333699 5.599859 147 143 129
0.4737718 -0.0533656 5.5987597 146 143 130
0.48092246 -0.05339184 5.5974298 147 145 131
0.4880936 -0.053418245 5.596115 148 146 132
0.49530292 -0.053445067 5.5948367 149 147 133
0.50268626 -0.053474095 5.5937595 151 148 134
0.510309 -0.053506177 5.5929623 151 148 134
0.5179713 -0.05353866 5.592201 150 148 134
0.52518487 -0.053565305 5.5908847 148 146 132
0.53260875 -0.053594556 5.5898128 146 145 131
0.540396 -0.05362844 5.589166 146 144 130
0.5481708 -0.053662073 5.5884924 147 144 130
0.5562465 -0.053699505 5.5881667 148 145 131
0.56430936 -0.053736668 5.587812 148 145 130
0.57222486 -0.05377182 5.587267 145 143 128
-0.2429223 -0.043942746 5.6070523 142 138 119
-0.23628187 -0.043966617 5.606239 143 138 119
-0.22971535 -0.043989476 5.6053042 143 138 119
-0.22301674 -0.04401399 5.604553 143 138 120
-0.21653056 -0.04403564 5.6034775 143 141 122
-0.21045375 -0.04405194 5.601789 145 141 122
-0.20437622 -0.04406823 5.600094 147 142 123
-0.19832087 -0.044084188 5.5983577 146 141 122
-0.19199777 -0.044103514 5.5970054 143 140 121
-0.18528676 -0.04412782 5.596209 138 138 119
-0.1784656 -0.04415345 5.5955625 133 134 115
-0.17166948 -0.04417869 5.594866 127 128 111
-0.16478658 -0.044204976 5.594283 124 125 107
-0.15777469 -0.044232827 5.5938745 121 122 106
-0.15085697 -0.04425938 5.5933166 120 121 105
-0.14398074 -0.044285383 5.592686 119 120 105
-0.13711071 -0.044311177 5.5920343 121 122 108
-0.13012409 -0.04433843 5.5915375 125 125 111
-0.123114824 -0.04436585 5.59106 127 127 113
-0.11596918 -0.044394966 5.5907645 124 124 110
-0.1087358 -0.04442508 5.59058 116 117 102
-0.101724386 -0.04445232 5.590066 109 110 95
-0.09448242 -0.044482406 5.5898657 106 106 92
-0.0871017 -0.04451413 5.5898476 106 106 92
-0.079856396 -0.044544097 5.589624 107 106 92
-0.07258701 -0.044574242 5.589419 109 108 95
-0.0653553 -0.044603866 5.589147 110 110 97
-0.058237314 -0.04463197 5.588702 112 113 99
-0.050881386 -0.04466295 5.588577 115 116 102
-0.043252945 -0.04469728 5.5888186 121 121 106
-0.035674572 -0.044730898 5.588974 129 126 111
-0.028086185 -0.044764545 5.5891285 136 133 116
-0.02058959 -0.044796955 5.5891395 141 138 121
-0.01316905 -0.044828337 5.589029 141 140 121
-0.00569582 -0.04486027 5.5889773 139 138 120
0.0019426346 -0.044894185 5.5891395 136 136 117
0.009713888 -0.044929635 5.589468 134 134 116
0.017360926 -0.04496346 5.58961 134 134 116
0.025396347 -0.045002025 5.5902696 135 134 116
0.03357625 -0.045042243 5.591109 135 134 116
0.041588068 -0.04508027 5.5917006 134 132 115
0.049655437 -0.04511888 5.59235 134 131 114
0.057627916 -0.045156237 5.592852 135 132 115
0.06542134 -0.045191284 5.5930943 136 133 116
0.073331594 -0.045227658 5.5934787 135 132 115
0.0813539 -0.045265343 5.593998 133 130 113
0.089205265 -0.045300778 5.5942698 130 127 110
0.09694314 -0.045334768 5.594372 130 127 110
0.10473704 -0.045369353 5.594534 130 127 110
0.11267781 -0.045405623 5.5948772 127 124 107
0.12069106 -0.045442697 5.595301 124 122 106
0.12885165 -0.045481455 5.5959053 127 125 110
0.13694382 -0.04551929 5.5964 133 131 117
0.14461541 -0.045551892 5.5963182 140 138 125
0.15227652 -0.045584302 5.5962076 145 143 129
0.15996933 -0.04561701 5.596124 147 144 130
0.16741347 -0.04564662 5.5956974 146 143 128
0.17482758 -0.045675796 5.595217 141 139 125
0.18207717 -0.0457029 5.5945077 136 134 120
0.18909335 -0.04572713 5.5934777 130 129 114
0.19637895 -0.04575455 5.592791 125 123 110
0.2040031 -0.045785945 5.592536 121 119 106
0.21166515 -0.045817714 5.5923157 119 118 104
0.21941876 -0.045850497 5.5922008 119 117 103
0.22717309 -0.04588319 5.592072 121 119 105
0.2349422 -0.045916002 5.591948 125 123 109
0.24267673 -0.045948293 5.5917645 130 128 115
0.2503636 -0.045979958 5.591505 132 130 117
0.25790548 -0.046009775 5.591044 130 128 115
0.26496792 -0.04603384 5.589952 127 125 112
0.27220583 -0.046059903 5.589075 124 123 109
0.27974987 -0.04608957 5.5885787 124 121 107
0.28727388 -0.04611888 5.5880446 128 122 107
0.29500246 -0.046150547 5.5877585 131 125 108
0.30275917 -0.046182465 5.587494 133 126 109
0.31040573 -0.046213012 5.5870757 132 125 109
0.3183968 -0.046247523 5.5870814 131 125 109
0.32691646 -0.04628816 5.5877423 132 126 110
0.42648244 -0.046796154 5.601104 134 129 113
0.43484426 -0.046833646 5.601345 129 123 108
0.44277072 -0.04686601 5.6010323 131 124 109
0.45008016 -0.04689115 5.599945 137 130 114
0.45733333 -0.046915617 5.5987773 141 136 119
0.46473384 -0.04694168 5.59778 142 139 124
0.4719975 -0.04696613 5.596604 142 140 127
0.47913527 -0.04698905 5.595263 143 142 129
0.48632455 -0.04701252 5.593975 145 143 130
0.49356818 -0.047036555 5.5927434 146 144 131
0.5009792 -0.047062438 5.5917044 148 145 132
0.5086105 -0.04709078 5.5909224 148 146 131
0.5163133 -0.047119867 5.5902143 147 145 132
0.5235808 -0.047143903 5.5889683 145 143 130
0.53106904 -0.047170427 5.587977 143 142 128
0.5389173 -0.04720093 5.5874085 143 141 127
0.54670787 -0.04723073 5.586758 145 142 128
0.55479646 -0.047263827 5.5864515 145 143 128
0.56283545 -0.047296297 5.586072 144 142 126
0.5706861 -0.04732653 5.5854535 140 138 122
-0.23687029 -0.037992638 5.605344 151 145 126
-0.23028946 -0.03801253 5.6044326 152 146 128
-0.22359824 -0.038033586 5.603673 150 145 127
-0.21710849 -0.038052376 5.602605 147 143 123
-0.21102262 -0.038066547 5.6009316 143 139 120
-0.20490599 -0.03808103 5.5992956 141 136 117
-0.19880795 -0.038095262 5.597625 139 134 115
-0.19228029 -0.038114246 5.5965734 136 134 115
-0.18555498 -0.038135376 5.5957994 133 134 115
-0.17873359 -0.038157534 5.5951533 130 132 113
-0.17196655 -0.03817899 5.5944166 125 126 109
-0.1651082 -0.038201418 5.5937996 121 122 105
-0.15808368 -0.038225632 5.5934105 118 119 103
-0.15114069 -0.03824885 5.5928907 117 118 102
-0.14420581 -0.038271945 5.592346 117 118 104
-0.13727546 -0.038294908 5.591782 120 121 107
-0.13024688 -0.038318884 5.5913463 122 124 110
-0.12320852 -0.03834292 5.590912 122 123 110
-0.11604786 -0.038368206 5.590638 117 117 104
-0.10880709 -0.038394313 5.5904646 109 110 95
-0.10180473 -0.038417753 5.589938 104 105 90
-0.094575405 -0.03844359 5.5897207 107 107 93
-0.08720374 -0.03847089 5.5896907 109 110 96
-0.07997656 -0.03849658 5.589442 110 109 95
-0.07274604 -0.03852221 5.5891833 108 109 95
-0.06556082 -0.038547274 5.588847 107 108 95
-0.05849886 -0.038570922 5.588324 110 111 98
-0.051183462 -0.038597267 5.588144 115 116 102
-0.04357338 -0.03862674 5.5883613 121 122 107
-0.03600025 -0.038655754 5.5885105 129 128 111
-0.028400183 -0.038684946 5.588682 134 133 116
-0.020823956 -0.038713824 5.588805 137 136 118
-0.013350248 -0.03874148 5.58877 137 136 117
-0.0058586597 -0.03876927 5.588745 136 136 118
0.0017883778 -0.038798656 5.5889196 135 136 118
0.00955224 -0.03882922 5.5892386 136 137 119
0.017170906 -0.03885814 5.589343 137 138 120
0.024995089 -0.03888921 5.589713 137 138 120
0.03311491 -0.03892332 5.5904717 137 137 119
0.0410738 -0.03895561 5.5909925 136 135 118
0.049070835 -0.03898823 5.591548 137 134 117
0.056960106 -0.039019626 5.591939 138 134 117
0.06465626 -0.039048906 5.5920515 139 136 118
0.0724864 -0.0390795 5.59233 138 135 118
0.08048558 -0.03911182 5.592821 137 134 117
0.08835745 -0.03914268 5.5931225 136 133 117
0.09616065 -0.03917275 5.5933156 138 135 118
0.10403371 -0.03920346 5.593587 139 136 119
0.112033844 -0.03923544 5.5940123 136 132 115
0.12008858 -0.03926791 5.594494 131 129 113
0.12825298 -0.03930145 5.5951047 129 127 112
0.1363256 -0.03933392 5.5955763 130 129 115
0.14397192 -0.03936186 5.595463 134 133 120
0.15158248 -0.03938934 5.5952873 137 137 124
0.15923071 -0.03941713 5.595147 139 138 125
0.16662407 -0.039442163 5.5946555 139 138 123
0.17399907 -0.039466973 5.5941267 135 133 119
0.1812048 -0.039489936 5.5933614 130 129 115
0.18815756 -0.0395102 5.592251 125 124 110
0.19540143 -0.039533462 5.591513 121 119 107
0.20301962 -0.039560523 5.5912523 118 116 104
0.21071887 -0.03958836 5.591084 116 114 101
0.2185545 -0.03961755 5.591079 113 111 97
0.2263956 -0.039646726 5.591066 113 111 97
0.2342484 -0.039675917 5.591053 118 116 102
0.24208093 -0.03970484 5.590999 125 123 109
0.24987912 -0.039733317 5.5908856 128 125 112
0.25752616 -0.039760184 5.590562 126 124 111
0.26466417 -0.03978173 5.589568 125 122 110
0.2719376 -0.03980462 5.588738 125 122 108
0.2794814 -0.03983022 5.5882435 127 123 110
0.2869873 -0.039855372 5.587687 132 126 111
0.29468632 -0.039882418 5.5873637 136 130 113
0.30237842 -0.039909344 5.5870185 138 131 114
0.30992174 -0.03993466 5.58647 136 129 113
0.31779933 -0.03996333 5.5863333 134 127 111
0.32623053 -0.039997544 5.5868835 132 126 110
0.33479404 -0.040033024 5.587584 132 125 109
0.41687846 -0.040398594 5.5993185 135 130 114
0.42518353 -0.040430527 5.5995092 133 128 113
0.43339372 -0.040461417 5.5995665 133 126 111
0.44118476 -0.04048803 5.59909 135 127 112
0.4483502 -0.04050834 5.59783 139 131 114
0.4554584 -0.04052801 5.5964885 140 135 118
0.462775 -0.040549707 5.595393 141 138 122
0.46998668 -0.040570315 5.5941586 139 138 125
0.4771483 -0.040590387 5.5928516 139 139 125
0.48440766 -0.040611353 5.5916553 138 137 124
0.49173808 -0.040632974 5.5905347 138 136 123
0.49922872 -0.04065613 5.589597 137 136 122
0.5069058 -0.040681075 5.5888753 137 136 122
0.514663 -0.040706735 5.5882373 136 135 122
0.52199197 -0.04072812 5.5870695 135 133 120
0.52953315 -0.040751543 5.586147 132 131 117
0.5374372 -0.04077847 5.585649 131 130 116
0.5452535 -0.04080447 5.5850334 134 131 117
0.5533507 -0.04083317 5.584741 136 133 118
0.56138253 -0.04086114 5.584357 137 134 118
0.56917024 -0.04088665 5.583667 135 133 117
0.57718253 -0.040914323 5.5832324 135 132 117
-0.23783469 -0.032017674 5.6038914 153 147 128
-0.23119926 -0.03203493 5.603064 154 148 129
-0.2244792 -0.032052975 5.60235 148 142 124
-0.2179594 -0.03206907 5.6013293 138 133 113
-0.21184039 -0.032081317 5.5997086 129 124 104
-0.20567083 -0.032093998 5.5981536 124 119 99
-0.19936109 -0.032107946 5.5967956 123 118 99
-0.19273233 -0.03212489 5.5958934 122 120 101
-0.18594909 -0.03214323 5.5952063 122 123 103
-0.17906141 -0.0321625 5.594659 121 124 104
-0.17225122 -0.032180976 5.5939856 120 121 104
-0.16537905 -0.03219999 5.59339 118 120 103
-0.15834022 -0.032220524 5.593023 117 119 103
-0.15141869 -0.032239895 5.5924735 117 119 103
-0.1445005 -0.032259163 5.591906 118 120 106
-0.13755703 -0.032278653 5.591362 119 120 107
-0.13051462 -0.032298964 5.5909476 118 119 106
-0.12342167 -0.03231969 5.590592 114 115 102
-0.116197824 -0.03234158 5.5904098 106 106 93
-0.10891819 -0.032363947 5.590293 99 99 84
-0.10188866 -0.032383915 5.5898056 98 99 84
-0.094671965 -0.03240558 5.5895715 105 105 91
-0.08731961 -0.03242841 5.5895143 111 112 97
-0.08014822 -0.032449525 5.589187 112 112 98
-0.07297206 -0.032470625 5.588853 109 110 96
-0.065821886 -0.032491427 5.588469 108 109 96
-0.05879736 -0.032510992 5.5878944 109 111 98
-0.051528692 -0.032532748 5.58765 114 115 101
-0.04394889 -0.03255732 5.5878263 119 121 105
-0.036425114 -0.03258128 5.587909 123 124 107
-0.02887392 -0.032605466 5.588014 124 124 106
-0.021309376 -0.032629665 5.5881224 123 123 105
-0.013750553 -0.03265376 5.588207 123 124 105
-0.0062556267 -0.032677215 5.588188 126 126 108
0.0013725758 -0.032701816 5.5883384 130 131 113
0.009096861 -0.032727208 5.588605 135 135 117
0.01666236 -0.03275111 5.5886374 138 139 121
0.024461031 -0.032777037 5.5889745 140 141 123
0.03240347 -0.032804172 5.5894923 140 141 123
0.040189266 -0.032829847 5.5897784 141 140 122
0.04812503 -0.032856833 5.5902534 143 139 122
0.05594945 -0.0328827 5.590559 143 139 122
0.063562155 -0.032906618 5.5905614 144 141 122
0.07132411 -0.032931816 5.590751 143 140 123
0.07929397 -0.032958772 5.5912056 143 140 124
0.0871644 -0.03298479 5.5915093 145 142 126
0.09501076 -0.03301051 5.5917645 148 145 129
0.10295963 -0.033037107 5.5921407 149 146 129
0.11101818 -0.033064555 5.5926485 146 143 126
0.11912489 -0.03309239 5.593203 139 137 121
0.12730932 -0.033120852 5.5938435 133 131 116
0.13537955 -0.03314821 5.594315 128 127 114
0.14298964 -0.03317141 5.594156 126 125 113
0.1505897 -0.033194494 5.59397 125 126 113
0.15823436 -0.033217873 5.593828 126 126 113
0.16562629 -0.033238973 5.5933375 125 126 112
0.17300153 -0.033259865 5.592812 124 123 110
0.18020129 -0.033279177 5.592042 123 122 108
0.18713498 -0.03329606 5.59091 120 119 106
0.19436646 -0.03331555 5.5901585 120 118 106
0.2019875 -0.033338394 5.5899053 118 117 104
0.20970178 -0.033361968 5.58976 115 113 100
0.21756554 -0.033386823 5.589794 110 108 95
0.22546291 -0.033411887 5.5898576 108 105 91
0.23336744 -0.03343695 5.5899153 111 108 95
0.24128342 -0.033462044 5.5899715 118 115 101
0.24919629 -0.033487048 5.5900087 121 119 106
0.2569363 -0.033510488 5.589808 123 120 107
0.2641542 -0.033529323 5.5889196 124 121 108
0.27146983 -0.033548992 5.5881453 127 125 111
0.27902436 -0.033570614 5.5876656 132 129 115
0.28653026 -0.033591803 5.587111 139 134 119
0.2942245 -0.033614542 5.5867834 144 138 122
0.3018887 -0.03363697 5.586404 146 139 123
0.30937624 -0.033657845 5.5857863 144 137 121
0.31716847 -0.03368124 5.5855427 141 135 119
0.32552767 -0.033709493 5.586004 139 133 117
0.33405948 -0.033739086 5.5866666 136 130 114
0.34278965 -0.03377038 5.587562 133 127 111
0.41548324 -0.03404173 5.5976 134 128 113
0.42362714 -0.034067284 5.5975947 136 130 115
0.43167233 -0.03409193 5.597452 140 133 117
0.43932843 -0.03411321 5.596814 142 134 118
0.44636703 -0.034129243 5.5954022 144 135 119
0.4533689 -0.03414495 5.5939355 142 136 121
0.4606607 -0.03416301 5.5928154 141 138 123
0.46782565 -0.034179967 5.591529 137 138 123
0.4750135 -0.034197103 5.5902605 134 135 120
0.48235774 -0.034215476 5.589173 131 130 117
0.4897945 -0.034234595 5.5881863 128 127 114
0.49738955 -0.03425495 5.5873814 125 125 111
0.50514007 -0.034276586 5.586754 125 124 111
0.5129597 -0.03429876 5.586196 124 123 110
0.52035403 -0.03431728 5.585111 122 121 108
0.5279496 -0.034337487 5.5842586 118 118 105
0.53590894 -0.034360643 5.5838323 117 116 102
0.54375386 -0.034382787 5.5832543 119 118 103
0.55185676 -0.034407046 5.5829735 124 121 106
0.5598786 -0.0344305 5.5825815 127 124 109
0.5676329 -0.03445172 5.5818553 130 127 112
0.5755842 -0.034474548 5.5813518 133 129 115
-0.2319696 -0.026062159 5.6019015 143 138 120
-0.22524214 -0.026076896 5.601202 133 127 109
-0.21873617 -0.02608983 5.6001635 118 113 93
-0.2126298 -0.026099665 5.598527 109 104 84
-0.20647025 -0.026109872 5.5969605 110 105 85
-0.1999774 -0.026122628 5.5958734 114 109 90
-0.19331908 -0.026136605 5.5950174 115 112 93
-0.18647003 -0.026151998 5.5944276 114 114 94
-0.17946362 -0.026168598 5.5940547 114 114 96
-0.17251325 -0.026184676 5.5935874 114 114 97
-0.16552877 -0.026200963 5.5931554 115 115 99
-0.15839672 -0.026218383 5.5929246 116 116 100
-0.1514597 -0.026234223 5.592398 115 116 101
-0.1445713 -0.026249675 5.5917883 113 114 100
-0.13763642 -0.02626541 5.591233 110 111 96
-0.13061976 -0.026281757 5.590782 106 107 93
-0.12350559 -0.02629873 5.5904574 100 102 89
-0.11625552 -0.026316745 5.5903134 93 93 81
-0.108976126 -0.026334925 5.5901966 87 87 74
-0.10196757 -0.026350973 5.58968 86 86 73
-0.09479976 -0.026368184 5.589377 89 89 76
-0.087504864 -0.026386349 5.58924 94 95 81
-0.08040905 -0.026402919 5.5888066 98 99 85
-0.07327199 -0.026419772 5.588419 100 101 87
-0.066123724 -0.02643667 5.588033 102 103 90
-0.059068203 -0.026452823 5.587504 105 106 94
-0.051782846 -0.02647063 5.5872836 108 109 95
-0.044187307 -0.026490716 5.587483 111 113 97
-0.03668475 -0.026510043 5.587537 111 114 95
-0.02918458 -0.02652931 5.587572 110 111 93
-0.021641493 -0.02654886 5.587652 110 110 92
-0.014103174 -0.026568277 5.5877104 112 112 94
-0.0065295696 -0.026587917 5.5878015 117 116 98
0.0010521412 -0.026607586 5.5878882 123 123 105
0.008684635 -0.026627569 5.5880303 130 129 111
0.016145468 -0.02664624 5.58792 135 135 117
0.023896456 -0.026666967 5.588194 140 140 122
0.031782627 -0.026688633 5.5886364 142 143 125
0.039499044 -0.026709018 5.5888305 143 143 125
0.047288418 -0.02672988 5.5891075 144 142 125
0.055028915 -0.026750294 5.5893025 145 143 126
0.06261778 -0.026769591 5.589275 147 145 128
0.07037258 -0.026790021 5.589458 148 145 129
0.07831955 -0.026811806 5.589885 148 145 129
0.08612013 -0.02683246 5.5900974 147 144 128
0.09400034 -0.02685362 5.590401 145 142 127
0.101994514 -0.026875598 5.5908422 143 140 124
0.1100719 -0.02689807 5.5913777 141 138 122
0.11818862 -0.026920779 5.591948 137 136 120
0.12633514 -0.026943652 5.5925417 133 132 117
0.13429976 -0.026965154 5.5928745 126 126 113
0.14183521 -0.026983483 5.5926204 122 122 109
0.14938784 -0.02700193 5.592375 117 119 106
0.1570096 -0.027020765 5.5922065 116 117 104
0.1644001 -0.027037932 5.5917177 114 115 103
0.1717906 -0.027054993 5.5912156 115 114 101
0.17903018 -0.027070967 5.5905023 116 115 102
0.1860385 -0.027085243 5.589472 115 115 102
0.19335294 -0.027101664 5.5888324 115 114 101
0.20106554 -0.027120886 5.588702 111 111 98
0.20885992 -0.02714066 5.5886645 108 107 93
0.21676612 -0.027161164 5.588757 105 104 91
0.22471762 -0.027181922 5.588894 105 104 90
0.23266697 -0.02720262 5.589011 106 105 92
0.24064803 -0.02722348 5.5891547 110 109 95
0.24865055 -0.027244477 5.58931 112 110 98
0.25643778 -0.027263833 5.5891714 114 112 100
0.26368785 -0.027279375 5.588327 117 115 102
0.27099776 -0.027295304 5.587547 123 121 108
0.27852058 -0.027312635 5.587028 130 127 113
0.28600144 -0.027329681 5.586443 136 133 118
0.2936697 -0.02734801 5.5860834 141 137 121
0.3013203 -0.02736616 5.585689 143 138 122
0.30881238 -0.027383147 5.585079 143 138 122
0.31660032 -0.02740213 5.5848317 143 138 122
0.3249457 -0.02742499 5.5852776 143 138 122
0.33348322 -0.02744913 5.5859494 141 136 120
0.34221148 -0.02747455 5.586844 137 131 116
0.35129118 -0.027502386 5.588163 135 130 115
0.3606298 -0.02753195 5.589788 139 133 118
0.3700626 -0.02756202 5.5915084 145 139 123
0.39742923 -0.027645437 5.5953755 142 136 120
0.4058125 -0.027668027 5.5957046 142 136 119
0.41417146 -0.02769032 5.5959854 142 136 119
0.42215705 -0.027710048 5.5957875 143 136 120
0.4300382 -0.027728913 5.595446 143 136 120
0.43756795 -0.027745364 5.5946565 141 134 118
0.44455266 -0.02775803 5.593183 140 133 117
0.45161796 -0.027771173 5.5917983 137 132 117
0.45892835 -0.027786015 5.5907063 135 132 118
0.4661348 -0.027800051 5.5894756 132 133 118
0.47337747 -0.027814327 5.588279 130 131 116
0.48080754 -0.027829854 5.5873 127 127 113
0.4883349 -0.027846036 5.5864286 124 123 111
0.49601293 -0.027863143 5.585728 122 122 108
0.50383687 -0.027881203 5.585193 122 121 108
0.51170135 -0.027899561 5.5846934 121 120 107
0.51914 -0.02791491 5.5836663 119 118 105
0.5267532 -0.02793142 5.582838 113 113 100
0.5347173 -0.027950315 5.582421 110 110 96
0.5425403 -0.027968166 5.5818195 111 110 96
0.55059457 -0.027987508 5.581484 116 113 98
0.55858445 -0.028006403 5.581056 120 117 102
0.56634116 -0.028023658 5.580337 124 121 107
0.57430434 -0.028042315 5.579852 128 124 111
-0.21912003 -0.020116208 5.599577 94 91 72
-0.2130661 -0.02012342 5.5978656 91 87 68
-0.20685911 -0.020131556 5.59637 103 99 78
-0.20035887 -0.020141376 5.595295 116 111 91
-0.19369793 -0.02015215 5.5944443 118 113 94
-0.18677449 -0.020164428 5.593965 113 110 92
-0.17959237 -0.020178212 5.593849 110 108 91
-0.17240906 -0.020191966 5.593721 110 107 92
-0.16522193 -0.02020572 5.593583 111 110 94
-0.15793014 -0.020220054 5.593582 113 111 97
-0.15097094 -0.020232363 5.5930867 110 109 95
-0.14416265 -0.020243747 5.5923605 103 102 88
-0.13730097 -0.020255445 5.591699 94 95 80
-0.13036561 -0.020267515 5.5911317 89 91 77
-0.123277426 -0.020280419 5.5907693 87 88 76
-0.116036415 -0.020294217 5.5906124 83 84 72
-0.10880351 -0.020307956 5.5904293 78 78 67
-0.10185361 -0.020319937 5.589829 72 72 62
-0.09476876 -0.020332722 5.589408 67 67 55
-0.08755684 -0.020346222 5.589154 67 68 55
-0.08055234 -0.020358426 5.5885925 74 75 62
-0.073452234 -0.020371182 5.5881534 84 84 71
-0.06626868 -0.020384384 5.5878186 93 93 80
-0.059114456 -0.020397363 5.5874286 98 99 85
-0.051748276 -0.02041155 5.587322 100 101 85
-0.044075012 -0.020427493 5.5876307 99 101 84
-0.036555767 -0.02044244 5.587708 98 100 82
-0.029104471 -0.020456998 5.5876756 99 100 81
-0.021591187 -0.020471869 5.5877137 103 102 84
-0.0140964985 -0.020486591 5.5877113 107 105 87
-0.0065920353 -0.020501284 5.5877075 112 110 92
0.00097584724 -0.020516364 5.5877767 117 116 98
0.008500576 -0.02053116 5.5877705 122 122 104
0.015800476 -0.020544557 5.5874395 129 129 111
0.023415089 -0.020559756 5.5875273 138 137 119
0.03129816 -0.020576445 5.587968 142 142 124
0.03895259 -0.020591764 5.5880785 141 143 125
0.04670596 -0.020607648 5.588309 140 141 124
0.054454803 -0.020623444 5.5885167 143 143 126
0.062075615 -0.020638494 5.588535 147 147 130
0.06988478 -0.020654527 5.5887938 149 147 132
0.07788277 -0.020671604 5.5892916 146 143 127
0.08568668 -0.020687519 5.58951 138 134 119
0.09336853 -0.020702688 5.5895486 127 123 108
0.10121107 -0.020718781 5.5897875 119 116 101
0.10925794 -0.020735947 5.5902843 120 118 102
0.11732888 -0.020753173 5.5907965 125 124 109
0.12539625 -0.020770399 5.591287 127 127 113
0.13326907 -0.020786403 5.591501 125 125 112
0.14073873 -0.020800201 5.5911617 121 121 109
0.1482358 -0.02081403 5.5908456 117 118 105
0.15582418 -0.020828394 5.5906367 113 114 102
0.16322088 -0.020841626 5.5901594 109 110 98
0.17065072 -0.020855008 5.5897136 108 108 96
0.17797303 -0.020867733 5.589112 109 109 97
0.18512726 -0.020879505 5.588277 109 110 97
0.19262314 -0.020893125 5.587879 105 106 93
0.20052171 -0.02090895 5.5879946 98 97 84
0.20846581 -0.020925043 5.588154 94 93 80
0.21644878 -0.020941256 5.588349 97 97 84
0.22445607 -0.020957557 5.588559 104 103 90
0.23242593 -0.020973621 5.588704 104 104 92
0.24042821 -0.020989804 5.5888767 103 103 91
0.24846387 -0.021006105 5.5890756 102 101 89
0.25623584 -0.021020947 5.5889187 102 102 90
0.26345873 -0.021032749 5.5880394 105 105 93
0.27071977 -0.0210447 5.5871973 112 112 99
0.27817178 -0.021057663 5.5865893 118 117 104
0.28560805 -0.021070538 5.585948 123 122 107
0.2932508 -0.021084515 5.5855584 126 123 108
0.3009119 -0.021098493 5.585179 128 125 110
0.30847573 -0.021111963 5.5846605 132 129 114
0.31633997 -0.021127013 5.5845118 137 133 118
0.32474446 -0.021144925 5.585034 142 138 122
0.3333056 -0.0211637 5.5857368 143 139 124
0.3419943 -0.021183012 5.5865817 142 136 122
0.35102773 -0.021204261 5.587844 141 135 121
0.36031318 -0.021226732 5.589402 144 139 125
0.3696363 -0.021249382 5.5909867 150 145 130
0.37906623 -0.021272568 5.592684 152 147 132
0.38823152 -0.021294234 5.5940266 150 146 130
0.3966043 -0.02131161 5.5943613 151 145 128
0.4048555 -0.021328239 5.5945277 152 146 128
0.41305518 -0.0213446 5.594614 152 145 126
0.4208696 -0.021358846 5.5942073 147 140 122
0.42857575 -0.021372465 5.5936522 139 133 116
0.43599963 -0.021384535 5.592736 132 127 112
0.4430802 -0.021394787 5.591385 128 123 110
0.45026565 -0.021405486 5.5901527 125 121 108
0.45772958 -0.021417705 5.589253 123 122 109
0.4651034 -0.021429418 5.58823 123 124 110
0.4724567 -0.021440951 5.5871716 125 125 111
0.47999024 -0.021453409 5.586322 126 125 113
0.48759818 -0.021466283 5.585551 126 126 113
0.49534392 -0.021479813 5.584935 126 125 112
0.5032146 -0.02149397 5.5844584 126 124 111
0.51108 -0.021508066 5.583962 124 122 110
0.51851106 -0.021519838 5.5829277 121 119 108
0.52608514 -0.021532325 5.5820546 115 114 102
0.53399205 -0.02154657 5.5815697 112 110 98
0.5417564 -0.021559982 5.580901 111 110 97
0.54973626 -0.021574495 5.580478 113 111 98
0.5576999 -0.02158889 5.5800214 115 113 100
0.56552005 -0.02160254 5.5793805 118 114 102
0.5735805 -0.021617351 5.579013 121 117 105
-0.20680666 -0.014156966 5.5964265 99 95 74
-0.2003169 -0.01416379 5.595337 118 113 92
-0.19364834 -0.01417133 5.5944977 123 117 98
-0.18667865 -0.014180152 5.594086 118 112 96
-0.17938566 -0.014190255 5.594132 115 109 95
-0.17203856 -0.014200596 5.5942407 113 108 94
-0.16470289 -0.014210848 5.594318 113 110 96
-0.15730524 -0.014221339 5.594469 114 111 98
-0.15033364 -0.014230011 5.5939894 111 109 96
-0.14359379 -0.0142377 5.5931635 102 101 87
-0.1367948 -0.014245538 5.592411 92 93 79
-0.12993073 -0.014253674 5.5917397 89 91 76
-0.12288666 -0.014262555 5.5913143 88 90 77
-0.1156795 -0.014272062 5.591108 87 88 77
-0.10850215 -0.01428148 5.5908446 84 84 75
-0.101585865 -0.014289735 5.590197 76 76 67
-0.094539404 -0.014298527 5.5897207 66 65 56
-0.08737922 -0.014307706 5.589393 62 63 51
-0.08040857 -0.01431614 5.588784 70 71 58
-0.07333946 -0.014324961 5.588301 83 83 70
-0.066154 -0.01433417 5.5879683 93 93 80
-0.058945656 -0.014343498 5.587655 98 99 85
-0.051538467 -0.014353571 5.5876064 99 100 84
-0.04384017 -0.014364896 5.5879493 97 99 82
-0.03632784 -0.014375357 5.588017 96 96 79
-0.028939009 -0.014385281 5.5878973 97 97 78
-0.021459341 -0.014395593 5.587889 102 100 82
-0.013992548 -0.014405785 5.5878477 106 104 86
-0.0065505505 -0.014415858 5.5877576 111 109 91
0.0009229183 -0.014426051 5.5876966 115 114 96
0.00836277 -0.0144360345 5.5875735 120 119 101
0.015604258 -0.014445214 5.587164 127 126 108
0.02316904 -0.014455644 5.5871844 136 135 117
0.031010866 -0.014467208 5.587569 139 139 121
0.038676977 -0.014477996 5.587697 137 139 121
0.046354055 -0.014488814 5.5878243 135 137 120
0.054042816 -0.014499692 5.5879526 138 140 123
0.061685324 -0.014510302 5.5880017 143 143 127
0.069530725 -0.014521686 5.5883102 142 140 125
0.077542305 -0.014533756 5.588828 135 130 114
0.085338116 -0.014544873 5.5890374 121 116 100
0.09296107 -0.014555274 5.5889974 106 101 86
0.10064101 -0.014565913 5.5890193 99 95 80
0.10841203 -0.01457691 5.5891485 104 102 87
0.11643648 -0.014588771 5.5896015 116 115 100
0.12444949 -0.014600692 5.5900216 122 123 109
0.132267 -0.014611719 5.590164 122 122 109
0.13971996 -0.014621256 5.5898066 119 119 107
0.14723182 -0.014631001 5.589514 117 116 105
0.15485406 -0.0146412235 5.5893526 113 113 101
0.16230488 -0.01465073 5.58895 108 108 96
0.16977859 -0.014660267 5.588565 104 104 92
0.17715526 -0.014669357 5.588038 104 104 92
0.18441749 -0.014678 5.5873475 102 103 90
0.19203162 -0.014688043 5.5871067 96 97 84
0.20004106 -0.014699606 5.5873694 87 87 74
0.20806861 -0.014711199 5.5876403 83 83 70
0.21607089 -0.014722673 5.587861 88 88 76
0.22410393 -0.014734177 5.588106 95 96 84
0.23208904 -0.014745502 5.5882735 97 97 86
0.24011183 -0.014756916 5.5884733 95 95 84
0.24817777 -0.014768509 5.588713 94 94 83
0.25594258 -0.01477888 5.5885477 94 95 84
0.26316905 -0.014787136 5.587674 97 98 86
0.27043486 -0.01479548 5.5868397 102 102 90
0.27786946 -0.01480451 5.5862103 105 106 93
0.28529 -0.014813451 5.58555 107 107 93
0.292907 -0.014823137 5.585129 109 108 93
0.3005488 -0.014832852 5.5847254 112 110 95
0.3081591 -0.014842449 5.5842686 118 116 101
0.316072 -0.014853178 5.5841827 127 125 110
0.32447553 -0.014865784 5.584704 137 134 119
0.33300734 -0.014878808 5.585371 142 139 124
0.3415928 -0.01489207 5.5860877 143 138 124
0.35053682 -0.014906583 5.587238 142 137 123
0.35975003 -0.01492217 5.5887074 145 140 127
0.36900115 -0.014937786 5.5902033 149 146 132
0.3782947 -0.014953552 5.591731 151 148 134
0.38733935 -0.014968364 5.5929265 150 146 130
0.39566588 -0.014980374 5.5932055 150 145 127
0.40387654 -0.014991907 5.5933237 148 141 122
0.41203046 -0.0150032025 5.593356 146 138 117
0.41976953 -0.015012858 5.5928593 139 132 113
0.42738748 -0.015022097 5.592198 131 126 109
0.43478703 -0.015030412 5.591255 124 121 106
0.44195056 -0.015037892 5.5900097 117 116 103
0.4492352 -0.01504573 5.588903 114 113 101
0.45680928 -0.015054671 5.5881405 113 112 101
0.46431565 -0.015063344 5.587283 116 115 103
0.47175288 -0.015071748 5.58633 119 118 106
0.4793737 -0.015080778 5.5855885 121 120 108
0.4870646 -0.015090106 5.5849214 122 121 109
0.494869 -0.015099792 5.5843782 120 118 106
0.5027778 -0.015109835 5.5839496 116 114 102
0.51063895 -0.0151197 5.5834494 111 109 98
0.51807904 -0.015127925 5.5824275 108 106 95
0.5256493 -0.015136717 5.5815506 106 104 92
0.5335381 -0.015146552 5.581046 107 105 93
0.54127526 -0.01515585 5.580346 109 107 95
0.5491936 -0.015165774 5.5798507 110 108 96
0.5571244 -0.015175728 5.579356 110 108 96
0.56499314 -0.0151854735 5.578776 110 106 95
0.5731256 -0.015196113 5.578495 112 108 96
0.581825 -0.015208809 5.578876 117 113 100
-0.2062304 -0.0081840735 5.5972514 95 91 70
-0.19968867 -0.008188067 5.5962367 114 109 88
-0.19301105 -0.008192329 5.59541 124 117 99
-0.18604946 -0.008197365 5.594985 125 119 104
-0.17876744 -0.008203147 5.595013 124 118 105
-0.17140317 -0.008209137 5.5951457 123 117 105
-0.16405201 -0.008215038 5.595243 121 117 104
-0.15665078 -0.008221058 5.595398 120 118 106
-0.14968085 -0.008226005 5.594915 119 117 104
-0.14296508 -0.008230297 5.594053 115 114 100
-0.13617349 -0.008234797 5.593288 109 110 96
-0.12933588 -0.008239327 5.592578 107 109 94
-0.122326374 -0.008244304 5.592101 106 109 94
-0.11516118 -0.008249639 5.591834 105 107 95
-0.108021736 -0.008254943 5.5915155 104 104 95
-0.10109615 -0.008259682 5.59088 99 99 90
-0.09400368 -0.008264808 5.5904684 93 92 83
-0.08681846 -0.008270083 5.590175 90 91 79
-0.07981348 -0.008274971 5.5896134 94 95 82
-0.07274604 -0.008280007 5.5891266 101 101 88
-0.06559324 -0.008285223 5.5887475 106 107 93
-0.05839634 -0.008290498 5.588416 108 110 95
-0.05102682 -0.00829622 5.588313 108 110 94
-0.043385983 -0.0083025675 5.588575 107 108 92
-0.035928726 -0.008308439 5.5885653 105 105 89
-0.028608084 -0.008313982 5.5883493 105 104 86
-0.021162987 -0.008319793 5.5882926 107 105 86
-0.01370573 -0.0083256345 5.5882382 109 107 89
-0.0063045025 -0.008331267 5.588091 114 112 94
0.0011074543 -0.008336989 5.5879445 119 118 100
0.008489132 -0.008342532 5.5877414 126 125 107
0.015716076 -0.008347778 5.5873117 132 130 112
0.023319244 -0.0083538275 5.5873847 136 134 117
0.031208277 -0.008360622 5.587835 137 135 118
0.038927794 -0.008366911 5.5880356 133 134 116
0.046574593 -0.00837308 5.588121 131 133 115
0.054196835 -0.00837913 5.5881586 133 135 117
0.06178546 -0.00838512 5.5881343 135 134 117
0.06957793 -0.008391527 5.5883718 129 126 109
0.07751346 -0.008398293 5.588787 116 110 94
0.08524203 -0.008404521 5.588906 102 95 79
0.09277916 -0.008410273 5.588751 93 86 70
0.100384235 -0.008416204 5.5886726 93 87 72
0.10806441 -0.008422254 5.588681 104 100 84
0.11583853 -0.008428542 5.5888 116 114 98
0.1238091 -0.008435277 5.5891657 121 121 106
0.13158274 -0.008441536 5.5892525 117 118 105
0.13905215 -0.008447049 5.5889187 113 114 102
0.14662099 -0.008452771 5.588703 112 112 101
0.15431356 -0.008458791 5.588638 111 110 99
0.1618383 -0.008464364 5.588335 106 106 94
0.16935372 -0.008469908 5.5880065 102 102 90
0.17674184 -0.008475153 5.5874968 98 99 87
0.18403149 -0.00848013 5.5868435 95 96 83
0.19166088 -0.008485911 5.586624 90 91 78
0.1996746 -0.008492557 5.586894 85 85 72
0.20771384 -0.008499233 5.587181 80 81 68
0.21571064 -0.008505819 5.5873966 79 79 68
0.22376728 -0.008512495 5.5876737 80 80 69
0.23179293 -0.008519081 5.5878944 82 82 72
0.23984551 -0.008525727 5.588135 86 86 75
0.24794388 -0.008532463 5.5884175 90 90 79
0.2557199 -0.008538423 5.588268 94 95 83
0.26299977 -0.008543221 5.5874643 96 97 85
0.27034378 -0.008548168 5.5867314 97 97 85
0.27783704 -0.0085534435 5.586178 96 96 83
0.2852764 -0.008558599 5.585542 96 97 82
0.2928636 -0.008564053 5.585083 99 99 83
0.30044222 -0.008569477 5.5845995 102 101 85
0.3080175 -0.008574871 5.584099 108 107 91
0.3158846 -0.008580921 5.5839553 119 117 102
0.32419586 -0.008587955 5.584361 131 129 114
0.33264136 -0.008595256 5.58492 138 136 120
0.34111786 -0.008602677 5.5855002 139 134 120
0.3499956 -0.008610873 5.586569 136 132 118
0.35918927 -0.008619843 5.5880156 139 134 121
0.3684175 -0.008628843 5.5894837 143 140 126
0.37767863 -0.008637903 5.5909734 145 141 127
0.38663507 -0.008646188 5.59206 143 139 123
0.39497733 -0.008653162 5.592361 136 130 112
0.40323853 -0.008659868 5.592545 125 118 98
0.41145253 -0.0086665135 5.592654 119 111 90
0.4192369 -0.008672146 5.5922146 119 112 93
0.42687345 -0.008677421 5.591578 122 117 100
0.43430543 -0.008682249 5.5906777 120 118 103
0.44147515 -0.008686481 5.589441 114 114 100
0.44877172 -0.008690981 5.5883503 110 110 98
0.45634198 -0.008696077 5.587585 109 108 96
0.4638908 -0.008701114 5.5867815 111 109 97
0.4713838 -0.008706002 5.5858974 112 110 98
0.4790914 -0.008711306 5.5852637 111 109 98
0.48689008 -0.008716879 5.5847282 107 106 95
0.4947579 -0.008722512 5.584264 100 98 87
0.50270104 -0.008728383 5.5838766 89 87 76
0.5105674 -0.008734016 5.5833845 80 78 67
0.5180557 -0.008738784 5.582421 78 76 64
0.52570367 -0.00874394 5.5816383 82 80 69
0.53366446 -0.008749722 5.5812206 90 89 78
0.5414636 -0.008755175 5.5805955 99 97 86
0.54938436 -0.008760838 5.5801024 102 101 89
0.55730176 -0.0087664705 5.579592 102 100 89
0.5651939 -0.008772073 5.579039 100 97 87
0.5733335 -0.008778183 5.5787683 101 98 86
-0.19941902 -0.0022104064 5.596612 108 103 81
-0.19270921 -0.0022114494 5.595832 119 113 95
-0.18574953 -0.002212731 5.5954037 125 120 105
-0.17848659 -0.0022141912 5.595404 127 123 111
-0.17112732 -0.0022157112 5.5955286 126 123 111
-0.16377687 -0.002217231 5.5956254 123 121 109
-0.15637612 -0.0022187808 5.5957785 122 121 109
-0.14938569 -0.0022200027 5.5953245 122 122 109
-0.1426456 -0.0022210756 5.5944967 124 124 111
-0.13582993 -0.002222208 5.593766 125 126 112
-0.1289959 -0.002223281 5.5930505 124 126 111
-0.12203932 -0.002224473 5.5924973 123 125 110
-0.11495042 -0.0022257545 5.592121 121 123 110
-0.107880116 -0.0022270659 5.591704 120 120 111
-0.10095835 -0.0022282281 5.5910625 120 120 110
-0.09381461 -0.0022295394 5.5907235 121 120 110
-0.08656907 -0.0022309104 5.5905156 121 121 109
-0.07949638 -0.002232162 5.5900497 120 121 108
-0.07240462 -0.0022334435 5.5895963 119 120 107
-0.065261364 -0.0022347549 5.589203 119 121 106
-0.058080196 -0.0022360364 5.5888495 118 120 106
-0.05074787 -0.0022374669 5.588694 118 120 106
-0.043175697 -0.0022390762 5.58886 118 119 104
-0.03577304 -0.0022405365 5.5887733 116 117 100
-0.028510809 -0.0022418776 5.5884767 114 113 96
-0.021093845 -0.002243338 5.588381 114 112 93
-0.0136499405 -0.0022448578 5.588308 115 113 95
-0.006293535 -0.0022462287 5.5880985 120 119 100
0.0010483265 -0.0022476295 5.587856 127 126 108
0.008364677 -0.0022490004 5.587564 134 133 115
0.015562296 -0.0022502819 5.587094 139 138 120
0.023180246 -0.0022518614 5.5871887 139 137 120
0.031100988 -0.0022536793 5.5876827 136 134 117
0.038835526 -0.0022552887 5.587905 132 132 114
0.046459436 -0.002256898 5.58796 130 131 111
0.054027557 -0.002258388 5.5879235 131 131 111
0.06157422 -0.002259908 5.587844 130 127 107
0.069313526 -0.0022615173 5.58801 121 115 96
0.07717514 -0.002263216 5.5883265 106 97 80
0.08484602 -0.0022648254 5.588369 94 84 67
0.09232426 -0.002266226 5.588136 89 80 63
0.0998826 -0.0022677162 5.5879974 95 87 70
0.10752511 -0.0022692361 5.5879564 108 102 84
0.115208864 -0.002270756 5.5879564 120 116 98
0.123004675 -0.002272425 5.588091 122 121 104
0.13072109 -0.0022739747 5.588104 116 116 103
0.1381898 -0.0022753456 5.587772 111 112 100
0.14581132 -0.0022768357 5.5876293 111 112 101
0.1535821 -0.0022784749 5.58767 112 112 100
0.16119647 -0.0022799352 5.5874887 109 109 97
0.16877127 -0.0022813657 5.58724 105 105 93
0.17618299 -0.002282677 5.5867634 100 100 88
0.18349624 -0.0022838989 5.586143 95 96 84
0.19113207 -0.002285389 5.5859346 93 93 81
0.19911194 -0.0022870877 5.5861616 93 93 80
0.20714378 -0.0022888163 5.586441 89 89 77
0.2151401 -0.002290515 5.586658 81 81 70
0.22323227 -0.0022922733 5.586983 76 76 65
0.23131776 -0.0022940317 5.587284 78 78 67
0.23939037 -0.00229579 5.587551 86 86 74
0.24747491 -0.0022975185 5.5878177 95 95 83
0.25522065 -0.0022990087 5.5876303 102 102 90
0.26249576 -0.0023001411 5.5868225 104 104 92
0.2698772 -0.0023013928 5.5861397 101 101 89
0.27741146 -0.0023027041 5.5856404 97 97 84
0.28487515 -0.0023040154 5.585037 96 96 81
0.2924466 -0.0023053566 5.5845594 98 98 82
0.29998446 -0.0023066977 5.584026 101 100 84
0.30752897 -0.0023080388 5.5834875 107 106 90
0.31534815 -0.0023095289 5.5832853 118 115 101
0.32355785 -0.0023112574 5.5835633 129 127 112
0.33191204 -0.002313135 5.584008 136 133 117
0.34029913 -0.0023150423 5.5844784 135 131 116
0.34912157 -0.0023171583 5.5854797 132 128 113
0.35830522 -0.002319602 5.5869164 134 129 115
0.3675115 -0.0023219862 5.5883603 136 132 119
0.3767178 -0.00232443 5.589783 137 133 119
0.38561416 -0.0023266056 5.5907984 133 128 112
0.39391208 -0.002328364 5.5910473 119 112 95
0.40219617 -0.0023301223 5.591263 99 92 72
0.410465 -0.0023318508 5.591442 90 83 63
0.41830993 -0.002333341 5.591081 99 93 74
0.42602372 -0.002334682 5.5905433 114 109 92
0.43348193 -0.0023358741 5.5896764 119 117 102
0.4406631 -0.0023368576 5.588457 115 115 101
0.44797158 -0.0023379603 5.587384 112 112 99
0.45551085 -0.0023391524 5.586583 111 110 98
0.46309352 -0.0023403743 5.585823 111 109 97
0.47067523 -0.0023416558 5.58505 109 107 95
0.47850156 -0.0023430565 5.5845633 104 102 90
0.48643088 -0.002344487 5.584189 97 95 84
0.49436784 -0.0023459771 5.5838094 86 84 74
0.5023062 -0.0023474374 5.5834184 72 70 60
0.5101297 -0.0023488083 5.582875 62 60 49
0.5176232 -0.0023499408 5.581919 60 59 46
0.525316 -0.0023512223 5.581193 68 66 55
0.5333426 -0.0023527124 5.580856 80 79 68
0.5412295 -0.002354143 5.5803366 92 91 80
0.5491979 -0.0023555735 5.579902 98 98 86
0.55715203 -0.002357004 5.579437 99 98 87
0.5650976 -0.0023584643 5.5789485 97 95 84
0.5732672 -0.0023599842 5.5787134 97 95 83
-0.1995244 0.0037672839 5.5964384 100 95 73
-0.19277191 0.0037696084 5.5957203 107 102 84
-0.18582106 0.003772082 5.59528 114 111 96
-0.17859578 0.0037748537 5.5952263 117 115 103
-0.17126083 0.0037777147 5.5953164 115 115 103
-0.16392064 0.0037805757 5.5953994 113 113 101
-0.1565206 0.0037834665 5.595553 113 112 101
-0.14946938 0.0037860593 5.5951877 113 113 101
-0.14265394 0.003788384 5.594469 117 117 104
-0.13577652 0.003790768 5.593828 119 120 107
-0.12892199 0.0037931523 5.593141 120 121 107
-0.12201381 0.0037955663 5.5925193 119 121 106
-0.11500883 0.0037980399 5.592023 118 119 106
-0.10801005 0.0038005135 5.5915055 119 119 107
-0.10109925 0.0038029274 5.5908494 120 120 108
-0.09392166 0.00380555 5.5905595 123 122 111
-0.08661628 0.0038083217 5.5904365 123 123 111
-0.07948828 0.0038109145 5.5900493 122 122 110
-0.072366714 0.0038135073 5.5896387 119 121 108
-0.0652287 0.0038160405 5.589238 118 120 107
-0.0580523 0.0038187227 5.588878 117 119 106
-0.050733805 0.0038214645 5.5887036 118 119 107
-0.043203592 0.0038243553 5.588811 119 120 105
-0.03581643 0.0038271567 5.5887036 120 119 103
-0.028567791 0.003829839 5.588388 119 117 101
-0.021168947 0.0038326106 5.5882683 119 119 100
-0.013725519 0.0038354418 5.5881953 123 121 103
-0.0064058304 0.0038381836 5.587936 128 127 108
0.0008893013 0.0038408658 5.5876293 135 134 116
0.008152723 0.0038435182 5.587265 141 140 122
0.015326738 0.0038460514 5.586764 143 142 125
0.022922039 0.0038490316 5.5868287 142 141 124
0.030796766 0.0038522503 5.5872607 139 137 121
0.038435698 0.0038552007 5.587353 135 135 116
0.045964956 0.0038580617 5.587281 132 133 111
0.053432703 0.003860893 5.5871105 132 131 109
0.06092143 0.0038636944 5.5869536 131 126 105
0.06861973 0.0038667044 5.587066 124 116 96
0.07645941 0.0038698337 5.5873556 113 103 85
0.084153414 0.0038728437 5.5874314 102 90 72
0.0916729 0.003875675 5.587257 92 82 64
0.099276304 0.003878536 5.5871806 93 84 66
0.10694623 0.0038814864 5.587179 105 97 78
0.11460948 0.0038844666 5.5871534 119 113 94
0.122302294 0.003887417 5.5871525 125 122 104
0.12997127 0.0038903675 5.587105 121 120 107
0.13744688 0.0038930795 5.586784 117 118 106
0.14510512 0.003896 5.586693 117 118 107
0.15291262 0.00389904 5.5867844 118 118 106
0.16056585 0.003901901 5.5866566 115 115 103
0.16814017 0.0039047322 5.58641 113 113 101
0.17554092 0.0039073844 5.5859203 109 109 97
0.18285227 0.003909977 5.585301 107 107 95
0.19051003 0.003912838 5.585122 106 106 95
0.19842696 0.0039159376 5.5852695 108 108 96
0.20644808 0.0039191265 5.585537 106 106 94
0.21445513 0.0039222855 5.5857697 100 100 89
0.22258973 0.0039256234 5.586153 95 95 83
0.23075104 0.0039289016 5.586554 95 95 84
0.23884249 0.0039321203 5.586848 101 101 89
0.24689794 0.003935309 5.587078 109 109 97
0.2545898 0.00393817 5.586824 116 115 103
0.26182413 0.003940614 5.5859647 119 118 106
0.26920223 0.0039432067 5.5852804 116 116 104
0.27673316 0.003945889 5.584779 111 111 98
0.28417993 0.0039485116 5.5841565 105 105 90
0.29170036 0.003951164 5.583616 104 104 88
0.29916596 0.0039537866 5.5829916 107 106 90
0.30666614 0.003956439 5.5823994 116 114 98
0.3144405 0.0039593 5.582143 125 122 108
0.32258272 0.0039625783 5.5823383 133 131 115
0.3308978 0.003965916 5.582737 137 134 118
0.33928156 0.0039693434 5.5832057 136 133 117
0.34812188 0.0039731283 5.5842323 134 130 115
0.35733676 0.0039773006 5.585711 135 129 116
0.3665321 0.0039813835 5.587145 134 129 116
0.37567925 0.0039854366 5.5884967 132 127 113
0.38450217 0.0039892215 5.589422 126 120 104
0.3928039 0.0039925 5.5896792 110 102 86
0.4010985 0.003995778 5.58991 88 82 62
0.4094031 0.003999086 5.5901384 80 73 53
0.41731334 0.0040020067 5.589861 92 85 67
0.42505765 0.004004838 5.589364 111 106 89
0.43253207 0.0040073115 5.588521 119 116 101
0.43972516 0.0040096063 5.5873184 117 116 102
0.44702888 0.0040120203 5.5862412 115 114 102
0.4545443 0.0040145535 5.585414 116 115 103
0.46215463 0.004017206 5.584691 116 113 102
0.46984792 0.004019918 5.5840573 113 110 98
0.477813 0.0040228087 5.583742 107 105 93
0.48587012 0.0040258486 5.5835257 102 99 88
0.49387002 0.004028799 5.583225 94 92 82
0.5017946 0.00403166 5.5828185 85 83 73
0.50956845 0.0040344317 5.5822163 79 77 65
0.51705813 0.004036965 5.5812583 77 75 63
0.5247843 0.0040396173 5.5805736 80 78 67
0.5328448 0.0040426273 5.5802784 88 86 76
0.54078746 0.004045518 5.5798283 96 96 85
0.548795 0.0040484387 5.5794425 102 103 91
0.5567968 0.0040513296 5.5790358 104 104 93
0.56481004 0.00405428 5.578629 103 102 91
0.5730612 0.0040573794 5.5784926 102 101 89
-0.19245529 0.0097509045 5.596164 97 94 75
-0.18548846 0.009757193 5.5957465 101 100 86
-0.17827249 0.009764137 5.595679 103 104 92
-0.1709392 0.009771349 5.595766 102 104 93
-0.1636126 0.009778531 5.595828 101 103 93
-0.15621758 0.009785922 5.595974 102 102 91
-0.14913607 0.009792419 5.595652 103 103 91
-0.14226413 0.00979832 5.595014 105 105 92
-0.13534951 0.00980434 5.5944257 106 107 93
-0.1284821 0.009810271 5.593757 107 108 94
-0.12161422 0.009816142 5.593076 107 108 94
-0.11468506 0.009822132 5.592471 107 108 94
-0.10775113 0.009828152 5.5918603 108 109 96
-0.10086298 0.009834053 5.5911717 108 109 96
-0.09366441 0.009840729 5.590912 110 109 97
-0.086276054 0.009847881 5.590906 110 109 98
-0.07907534 0.009854557 5.590621 110 110 99
-0.0718894 0.009861173 5.5903006 110 112 100
-0.06472683 0.00986767 5.589934 111 112 101
-0.057542324 0.009874256 5.5895834 112 114 102
-0.05025649 0.009881081 5.589363 112 113 102
-0.042793274 0.009888383 5.589376 113 113 99
-0.03545332 0.009895267 5.589201 115 113 98
-0.028239012 0.009901883 5.588838 118 116 99
-0.0208807 0.009908827 5.5886602 123 122 104
-0.013464928 0.00991586 5.5885487 128 127 109
-0.006169796 0.0099226255 5.588256 134 133 115
0.0010812283 0.009929242 5.587888 140 139 120
0.008306742 0.009935768 5.5874705 143 142 124
0.015449524 0.009942027 5.586927 144 143 126
0.023000479 0.009949418 5.5869308 145 144 127
0.030814648 0.009957435 5.5872803 143 142 125
0.038374186 0.009964736 5.587265 140 140 120
0.045878172 0.009971919 5.587158 136 137 114
0.053343534 0.009978982 5.586985 135 133 111
0.060856104 0.009986104 5.5868616 135 129 108
0.06856012 0.009993764 5.5869827 134 125 105
0.076406956 0.010001721 5.587282 130 119 100
0.08411074 0.01000935 5.587372 119 107 88
0.09165263 0.010016473 5.587228 102 91 72
0.09927201 0.010023834 5.587174 93 84 65
0.106928825 0.010031225 5.587155 99 91 72
0.11455011 0.010038586 5.587074 114 107 88
0.12214351 0.010045769 5.58694 124 119 103
0.1297121 0.010052921 5.5867596 125 123 110
0.13715625 0.010059746 5.586398 124 124 113
0.1448164 0.010067107 5.5863104 124 124 113
0.15264249 0.010074826 5.586428 122 122 110
0.16034102 0.010082217 5.5863614 120 120 108
0.16794133 0.0100893695 5.58615 119 119 107
0.17536497 0.010096045 5.585692 118 118 106
0.18270898 0.010102512 5.5851154 119 119 107
0.19036508 0.010109754 5.5849366 119 119 107
0.19825482 0.010117503 5.5850487 120 120 108
0.20625806 0.010125579 5.5852933 121 121 108
0.21426511 0.010133656 5.5855274 120 120 108
0.22242427 0.01014206 5.5859437 119 119 107
0.23064303 0.010150643 5.58642 118 118 106
0.23873949 0.010158839 5.586721 118 118 106
0.24674964 0.010166826 5.5868936 121 121 109
0.25438333 0.010173889 5.5865645 125 125 113
0.26156855 0.01017979 5.585644 128 128 116
0.2689438 0.010186138 5.5849557 128 128 117
0.27649426 0.010192903 5.5844812 125 125 113
0.28397322 0.010199519 5.583901 118 118 104
0.29151583 0.010206224 5.5833898 115 115 100
0.29900002 0.010212781 5.58279 120 118 103
0.30650353 0.010219367 5.582203 130 127 113
0.314245 0.01022655 5.581906 137 135 120
0.3223138 0.010234537 5.5820093 140 138 123
0.33054543 0.010242851 5.5823035 141 138 122
0.33889556 0.010251494 5.5827303 141 137 122
0.34771562 0.010261269 5.5837336 141 135 121
0.35693622 0.010271968 5.585221 139 133 120
0.36613488 0.010282638 5.5866594 136 130 117
0.375252 0.010293039 5.587975 131 126 112
0.38408065 0.010302724 5.58891 124 118 103
0.39240718 0.010311188 5.589198 110 103 87
0.40073276 0.010319592 5.5894704 93 86 67
0.40908837 0.010328056 5.5897627 86 79 59
0.41707683 0.010335626 5.589584 95 88 69
0.42490458 0.010342749 5.5891905 110 104 87
0.43241715 0.010349097 5.588396 117 113 99
0.43959355 0.01035464 5.587173 117 115 102
0.4469006 0.010360451 5.586102 118 116 105
0.4544027 0.0103667695 5.5852585 120 119 108
0.46202874 0.010373356 5.5845556 120 118 107
0.46980548 0.0103803 5.5840244 118 116 104
0.47786546 0.01038787 5.583826 115 113 101
0.48599935 0.010395648 5.583703 114 111 100
0.49403644 0.010403128 5.583448 113 110 99
0.50196147 0.01041037 5.583042 113 110 99
0.50972295 0.010417195 5.582425 112 110 98
0.51724124 0.010423424 5.581501 110 108 96
0.5250118 0.010430189 5.58087 106 104 93
0.5331323 0.010437818 5.580647 105 104 93
0.54117703 0.010445239 5.5803194 107 107 95
0.5492728 0.010452809 5.5800385 110 112 99
0.55734324 0.01046023 5.579714 113 115 102
0.5654247 0.01046774 5.579387 114 114 102
-0.1915679 0.0157353 5.597441 98 96 77
-0.18455625 0.015745552 5.5970874 101 102 89
-0.17730188 0.015756818 5.5970726 106 107 97
-0.1699388 0.01576856 5.597201 108 111 102
-0.16258788 0.015780212 5.5972958 110 112 103
-0.15518117 0.015792074 5.597456 110 110 99
-0.14806533 0.015802624 5.5971804 108 109 96
-0.14114833 0.01581231 5.5966053 109 109 96
-0.1342125 0.015821965 5.596044 109 110 96
-0.12733006 0.015831443 5.5953937 110 111 97
-0.120482445 0.01584074 5.5946813 110 111 96
-0.11359835 0.015850158 5.594009 109 110 96
-0.106707335 0.015859546 5.593334 110 111 96
-0.09984803 0.015868815 5.592602 110 111 96
-0.09265661 0.015879454 5.592329 110 109 97
-0.08526111 0.015891017 5.592331 111 110 98
-0.07795262 0.015902134 5.5921955 113 112 100
-0.07072759 0.015912892 5.5919275 115 115 103
-0.06357074 0.015923323 5.59155 115 115 105
-0.056424856 0.015933635 5.591143 115 115 104
-0.04921174 0.015944274 5.590817 110 109 99
-0.04185438 0.01595542 5.5906796 106 105 92
-0.034587383 0.015966209 5.5904007 107 105 90
-0.027414083 0.01597661 5.589978 115 113 96
-0.020101786 0.015987488 5.5897355 125 124 106
-0.012693167 0.015998812 5.589612 132 131 113
-0.0053989887 0.0160096 5.5893154 136 135 117
0.0018343925 0.016020091 5.588921 140 139 121
0.009044886 0.016030462 5.5884824 142 141 123
0.016153336 0.016040416 5.587889 143 142 125
0.023631573 0.01605189 5.587792 144 143 126
0.03130865 0.01606414 5.5879517 144 143 126
0.038836956 0.016075792 5.5878925 142 142 122
0.046351433 0.016087295 5.5878 138 139 116
0.05387497 0.016098859 5.587705 137 135 114
0.061463118 0.01611063 5.5876827 137 132 112
0.06921244 0.016123088 5.587865 140 131 112
0.077088594 0.016136022 5.588202 140 130 111
0.084800005 0.016148271 5.588301 133 121 102
0.09235597 0.016159775 5.5881743 116 105 86
0.09997225 0.016171547 5.5881147 102 93 74
0.10759902 0.016183319 5.5880537 99 91 72
0.11516976 0.016194822 5.587903 105 99 80
0.12267971 0.016206028 5.5876575 113 109 93
0.130121 0.016216936 5.587305 118 116 103
0.13752484 0.016227664 5.58689 120 120 109
0.14516616 0.016239377 5.5867767 121 121 109
0.15299463 0.016251834 5.586897 119 119 106
0.16072226 0.016263785 5.5868683 117 117 104
0.1683569 0.016275378 5.5867014 116 116 104
0.17582226 0.016286226 5.586298 116 116 104
0.18321443 0.016296746 5.5857844 117 117 105
0.19085741 0.01630828 5.5855865 117 116 104
0.19875216 0.016320826 5.5857043 117 117 105
0.20672965 0.016333641 5.585915 118 118 105
0.21472502 0.016346546 5.586133 121 121 109
0.22288942 0.016360106 5.586555 123 123 110
0.23115206 0.016374053 5.5870876 122 122 110
0.23925757 0.016387286 5.5873995 120 120 108
0.24723792 0.016400011 5.587533 119 119 107
0.25484204 0.016411128 5.587165 120 120 108
0.26199484 0.016420396 5.5862017 122 121 109
0.26936865 0.016430559 5.585511 122 121 110
0.27695513 0.016441556 5.585081 122 122 110
0.28449297 0.016452285 5.584576 123 123 109
0.29210353 0.016463282 5.58415 126 126 111
0.29964995 0.01647401 5.5836296 134 132 117
0.3071928 0.01648474 5.5830917 142 140 125
0.314919 0.016496154 5.582773 146 144 129
0.3229158 0.01650867 5.5827837 145 143 128
0.33105087 0.016521694 5.5829544 144 142 127
0.3393402 0.016535284 5.5833044 145 141 126
0.34811783 0.01655084 5.584253 146 139 126
0.35731673 0.016568067 5.585712 143 137 124
0.3665197 0.016585233 5.5871563 139 133 120
0.37563682 0.016602071 5.588471 134 129 115
0.38456273 0.016618045 5.5895267 128 122 107
0.39295173 0.016631844 5.589893 117 110 93
0.40134454 0.016645612 5.590247 103 95 76
0.4097774 0.01665956 5.590635 95 87 67
0.417866 0.016672047 5.590579 97 90 71
0.4257934 0.016683908 5.5903077 106 100 83
0.43341088 0.016694458 5.58964 112 109 93
0.4406712 0.016703578 5.5885196 115 112 99
0.44796586 0.016712787 5.5874295 117 115 104
0.4554422 0.01672274 5.5865536 118 117 106
0.46304345 0.016733112 5.5858173 119 117 106
0.47086263 0.016744377 5.5853367 118 116 104
0.47898984 0.016756805 5.5852175 118 116 104
0.48718476 0.01676947 5.585167 119 116 105
0.49528766 0.016781779 5.5849895 121 119 107
0.50323176 0.016793372 5.584604 125 123 111
0.51099944 0.01680431 5.5839915 128 126 114
0.51854825 0.016814323 5.583102 127 125 113
0.52635217 0.01682529 5.582509 122 120 109
0.5345137 0.016837688 5.5823326 117 115 104
0.54262805 0.016849877 5.582085 115 115 103
0.550792 0.016862215 5.5818834 116 118 105
0.55892587 0.016874405 5.5816307 118 121 107
0.5670321 0.016886445 5.5813313 120 122 108
-0.18353653 0.02173713 5.5985556 114 116 104
-0.17619061 0.021753224 5.5986714 120 122 115
-0.1687653 0.021769764 5.5988874 123 127 120
-0.1613853 0.021785976 5.5990205 125 127 119
-0.15396905 0.021802368 5.5991917 123 125 113
-0.14684176 0.021816911 5.59893 121 123 109
-0.1399064 0.021830292 5.598377 122 123 109
-0.13297486 0.021843584 5.5978074 123 124 110
-0.12606883 0.021856697 5.5971875 123 123 108
-0.11921096 0.021869482 5.596486 121 122 106
-0.11232591 0.021882476 5.595812 120 121 105
-0.10542679 0.02189541 5.595145 119 120 105
-0.09858513 0.021908017 5.5943847 120 121 106
-0.091421366 0.0219225 5.5940695 120 119 106
-0.084059715 0.021938147 5.5940204 121 120 107
-0.076752424 0.021953495 5.59388 122 122 108
-0.06948042 0.021968545 5.593675 122 122 110
-0.062383413 0.021982463 5.5932093 122 121 110
-0.055338383 0.021996053 5.5926585 120 119 109
-0.048248768 0.022009911 5.5921564 111 110 100
-0.041040182 0.022024425 5.5918083 103 102 90
-0.03388691 0.022038551 5.5913696 102 101 87
-0.026783705 0.02205241 5.5908475 114 112 95
-0.019545794 0.022066982 5.5905 127 126 107
-0.012175798 0.022082241 5.5903215 134 133 115
-0.0048902035 0.022097083 5.590012 136 134 118
0.0023384094 0.022111477 5.58961 137 136 120
0.00955534 0.022125782 5.589179 139 138 121
0.016673088 0.022139462 5.5885983 141 139 121
0.02407217 0.02215478 5.5883913 142 140 122
0.03167796 0.022171231 5.588453 142 140 122
0.039200783 0.022187265 5.5883856 140 140 120
0.04672718 0.02220318 5.5883083 137 139 117
0.054282665 0.022219243 5.5882564 136 136 116
0.061900377 0.022235634 5.588274 137 133 115
0.06965971 0.02225283 5.5884686 139 133 115
0.07754207 0.022270711 5.5888133 140 132 114
0.0852468 0.02228752 5.588902 138 127 109
0.092811584 0.022303404 5.588787 128 118 100
0.10043836 0.022319617 5.5887403 116 108 90
0.10807562 0.022335889 5.588693 105 98 80
0.11566925 0.022351893 5.588572 99 93 76
0.12320638 0.02236745 5.5883613 99 97 81
0.13064647 0.02238244 5.588007 104 104 91
0.13807988 0.022397371 5.5876303 109 109 97
0.1457572 0.022413703 5.5875635 109 110 98
0.15361714 0.022430988 5.587724 108 108 94
0.16137838 0.022447707 5.587739 106 106 93
0.16905046 0.02246383 5.5876207 105 105 93
0.17655492 0.02247897 5.5872664 104 104 92
0.18397689 0.022493573 5.5867906 104 104 92
0.19159794 0.022509338 5.5865626 103 102 90
0.19944525 0.022526296 5.5866175 102 101 90
0.20736122 0.02254364 5.5867457 103 103 90
0.21529031 0.022560986 5.5868754 105 105 93
0.22339511 0.022579374 5.5872197 108 108 96
0.23162508 0.022598358 5.5877085 108 108 96
0.23970103 0.022616448 5.5879807 107 108 95
0.24765396 0.022633793 5.5880785 106 106 94
0.25527215 0.022649141 5.587727 106 106 94
0.26244617 0.022661986 5.586791 104 104 92
0.26985788 0.022676142 5.5861487 103 103 91
0.27748847 0.02269149 5.585775 108 108 96
0.2850635 0.02270648 5.585316 119 120 106
0.2927158 0.022721859 5.584943 133 134 118
0.3002975 0.02273685 5.584466 143 143 126
0.30783916 0.022751542 5.583925 148 146 131
0.31552958 0.02276701 5.58356 149 146 132
0.3234613 0.022783877 5.583487 147 145 130
0.33150983 0.022801312 5.583547 147 144 129
0.33974266 0.02281973 5.5838246 147 143 128
0.34845948 0.02284083 5.5846963 146 141 127
0.35762095 0.022864403 5.586108 144 139 125
0.366822 0.022888096 5.587549 140 135 122
0.3760345 0.022911819 5.5889835 137 132 119
0.38505244 0.022934409 5.5901537 134 128 112
0.39357924 0.022954198 5.590691 125 119 101
0.40211082 0.022973927 5.591217 114 106 86
0.41068006 0.022993894 5.591773 103 96 76
0.41890216 0.023011805 5.59188 99 93 73
0.42694497 0.023028703 5.59175 101 96 79
0.43468165 0.023043873 5.591227 106 103 87
0.44202447 0.023056867 5.5902057 111 109 95
0.44936442 0.023069711 5.589169 113 113 100
0.45687413 0.02308354 5.58833 113 112 100
0.464473 0.023097785 5.587588 113 111 99
0.47228408 0.023113193 5.5870934 113 111 99
0.4803903 0.02313024 5.586947 114 112 101
0.48854184 0.023147406 5.5868397 115 114 101
0.4966328 0.023164274 5.586645 117 115 103
0.5045974 0.023180338 5.5862823 120 118 106
0.51241803 0.023195596 5.585731 122 120 108
0.5200312 0.023209693 5.5849166 122 120 109
0.52788854 0.02322513 5.584384 121 120 108
0.536083 0.023242297 5.5842443 119 118 106
0.54423785 0.023259254 5.584042 117 117 105
0.55244994 0.02327648 5.583894 115 118 105
0.56868434 0.02330977 5.583328 118 122 107
0.5768535 0.023326637 5.583086 120 121 106
-0.17455554 0.02775708 5.6010327 127 130 123
-0.1670413 0.027778776 5.6013722 120 124 118
-0.15960407 0.027799876 5.6015844 118 121 114
-0.15217543 0.027820798 5.6017685 122 124 113
-0.1450293 0.027839513 5.6015286 124 126 112
-0.13806915 0.02785668 5.601007 123 124 110
-0.13113666 0.027873637 5.600433 120 121 107
-0.12418938 0.027890595 5.5998673 121 121 105
-0.11729264 0.027907135 5.599217 121 122 105
-0.11036372 0.027923884 5.5985994 122 123 106
-0.10341072 0.027940812 5.5980043 121 122 107
-0.096571684 0.027956786 5.5972347 121 122 107
-0.08943939 0.027974995 5.596869 118 119 104
-0.08213329 0.027994486 5.596736 115 116 101
-0.0748992 0.02801338 5.596487 111 111 97
-0.06768894 0.028032066 5.5961895 109 108 96
-0.060658216 0.028049262 5.5956264 110 109 98
-0.053765774 0.028065385 5.5948567 113 112 102
-0.046890974 0.02808133 5.5940495 110 109 99
-0.039915085 0.028097989 5.5933723 106 105 94
-0.032948732 0.02811456 5.59267 107 106 92
-0.025974989 0.028131159 5.591965 118 118 101
-0.01888585 0.028148534 5.5914087 130 129 110
-0.011641026 0.0281671 5.591056 135 134 115
-0.00442791 0.02818534 5.590645 135 134 117
0.0027990341 0.028203668 5.59024 134 133 117
0.010066032 0.028222265 5.5898767 136 135 118
0.017166853 0.02823952 5.589272 138 136 118
0.02457571 0.02825913 5.589077 139 137 119
0.032226086 0.028280439 5.5891986 139 137 119
0.039793015 0.028301092 5.5891905 137 137 118
0.04738927 0.028321924 5.5892076 134 136 117
0.05502963 0.028343054 5.5892696 133 134 116
0.06266713 0.028364034 5.5893126 134 132 115
0.0703814 0.028385581 5.5894437 136 131 115
0.078189135 0.028407784 5.5896864 137 130 114
0.085811615 0.028428527 5.5896626 136 128 111
0.09331584 0.028448375 5.5894647 132 124 108
0.100893974 0.0284687 5.5893517 123 117 101
0.10853553 0.028489443 5.5893097 111 106 89
0.11619711 0.028510245 5.589279 99 96 80
0.123864174 0.028531047 5.589241 96 95 80
0.13148165 0.028551461 5.589122 100 100 88
0.13901734 0.02857119 5.5888796 104 105 93
0.14682126 0.028592916 5.5889792 103 104 92
0.15478945 0.028615715 5.5892806 102 102 90
0.16264105 0.02863765 5.589412 102 101 89
0.17042875 0.028659077 5.5894437 101 101 89
0.1780324 0.028679045 5.5892167 100 100 88
0.1854856 0.02869788 5.5887785 99 100 87
0.19307494 0.028717639 5.5885053 99 99 86
0.2008245 0.02873853 5.5884285 98 98 86
0.20861459 0.02875969 5.588389 99 99 86
0.21641994 0.02878091 5.5883546 99 99 87
0.22438884 0.028803261 5.588518 100 100 88
0.23251534 0.028826715 5.588871 101 101 89
0.24052167 0.028849276 5.5890517 102 102 90
0.24845505 0.02887121 5.5891223 101 101 89
0.25614238 0.028891267 5.588859 101 101 89
0.26340842 0.028908255 5.5880394 98 98 86
0.27090693 0.028926881 5.587507 95 96 84
0.27861333 0.028946938 5.5872273 101 101 89
0.28623605 0.02896637 5.5868273 116 118 103
0.29392815 0.028986247 5.5865026 135 135 119
0.30152917 0.02900541 5.586047 144 144 127
0.30902672 0.029023768 5.585448 146 145 129
0.31664968 0.02904299 5.5849943 145 142 128
0.32448316 0.029063703 5.5847945 145 142 127
0.33242393 0.029085161 5.5847163 145 142 127
0.3405769 0.02910805 5.584891 145 141 126
0.34919143 0.029134216 5.5856314 144 139 125
0.35828424 0.02916375 5.586956 142 137 123
0.36750197 0.029194118 5.588416 139 135 121
0.3768537 0.029225351 5.590024 138 133 120
0.38603997 0.029255362 5.591403 136 132 116
0.3947718 0.029282006 5.592194 132 126 108
0.40351224 0.029308679 5.5929775 124 116 96
0.41227698 0.029335441 5.593773 114 106 86
0.42067456 0.029359551 5.5940948 104 99 79
0.42888188 0.0293822 5.5941644 100 96 79
0.4367659 0.029402556 5.593819 102 101 85
0.44420314 0.029419633 5.5929093 108 108 94
0.4516003 0.029436471 5.5919385 112 112 99
0.4591372 0.029454174 5.5911274 113 112 100
0.46671748 0.029472174 5.5903583 114 112 100
0.47448945 0.029491486 5.589811 115 113 101
0.4825256 0.029512586 5.589573 117 115 103
0.49060512 0.029534014 5.589374 117 116 102
0.49867797 0.029555263 5.5891523 117 115 103
0.506686 0.029576035 5.5888367 117 115 103
0.5146029 0.029596152 5.588398 118 116 104
0.52228856 0.02961454 5.587666 119 117 105
0.5301945 0.029634507 5.587187 120 119 107
0.53840995 0.029656501 5.5870676 121 120 108
0.54656863 0.029678108 5.5868654 121 121 109
0.57096744 0.029742004 5.586079 117 121 106
0.5790031 0.029762538 5.5856724 119 121 106
-0.16557765 0.03379071 5.60348 93 98 93
-0.1579814 0.03381783 5.603918 83 88 82
-0.15044093 0.033844355 5.604259 95 98 90
-0.14319444 0.03386796 5.6041594 106 108 98
-0.13614678 0.033889655 5.603759 105 106 93
-0.1291871 0.033910427 5.6032186 99 100 86
-0.12220216 0.033931408 5.6027017 100 101 85
-0.11528802 0.033951614 5.6020703 103 104 87
-0.1083343 0.033972178 5.601483 107 108 91
-0.10134959 0.03399298 5.600928 107 108 93
-0.094548225 0.034011964 5.6000986 105 107 92
-0.087492704 0.034033332 5.599619 101 103 88
-0.08030772 0.034055833 5.599309 92 94 79
-0.07323003 0.03407729 5.5988336 79 80 67
-0.06617141 0.03409851 5.5983186 72 73 62
-0.05931878 0.034117732 5.597501 77 78 68
-0.052646637 0.034135196 5.596418 92 94 85
-0.04594612 0.0341529 5.5953636 105 107 97
-0.039161682 0.034171347 5.5944166 113 114 104
-0.03233695 0.034190122 5.5935144 120 121 108
-0.025464296 0.034209285 5.5926676 129 129 114
-0.018488884 0.03422937 5.5919523 135 135 117
-0.011316776 0.034251157 5.5914974 138 137 118
-0.0041589737 0.034272823 5.59101 137 136 118
0.0029702187 0.034294162 5.59047 135 134 117
0.010207176 0.034316484 5.590065 136 135 116
0.01734066 0.034337733 5.5895047 137 135 117
0.024753332 0.034361515 5.589315 138 136 119
0.032399178 0.034387413 5.589431 138 136 119
0.039942026 0.0344123 5.58939 135 134 118
0.047521353 0.03443745 5.5893836 130 132 115
0.055143118 0.034462932 5.5894203 130 132 113
0.062743664 0.034488115 5.5894127 131 131 113
0.07045293 0.034514252 5.589538 133 130 113
0.07823801 0.034540985 5.5897503 133 129 113
0.085862875 0.034566257 5.5897303 132 126 112
0.09338713 0.034590516 5.589559 129 123 109
0.10098553 0.03461534 5.5894737 123 119 103
0.108694315 0.03464118 5.589522 115 112 96
0.1164732 0.034667525 5.5896487 109 107 92
0.12433672 0.034694586 5.589873 107 106 93
0.13219595 0.034721587 5.5900755 109 109 98
0.13991714 0.034747247 5.5900784 108 109 98
0.14781761 0.034774426 5.5903034 105 104 95
0.15587234 0.034802947 5.5907187 101 101 91
0.16377687 0.034830038 5.590917 102 101 90
0.17163873 0.03485671 5.591044 105 104 93
0.17931986 0.034881685 5.5909166 106 106 94
0.18682337 0.03490499 5.5905414 107 107 95
0.19441986 0.03492904 5.5902743 107 108 95
0.20212531 0.034954045 5.5901365 107 108 96
0.20989037 0.034979466 5.590061 107 107 95
0.21767378 0.035005037 5.5899954 107 106 95
0.22556567 0.03503153 5.5900564 106 106 95
0.23359537 0.035059158 5.590281 105 105 94
0.24150157 0.035085592 5.590329 105 105 94
0.24936128 0.03511158 5.5903015 106 107 95
0.25706196 0.035136107 5.590054 109 110 98
0.26434493 0.03515682 5.5892544 108 110 98
0.2718525 0.0351795 5.588731 105 108 95
0.27953577 0.03520367 5.5884204 108 110 98
0.28708577 0.035226617 5.5879254 119 121 106
0.29469967 0.03525004 5.5874987 133 132 116
0.30220914 0.035272483 5.586925 140 138 121
0.3095944 0.03529379 5.586181 140 138 123
0.31714654 0.0353165 5.5856366 140 137 122
0.32494974 0.035341416 5.5853977 140 137 122
0.33289886 0.035367522 5.585329 141 136 122
0.3410933 0.035395686 5.5855556 141 136 122
0.3497007 0.035427425 5.5862865 140 136 121
0.35877204 0.03546313 5.587583 138 134 119
0.36807895 0.03550083 5.5891547 136 132 117
0.3775146 0.03553954 5.5908656 134 131 117
0.38686633 0.03557748 5.5924506 134 130 114
0.39578366 0.035611454 5.5934715 134 128 110
0.404711 0.03564549 5.5944853 132 124 104
0.41365123 0.035679553 5.595497 124 117 96
0.42219567 0.03571007 5.595998 113 108 87
0.43056226 0.03573898 5.5962605 105 102 83
0.4386022 0.035765026 5.5961046 104 103 88
0.44616628 0.03578687 5.595347 110 110 97
0.45368838 0.0358083 5.594525 114 115 103
0.46133637 0.03583074 5.5938463 117 116 106
0.4689777 0.03585309 5.5931463 120 118 107
0.47678208 0.035876784 5.592634 122 120 109
0.48478627 0.035902146 5.5923524 124 122 110
0.49282432 0.035927746 5.592097 123 122 109
0.50088143 0.035953466 5.5918517 122 120 108
0.50893426 0.035979036 5.5915856 120 118 106
0.5169418 0.03600419 5.591251 120 117 105
0.52466893 0.03602687 5.5905643 121 118 106
0.53257203 0.03605098 5.590077 122 121 109
0.5407336 0.036077294 5.589887 124 123 110
-0.1568017 0.039835844 5.6056104 48 54 50
-0.14902902 0.03986967 5.606284 61 65 61
-0.14159012 0.03989959 5.606458 79 81 74
-0.13440895 0.039926592 5.6062455 83 85 73
-0.12741733 0.039951358 5.605746 80 82 67
-0.12041545 0.039976213 5.6052485 81 83 67
-0.113524675 0.039999697 5.604579 83 84 69
-0.10660744 0.04002345 5.603935 84 85 71
-0.09966421 0.04004738 5.603316 83 85 71
-0.09298396 0.040068362 5.60231 83 86 72
-0.08610225 0.040091548 5.601579 84 86 71
-0.07912111 0.040115748 5.600977 74 76 61
-0.07226801 0.040138457 5.6001816 54 57 44
-0.065390825 0.040161375 5.599408 39 45 35
-0.058689117 0.040182296 5.598376 47 53 45
-0.052161455 0.04020125 5.5970883 73 79 72
-0.04554248 0.04022113 5.595919 100 105 97
-0.038823366 0.04024211 5.59488 120 122 114
-0.032042027 0.040263686 5.593917 133 134 122
-0.025202751 0.04028586 5.593023 140 140 126
-0.018321514 0.04030845 5.5921764 140 140 123
-0.01126194 0.040332858 5.591566 140 139 121
-0.0043284893 0.040355895 5.590768 139 139 120
0.0026853085 0.040379707 5.5900693 138 137 118
0.009870052 0.040405396 5.589594 138 137 117
0.016938448 0.040429685 5.5889454 138 137 119
0.024268866 0.040456835 5.588644 140 138 121
0.031823874 0.04048631 5.5886374 139 137 122
0.039264202 0.040514473 5.5884585 135 134 119
0.046772003 0.04054329 5.588357 130 131 115
0.054344893 0.040572736 5.5883303 130 131 113
0.061903477 0.040601913 5.5882683 132 131 113
0.06963682 0.040632997 5.588429 134 131 114
0.07748079 0.040665124 5.588723 133 129 114
0.08519912 0.04069585 5.588832 130 126 112
0.092811346 0.040725324 5.588782 127 123 109
0.10047412 0.040755305 5.588785 123 121 105
0.10828042 0.040786717 5.588966 122 120 104
0.11619091 0.0408192 5.5892706 121 120 104
0.12426782 0.040853355 5.5897813 121 121 108
0.13238168 0.040887807 5.5903234 119 121 111
0.1402924 0.040920023 5.590579 111 112 105
0.14833474 0.04095355 5.5909925 98 98 94
0.15646887 0.040988002 5.5915112 90 90 85
0.164428 0.041020457 5.591781 93 92 85
0.17239022 0.04105291 5.592039 101 100 90
0.18019009 0.04108352 5.592067 105 105 93
0.18776536 0.04111171 5.591784 105 106 94
0.1954546 0.041141007 5.591637 105 106 95
0.20322633 0.041171078 5.5915833 106 107 96
0.21095943 0.04120067 5.591464 106 107 96
0.2188189 0.041231517 5.591495 107 107 96
0.2267077 0.04126263 5.5915494 104 105 94
0.2346592 0.04129431 5.591669 98 100 89
0.24243069 0.041324053 5.591541 93 96 86
0.25013614 0.04135299 5.591312 97 101 90
0.25772667 0.041380677 5.59092 107 111 101
0.26488233 0.041403685 5.5899544 115 120 108
0.27224517 0.041428808 5.5892444 118 123 111
0.2797613 0.04145551 5.5887184 120 124 111
0.28711224 0.041480426 5.5879683 126 127 112
0.29454708 0.041506086 5.5873127 132 130 115
0.30190802 0.04153097 5.586551 136 132 116
0.30918145 0.0415549 5.5856657 137 133 118
0.31672215 0.041581515 5.5851083 137 133 118
0.32460737 0.041611675 5.5849752 138 133 118
0.33269095 0.041643772 5.585078 139 133 118
0.34103036 0.041678403 5.5854883 139 133 118
0.34970284 0.04171649 5.586302 138 133 117
0.35878587 0.04175866 5.5876136 136 132 116
0.36815715 0.04180372 5.5892663 134 130 114
0.41422296 0.042019192 5.596223 130 124 104
0.42285132 0.042055998 5.596827 120 115 94
0.4313581 0.042091403 5.597263 110 108 88
0.43957686 0.042123888 5.597326 109 108 93
0.44734073 0.042151604 5.5968122 114 115 105
0.45510983 0.04217932 5.596292 117 118 111
0.46300626 0.04220823 5.5959153 118 117 109
0.47086596 0.04223672 5.5954795 117 115 107
0.4788339 0.042266253 5.5951624 119 117 106
0.4869001 0.04229671 5.594952 121 119 107
0.4949553 0.04232693 5.594713 121 119 106
0.5030215 0.04235724 5.594474 120 119 105
0.5110929 0.04238755 5.594226 119 117 104
0.5191462 0.04241753 5.593942 118 116 103
-0.13225055 0.045974378 5.6093373 70 72 62
-0.12521625 0.046003405 5.6088934 79 82 67
-0.11819911 0.046032105 5.608411 79 81 66
-0.11132836 0.046058837 5.607707 70 71 60
-0.10443568 0.04608581 5.6070223 61 63 52
-0.09751916 0.04611299 5.606358 56 59 49
-0.09092593 0.046135906 5.605223 63 66 54
-0.084169626 0.04616088 5.6043086 76 78 64
-0.077353716 0.0461866 5.6034675 76 78 63
-0.07069659 0.046210144 5.6023903 52 58 46
-0.06399369 0.046234284 5.601367 30 41 33
-0.057450056 0.046256278 5.6001086 36 48 43
-0.05107975 0.046276007 5.598597 65 77 72
-0.04456973 0.046297435 5.5972724 96 106 100
-0.03793049 0.04632053 5.5961194 122 126 118
-0.031210423 0.046344522 5.595068 137 138 127
-0.024415255 0.046369467 5.5941114 144 143 131
-0.01762271 0.046394292 5.59314 143 143 129
-0.010782957 0.046419594 5.592222 142 142 125
-0.0039594173 0.046444718 5.5912714 141 142 123
0.0029673576 0.046470974 5.5904517 141 141 121
0.010098219 0.046499822 5.589902 141 140 120
0.01711011 0.04652703 5.5891757 142 141 123
0.024379492 0.04655746 5.588791 144 141 125
0.031877995 0.04659063 5.5887065 143 140 127
0.03925705 0.04662228 5.588444 139 136 122
0.046718836 0.046654824 5.58828 134 133 117
0.054250717 0.046688203 5.588198 135 134 116
0.061756134 0.046721134 5.588065 138 136 119
0.06944418 0.0467563 5.5881653 140 136 120
0.07730365 0.046793465 5.588481 137 134 118
0.08507156 0.046829436 5.588658 134 131 116
0.092752695 0.046864215 5.5887012 132 129 114
0.10048151 0.04689947 5.588794 131 129 113
0.10839081 0.046936903 5.5891137 131 129 112
0.11645508 0.046976212 5.5896244 129 128 111
0.12476683 0.047018383 5.5904484 128 129 116
0.13315415 0.047061387 5.5913553 122 126 117
0.14128256 0.047101144 5.591898 103 108 106
0.14948678 0.047141705 5.592525 76 79 82
0.15772605 0.047182564 5.59318 61 62 65
0.16574979 0.04722071 5.5935326 67 68 66
0.17379451 0.047258977 5.5938964 83 84 75
0.1816833 0.047295306 5.5940375 89 90 79
0.1893084 0.047328267 5.5938168 84 85 76
0.1970675 0.04736281 5.5937576 82 82 74
0.2049191 0.047398362 5.593805 82 83 74
0.21273279 0.04743338 5.5937867 84 86 75
0.22050977 0.04746786 5.593706 88 90 79
0.22828507 0.047502223 5.593609 83 88 78
0.23619318 0.047538135 5.593669 69 75 65
0.24387431 0.047571186 5.593419 58 65 56
0.25146365 0.047603015 5.593036 64 72 63
0.25896525 0.04763374 5.5925274 86 95 85
0.2660203 0.047658984 5.591429 107 117 105
0.27325892 0.047686372 5.590557 120 129 117
0.28062224 0.04771525 5.589833 127 134 120
0.28778768 0.047741596 5.588843 134 135 120
0.29503727 0.047768924 5.5879498 138 134 119
0.3022275 0.04779545 5.586969 139 132 117
0.3093481 0.04782108 5.585889 140 134 119
0.31681776 0.04785088 5.5852413 140 135 119
0.32473302 0.0478859 5.585146 141 135 119
0.3329103 0.047923956 5.585367 141 135 118
0.41548085 0.04836819 5.5978026 134 129 110
0.42421937 0.04841182 5.5985403 123 118 97
0.43289208 0.048454616 5.5991783 112 111 89
0.4413054 0.048494134 5.5994782 114 115 100
0.4492705 0.048528347 5.5992093 121 124 116
0.4572785 0.048562977 5.598979 119 121 118
0.4654143 0.04859904 5.598891 108 107 104
0.47349334 0.048634354 5.598718 98 96 90
0.48164868 0.048670415 5.5986247 98 97 87
0.48982263 0.048706654 5.5985384 102 101 89
0.4979632 0.048742447 5.5983973 105 104 90
0.50608706 0.048777882 5.598222 105 105 91
-0.10951352 0.052119378 5.610289 64 65 57
-0.10264921 0.05214936 5.6095586 41 43 38
-0.09577632 0.05217943 5.608828 31 35 30
-0.089257 0.052204255 5.607583 45 48 39
-0.08259463 0.052231077 5.6065307 74 76 64
-0.075890064 0.052258495 5.605528 87 89 75
-0.06937122 0.052283082 5.604251 65 73 63
-0.06279707 0.052308414 5.603043 37 52 46
-0.056381702 0.05233145 5.6016016 36 55 53
-0.050155163 0.052351627 5.599885 64 81 80
-0.043756723 0.052374218 5.598402 94 107 104
-0.03720641 0.052398983 5.5971227 119 125 119
-0.0305655 0.05242497 5.595959 135 136 127
-0.023824453 0.05245233 5.5949254 144 143 133
-0.017168999 0.052478407 5.5937624 145 145 132
-0.0104146 0.052505795 5.5927258 144 144 129
-0.0036661625 0.052533034 5.5916705 144 144 126
0.00319767 0.052561883 5.5907636 144 144 124
0.010284185 0.05259386 5.5901523 144 143 123
0.017252684 0.05262399 5.589366 146 144 126
0.024491787 0.052657936 5.5889397 148 145 130
0.031965017 0.05269513 5.588821 148 144 131
0.039328337 0.052730653 5.5885367 144 140 126
0.04677725 0.05276728 5.588356 140 137 120
0.05427885 0.052804593 5.5882325 142 138 121
0.06171155 0.052840773 5.588001 146 142 126
0.069314 0.052879337 5.5879855 147 143 127
0.07714844 0.052921 5.5882688 144 141 124
0.084938526 0.05296198 5.588476 142 139 122
0.09267521 0.053002123 5.5885954 141 138 122
0.10048437 0.0530431 5.5887966 141 138 122
0.108500004 0.05308691 5.589259 139 136 118
0.116690874 0.053133074 5.5899396 133 132 114
0.12517118 0.053183172 5.590989 131 132 118
0.1337583 0.05323464 5.5921617 122 128 121
0.14206219 0.053281967 5.5929375 94 102 103
0.1504085 0.05332983 5.593751 51 57 65
0.15876293 0.053377632 5.594557 28 30 39
0.16686511 0.05342183 5.5950108 39 42 43
0.17498636 0.053466175 5.5954733 64 67 60
0.18294191 0.053508136 5.5957 72 74 65
0.19059372 0.053545777 5.5955114 62 63 56
0.19837976 0.053585146 5.595484 53 53 48
0.2062664 0.053625796 5.5955744 50 51 43
0.21412778 0.05366603 5.5956154 53 56 45
0.22198749 0.053706113 5.595639 61 65 55
0.22966123 0.053743545 5.595406 59 67 58
0.23727536 0.053780083 5.595081 41 50 42
0.24492455 0.053817008 5.5947876 23 35 27
0.25243688 0.053851936 5.594303 30 42 35
0.25985265 0.053885493 5.593681 61 74 66
0.26679397 0.053912435 5.5924344 94 107 96
0.27390075 0.05394161 5.5913906 117 128 117
0.2811141 0.05397213 5.590473 131 139 125
0.28812647 0.053999845 5.5892863 141 142 128
0.2952242 0.054028634 5.588198 146 140 126
0.30226684 0.05405662 5.5870295 146 138 123
0.309242 0.05408362 5.585764 146 139 124
0.41644025 0.05471665 5.5990105 136 131 114
0.4253657 0.054768447 5.5999784 124 120 98
0.43426156 0.054819737 5.6008897 114 114 90
0.44290042 0.05486748 5.6014657 120 123 106
0.4510696 0.054908846 5.6014447 129 132 128
0.45928216 0.054950718 5.601462 118 121 123
0.46760154 0.05499384 5.601595 88 90 90
0.47586942 0.05503622 5.6016493 67 68 64
0.48421073 0.055079464 5.601778 69 70 62
0.49253106 0.05512232 5.6018643 80 81 70
-0.0944283 0.058244858 5.610735 13 15 15
-0.08795905 0.05827171 5.6094155 31 34 29
-0.08136797 0.05830044 5.6082587 71 72 63
-0.0747354 0.058329765 5.6071506 93 95 85
-0.0682981 0.05835587 5.605756 73 82 74
-0.061803818 0.058382813 5.6044326 41 58 55
-0.05546069 0.05840725 5.6028867 37 57 58
-0.049330235 0.058428172 5.601033 63 82 83
-0.043028355 0.058451805 5.5994124 93 106 106
-0.036557913 0.05847815 5.5980196 118 124 119
-0.030013323 0.05850557 5.5967207 135 136 128
-0.023364305 0.058534596 5.595558 145 144 134
-0.016833305 0.058561627 5.5942206 146 147 135
-0.010172844 0.058590684 5.5930533 146 147 132
-0.0034964085 0.05861992 5.591898 146 146 129
0.003314972 0.058651213 5.5909185 146 145 127
0.010350466 0.05868605 5.590237 147 146 126
0.017262936 0.058718774 5.589374 149 147 129
0.024446487 0.05875576 5.5888715 152 149 134
0.031895876 0.058796857 5.588721 153 148 135
0.039252758 0.058836404 5.588429 148 144 130
0.04671502 0.0588775 5.588267 144 141 124
0.05422473 0.058919225 5.5881553 146 142 125
0.061572313 0.058958236 5.5878086 150 146 130
0.06911397 0.059000287 5.5877113 151 148 131
0.07690954 0.059046213 5.5879426 149 146 128
0.08469486 0.05909181 5.5881453 147 144 127
0.09247565 0.05913726 5.5883255 148 145 127
0.100378275 0.059184495 5.588653 147 144 127
0.108515024 0.05923531 5.5892787 142 139 121
0.11685848 0.05928919 5.590164 134 132 115
0.12552595 0.05934799 5.5914636 133 135 121
0.13429809 0.05940828 5.592882 126 133 127
0.1427772 0.059463862 5.59389 92 101 103
0.1512587 0.059519324 5.594882 37 43 52
0.15971994 0.05957431 5.595828 8 10 19
0.16791248 0.059624974 5.596399 26 28 30
0.17611575 0.059675727 5.596967 61 65 58
0.1841495 0.05972374 5.5972943 72 76 68
0.19184446 0.059766326 5.5971594 57 58 54
0.19965434 0.059810612 5.5971613 40 40 37
0.20754838 0.05985606 5.597258 29 30 24
0.21540833 0.059900913 5.5972943 31 33 25
0.22328281 0.059945825 5.5973344 44 49 41
0.23095179 0.05998752 5.597092 50 58 50
0.23850608 0.060027305 5.596686 33 45 38
0.2457993 0.06006298 5.5959287 15 28 22
0.2531383 0.060099278 5.5952177 22 35 29
0.26049638 0.060135785 5.59452 54 67 60
0.26734757 0.060164455 5.5931563 89 102 93
0.27432775 0.060195033 5.5919485 114 126 116
0.28139067 0.060226772 5.5908365 131 140 128
0.28826523 0.06025556 5.5894732 144 145 132
0.2952435 0.0602859 5.588233 150 144 131
0.30219316 0.060315672 5.5869455 150 142 128
0.42622828 0.06112388 5.6010647 129 125 103
0.43534923 0.06118444 5.602253 119 120 95
0.44420028 0.061240885 5.603089 128 131 114
0.45256543 0.06128985 5.6033063 135 139 136
0.46096587 0.061339352 5.603551 114 117 121
0.46946692 0.061390195 5.6039042 67 71 74
0.4779322 0.061440293 5.604196 39 43 42
-0.087153435 0.064334154 5.610548 22 24 23
-0.080580235 0.064365536 5.6093636 67 68 63
-0.073954344 0.06439775 5.6082444 93 96 89
-0.06751919 0.06442648 5.606845 74 83 78
-0.061034918 0.064455986 5.605505 40 57 56
-0.05469799 0.06448281 5.603949 36 54 57
-0.048603773 0.06450525 5.6020427 61 79 81
-0.042382002 0.064529896 5.600309 92 103 104
-0.036001444 0.064557314 5.5987883 119 123 120
-0.029593706 0.06458509 5.5972977 137 137 130
-0.023109436 0.06461421 5.5959044 146 146 136
-0.016707659 0.064641744 5.594387 147 148 135
-0.010161638 0.064671755 5.593061 146 147 132
-0.0035614967 0.06470266 5.5918007 146 146 129
0.0031924248 0.06473619 5.590742 145 144 126
0.01016736 0.06477356 5.589978 146 145 126
0.01701212 0.06480849 5.5890236 148 147 129
0.024140358 0.06484833 5.588446 152 149 134
0.031573772 0.064893395 5.5882745 153 149 135
0.038941383 0.064937234 5.587999 149 145 131
0.046440363 0.06498319 5.587888 144 141 126
0.053948402 0.06502926 5.5877748 145 142 125
0.06125498 0.06507164 5.587374 149 146 129
0.068752766 0.06511727 5.5872188 151 148 130
0.07650828 0.06516722 5.5873976 150 147 129
0.084280014 0.065217376 5.5875826 149 146 128
0.09209061 0.06526804 5.5878043 149 146 129
0.10009813 0.06532198 5.588275 147 144 127
0.10836601 0.065380365 5.5890784 141 138 121
0.116885185 0.06544286 5.5902 131 131 114
0.12574291 0.06551105 5.5917535 134 137 124
0.134696 0.065580726 5.5934143 132 139 133
0.14335942 0.06564522 5.5946665 97 104 104
0.15198827 0.065708995 5.595853 34 38 43
0.16056466 0.06577161 5.5969496 1 1 7
0.1688664 0.065829426 5.597664 25 26 28
0.1771524 0.065886796 5.5983386 69 74 68
0.18526316 0.065941036 5.5987654 85 90 83
0.19301939 0.06598911 5.598708 67 70 66
0.20083427 0.06603801 5.598714 42 43 40
0.2674191 0.06640959 5.593256 90 101 93
0.27432084 0.06644198 5.591948 113 124 115
0.28129148 0.06647548 5.5907187 130 139 129
0.28810287 0.06650618 5.5892744 143 145 134
0.29503655 0.06653884 5.587978 150 145 133
0.42664742 0.067474216 5.6016 134 131 109
0.4359877 0.0675447 5.6030602 125 126 102
0.4450481 0.06761035 5.6041527 135 137 121
0.45360827 0.06766763 5.60461 140 144 140
0.46218705 0.06772512 5.6050725 109 113 117
-0.08010888 0.07042652 5.61002 66 69 66
-0.07352471 0.070460975 5.6088405 94 98 93
-0.06710029 0.07049215 5.6074247 76 85 82
-0.060616016 0.070524454 5.606085 42 58 58
-0.05424595 0.070554405 5.6045737 36 53 56
-0.048103333 0.07057983 5.6027355 61 76 79
-0.04187751 0.07060686 5.6010056 92 101 102
-0.035511017 0.07063651 5.599465 119 123 120
-0.029192448 0.07066515 5.5978484 137 137 130
-0.022856712 0.07069406 5.596247 144 144 134
-0.01655984 0.07072213 5.5945845 142 143 130
-0.010114431 0.07075307 5.593118 140 141 125
-0.0035834312 0.07078552 5.5917625 140 140 122
0.0031085014 0.07082096 5.5906196 140 139 120
0.009991407 0.07086006 5.5897293 141 140 121
0.016724825 0.07089615 5.588622 143 142 124
0.023755074 0.07093784 5.5879116 146 143 128
0.03112626 0.07098594 5.587656 147 143 129
0.03846693 0.07103339 5.587345 143 139 125
0.045979023 0.07108393 5.5872545 139 136 121
0.053469658 0.071134 5.5871196 140 137 120
0.060817003 0.07118112 5.586776 142 140 122
0.06835151 0.07123178 5.5866723 145 143 125
0.07615042 0.071287245 5.586911 145 142 124
0.08397007 0.071343035 5.5871625 144 141 124
0.0918448 0.07139969 5.587472 144 141 124
0.09995556 0.071460664 5.5880823 141 138 121
0.10833645 0.07152665 5.589038 134 131 114
0.11697602 0.07159734 5.590321 126 125 109
0.12594295 0.07167399 5.5920215 132 135 122
0.134969 0.071751595 5.5937786 135 142 134
0.14372206 0.071823865 5.5951505 100 107 106
0.15242505 0.07189497 5.5964346 34 37 40
0.16107392 0.07196486 5.597627 0 0 2
0.16946125 0.07202968 5.598453 27 27 28
0.17781234 0.072093666 5.599213 77 81 76
0.18599272 0.07215434 5.59973 95 100 94
-0.0731132 0.076524705 5.609411 96 101 98
-0.06669855 0.07655838 5.6079807 78 88 86
-0.060209036 0.07659349 5.606647 44 59 61
-0.05377984 0.076627254 5.605219 36 53 57
-0.047524452 0.076657265 5.603538 59 74 77
-0.04123044 0.07668796 5.6019025 91 99 100
-0.03481841 0.07672113 5.6004243 119 123 121
-0.028558016 0.076750964 5.598725 136 137 130
-0.022370338 0.07677922 5.596916 140 140 131
-0.016179562 0.07680744 5.5951047 135 135 123
-0.0098359585 0.07683882 5.593497 132 132 116
-0.0033931732 0.07687223 5.592019 132 132 113
0.0031924248 0.07690847 5.5907283 133 132 112
0.009921074 0.07694766 5.589626 134 133 113
0.016476631 0.076983094 5.588275 136 135 116
0.02335453 0.077025205 5.587356 137 135 120
0.030619383 0.07707524 5.586957 137 133 120
0.037902832 0.07712558 5.58657 134 131 117
0.045400858 0.07718021 5.5864615 132 129 113
0.052881002 0.07723433 5.586314 133 130 113
0.060329914 0.077287644 5.58611 135 132 115
0.0679934 0.07734531 5.586183 138 135 117
0.075933695 0.07740849 5.586615 137 135 117
0.08388305 0.07747173 5.5870423 137 134 117
0.09185314 0.07753527 5.587482 136 133 116
0.100094795 0.077604175 5.5882683 134 130 113
0.10860491 0.07767847 5.5893974 127 124 106
0.11737466 0.077757895 5.590855 121 119 102
0.12645197 0.0778434 5.592702 128 132 118
0.13552761 0.07792869 5.5945244 133 142 133
0.1443181 0.07800791 5.595945 101 108 107
0.1530509 0.07808575 5.5972676 34 37 41
0.16171479 0.078161955 5.598479 0 0 3
-0.06631732 0.08262491 5.6085076 79 90 88
-0.059836388 0.08266258 5.6071615 45 61 63
-0.053364754 0.082699984 5.6057925 36 54 57
-0.04701066 0.082734585 5.604249 59 73 75
-0.040665627 0.08276886 5.602684 90 99 99
-0.034220934 0.082805365 5.6012497 119 123 120
-0.028022528 0.08283612 5.599463 136 137 130
-0.022000074 0.082862794 5.597423 139 138 129
-0.015904188 0.08289111 5.5954795 132 132 120
-0.009647608 0.082922965 5.5937505 129 129 113
-0.0032844543 0.08295715 5.592162 130 130 110
0.0032069683 0.08299413 5.5907416 131 132 110
0.009802341 0.08303341 5.589456 133 133 111
0.016242743 0.083069056 5.587947 134 133 114
0.023044825 0.08311278 5.586926 134 132 117
0.030277014 0.08316603 5.5864825 133 130 117
0.037542105 0.083219945 5.5860715 131 128 114
0.04499364 0.08327785 5.5859017 131 128 111
0.0524776 0.08333635 5.5857615 131 128 111
0.05999875 0.08339551 5.585657 133 130 113
0.06775832 0.083459854 5.5858617 135 132 115
0.07580757 0.083530545 5.586442 134 132 115
0.0838604 0.08360109 5.5870104 134 131 114
0.09190202 0.08367118 5.587546 133 130 113
0.100240946 0.083747745 5.5884643 131 127 110
0.10885692 0.08383027 5.5897355 125 121 103
0.1177187 0.083918035 5.5913153 119 118 100
0.12685561 0.084011585 5.5932417 127 131 116
-0.052831173 0.08877647 5.606532 37 56 57
-0.04646468 0.0888139 5.605005 59 74 73
-0.040151358 0.0888499 5.603395 89 99 97
-0.03374672 0.08888808 5.601904 119 123 118
-0.027641058 0.088918775 5.599986 138 137 129
-0.02179861 0.088942975 5.5976954 142 140 130
-0.015778065 0.088971496 5.595646 137 136 124
-0.009580374 0.08900422 5.5938363 135 135 120
-0.003263235 0.0890398 5.592184 138 137 118
0.0031888485 0.089078546 5.5907097 138 139 118
0.00973773 0.089119524 5.5893607 140 139 118
0.01618576 0.08915797 5.5878625 140 140 121
0.023047447 0.08920634 5.5869236 141 139 124
0.030361414 0.089265466 5.586593 140 137 124
0.037679434 0.089324564 5.5862546 139 135 122
0.045109034 0.089386195 5.586055 138 135 118
0.052561045 0.08944821 5.5858717 139 135 118
0.060074806 0.08951154 5.5857577 140 137 119
0.06783795 0.089580715 5.585967 141 138 120
0.075908184 0.08965704 5.586576 139 137 120
0.08400345 0.08973378 5.5872016 138 135 118
0.09208202 0.089809924 5.5877867 138 134 119
0.10049391 0.08989382 5.5888033 136 132 116
0.1092062 0.089984685 5.5902033 129 126 108
-0.040130377 0.094919205 5.603414 89 99 95
-0.03377366 0.09495869 5.601856 119 123 115
-0.027755976 0.09498918 5.599817 139 138 129
-0.02206111 0.095011204 5.597321 146 144 133
-0.016102314 0.09504002 5.5951877 144 143 131
-0.009963274 0.09507349 5.5932975 144 143 129
-0.0037083626 0.09510985 5.5915604 147 147 128
0.002673149 0.09514943 5.5899906 147 148 127
0.009151936 0.09519142 5.5885463 149 148 128
0.015595913 0.09523237 5.587045 149 148 130
0.022515059 0.095285535 5.5861874 150 148 133
0.02991128 0.09535086 5.5859714 149 146 134
0.0373075 0.09541604 5.5857415 148 145 131
0.044775724 0.095482856 5.585596 147 144 128
0.0522213 0.09554899 5.585405 148 144 127
0.059729576 0.09561649 5.5852847 149 146 128
0.067491055 0.09569037 5.5854936 149 146 128
-0.03445196 0.10101053 5.6008983 118 122 114
-0.028508425 0.10104096 5.5987577 138 138 129
-0.02282095 0.101064205 5.5962543 147 146 135
-0.016874313 0.101094544 5.594106 147 148 135
-0.010769844 0.101129174 5.592171 150 148 135
-0.004560709 0.101166636 5.5903735 153 150 134
0.0017747879 0.101207465 5.5887427 152 150 132
0.008214712 0.101251125 5.587248 153 151 132
-0.023332596 0.10712141 5.595533 146 147 136
-0.017404556 0.10715306 5.5933614 146 148 136
-0.011322498 0.10718915 5.591397 149 148 135
-1.6952271 0.56045246 2.7921128 117 143 54
-1.6945575 0.55998355 2.7885084 120 145 58
-1.69381 0.5595382 2.7850008 132 156 68
-1.6929508 0.5591258 2.7816272 141 165 77
-1.6921757 0.5586903 2.7781641 139 162 74
-1.6913786 0.55826217 2.7747333 127 150 62
-1.6903563 0.5578992 2.7715647 120 144 55
-1.7268069 0.5568262 2.773139 145 166 82
-1.7248783 0.55672497 2.7710261 142 165 79
-1.7233719 0.556502 2.7684276 137 161 73
-1.7218974 0.55627024 2.765796 128 154 66
-1.7202879 0.556078 2.7633228 123 148 61
-1.7191918 0.5557383 2.7602642 121 146 60
-1.718098 0.55539864 2.7572079 127 151 65
-1.7169362 0.5550794 2.7542348 135 159 72
-1.7158738 0.5547324 2.7511532 138 161 74
-1.7148824 0.55436575 2.7479959 136 158 72
-1.7137128 0.5540511 2.7450469 135 157 70
-1.7127212 0.5536862 2.741901 135 158 70
-1.7120395 0.5532336 2.73841 137 160 72
-1.7789129 0.5496822 2.746954 143 166 79
-1.7763816 0.54976857 2.7456207 146 168 83
-1.77356 0.54993993 2.7446263 144 166 81
-1.770834 0.55008286 2.7435179 139 162 76
-1.7682 0.5501985 2.7422993 136 159 73
-1.7650061 0.5504776 2.7417314 137 160 75
-1.7619286 0.550722 2.741024 142 165 80
-1.7590648 0.5509036 2.7400646 149 171 86
-1.7563283 0.5510476 2.738955 152 174 90
-1.7538334 0.55112094 2.7375636 150 173 87
-1.7517658 0.55106986 2.7356782 143 167 81
-1.7497427 0.551006 2.7337425 134 159 72
-1.7477046 0.5509467 2.7318249 129 154 68
-1.7462579 0.5507162 2.72923 128 153 67
-1.7450027 0.55043083 2.726419 130 154 68
-1.7438366 0.5501204 2.7235112 135 158 72
-1.7428224 0.54976684 2.7204344 140 162 77
-1.7419612 0.54937005 2.717189 144 165 80
-1.7408836 0.54903644 2.7141957 144 165 81
-1.7399924 0.54865 2.710996 140 161 76
-1.7393222 0.548201 2.7075522 136 159 73
-1.7381663 0.5478924 2.7046638 136 160 72
-1.7370627 0.54756963 2.7017212 137 161 74
-1.736103 0.5472063 2.6986217 137 161 74
-1.7354686 0.54675084 2.6951625 137 161 75
-1.735096 0.54622155 2.6914167 138 162 76
-1.7354004 0.54550046 2.686922 141 164 79
-1.7359011 0.5447252 2.682219 144 167 81
-1.7365427 0.54391146 2.677371 145 168 82
-1.8162045 0.54338104 2.7158048 146 167 76
-1.8139646 0.54339266 2.7142007 147 168 79
-1.8117566 0.5433948 2.7125587 148 171 84
-1.8094618 0.54342276 2.711019 146 169 83
-1.8071668 0.5434506 2.7094789 141 164 79
-1.8045137 0.54358405 2.708358 137 160 74
-1.8018824 0.54371065 2.7072096 136 160 74
-1.7992345 0.543842 2.706079 136 161 74
-1.7958858 0.5441789 2.7057624 135 159 74
-1.7924385 0.544544 2.7055557 138 162 76
-1.7889402 0.5449231 2.7054024 146 169 83
-1.7856189 0.54524946 2.7050378 153 176 91
-1.7825763 0.5454936 2.7043464 150 174 88
-1.7799625 0.5456119 2.7031565 140 164 79
-1.7774035 0.5457139 2.7019014 131 156 72
-1.7749721 0.54577845 2.700498 132 156 72
-1.7732459 0.5456376 2.698285 136 161 77
-1.7719524 0.5453712 2.6955786 140 163 79
-1.7709925 0.5450086 2.692495 142 163 79
-1.7702311 0.54458916 2.6891906 144 164 82
-1.7696677 0.5441133 2.6856673 147 165 84
-1.7688407 0.54371494 2.682451 144 162 81
-1.7680832 0.54329747 2.6791613 137 156 74
-1.7674315 0.5428503 2.6757588 132 153 69
-1.7656863 0.5427197 2.673598 132 154 69
-1.7644753 0.54243547 2.6708372 137 160 75
-1.7632241 0.54216343 2.6681256 145 167 82
-1.7625593 0.5417235 2.6647599 151 174 89
-1.761965 0.54126436 2.6613216 153 175 91
-1.7621626 0.54057926 2.657005 149 171 87
-1.7625982 0.5398275 2.652433 145 167 82
-1.7631712 0.53903824 2.647719 143 165 79
-1.7645943 0.5380079 2.6420717 142 164 78
-1.8510894 0.536995 2.6828926 157 177 94
-1.8481793 0.53721786 2.682155 153 173 85
-1.845821 0.5372757 2.6807604 148 168 78
-1.8436383 0.537281 2.6791575 146 167 78
-1.8417408 0.53720146 2.6772182 144 166 80
-1.8399329 0.5370955 2.675175 141 164 79
-1.838138 0.536986 2.6731184 137 161 75
-1.8358573 0.5370207 2.6716323 134 158 72
-1.8334047 0.5371062 2.6703472 134 158 72
-1.830676 0.5372731 2.6693828 134 158 72
-1.8269421 0.53773665 2.6695874 132 156 70
-1.8229069 0.53828794 2.670135 133 157 71
-1.8188105 0.53885597 2.6707454 140 164 78
-1.814642 0.5394438 2.6714306 146 170 84
-1.8107531 0.5399481 2.6717832 143 167 82
-1.8075103 0.54026145 2.6713827 134 158 74
-1.8043784 0.5405416 2.6708493 128 152 69
-1.8014867 0.5407507 2.670036 132 156 73
-1.799446 0.5407102 2.6682434 140 164 81
-1.7980751 0.54047424 2.6656842 146 168 85
-1.7972031 0.54009306 2.6625588 147 167 85
-1.7967411 0.5395933 2.658971 147 166 85
-1.7966682 0.5389814 2.6549487 146 163 83
-1.7964066 0.53842586 2.6511497 141 158 78
-1.7961843 0.53786016 2.6473148 135 152 72
-1.7957345 0.53736174 2.6437457 131 150 68
-1.7940165 0.53723216 2.6416168 131 152 69
-1.7925736 0.53702325 2.6391795 138 159 76
-1.7910843 0.5368283 2.6367977 149 170 87
-1.7903574 0.5364135 2.6335626 159 180 97
-1.7895377 0.5360265 2.6304376 160 181 98
-1.789432 0.5354345 2.6265202 152 173 90
-1.7895155 0.53478956 2.6224003 143 164 80
-1.7899016 0.53405905 2.617953 140 161 76
-1.8930622 0.5289775 2.6453586 147 166 87
-1.88903 0.52955306 2.6460483 149 167 90
-1.8855809 0.52995205 2.6460347 151 169 91
-1.882186 0.5303337 2.6459503 151 170 90
-1.8791318 0.5306122 2.6454563 151 171 85
-1.8767612 0.5306851 2.6441486 147 166 78
-1.8747538 0.5306492 2.6424108 136 156 68
-1.8731575 0.5304904 2.640189 127 148 62
-1.8717054 0.5302889 2.6377995 129 151 66
-1.8702514 0.5300884 2.6354156 137 161 75
-1.8682077 0.5300642 2.6337261 141 165 79
-1.8658689 0.5301278 2.6323822 136 158 73
-1.8628305 0.53039926 2.631854 128 151 66
-1.858427 0.5310753 2.6329122 127 150 65
-1.8538002 0.5318158 2.6342201 131 153 68
-1.848922 0.5326291 2.635808 135 158 72
-1.8442533 0.5333785 2.637141 137 160 74
-1.8396318 0.5341122 2.638408 135 158 73
-1.8359052 0.53458 2.638631 131 154 71
-1.8323365 0.53500015 2.638665 129 151 69
-1.829171 0.5353007 2.6382294 132 154 72
-1.8270818 0.535284 2.6365542 137 159 77
-1.8259311 0.5349917 2.633805 143 163 81
-1.8255237 0.534482 2.6302109 146 165 84
-1.8256769 0.5338093 2.6259854 146 164 84
-1.8261052 0.53305763 2.6214564 144 160 81
-1.8261709 0.5324138 2.6173508 142 158 78
-1.8258519 0.5318836 2.6136916 140 156 77
-1.8252211 0.53144574 2.610393 139 157 76
-1.8233871 0.5313593 2.6084597 138 157 76
-1.8213145 0.5313427 2.606797 140 159 78
-1.8192978 0.53130966 2.6050713 148 167 86
-1.8180203 0.5310622 2.6025164 156 175 93
-1.8170841 0.5307164 2.5995827 156 176 93
-1.8175498 0.5299653 2.5950859 148 167 85
-1.8177673 0.5292879 2.590878 139 158 76
-1.8181436 0.528566 2.5865028 136 156 73
-1.9303726 0.52092886 2.6048117 138 158 78
-1.9262918 0.52153575 2.605647 136 156 77
-1.9223492 0.52209944 2.6063082 136 155 79
-1.9193333 0.5223815 2.6058571 138 156 80
-1.9164215 0.52263147 2.6052778 141 160 82
-1.9132348 0.5229638 2.605021 148 167 83
-1.9108008 0.52306867 2.603868 145 164 78
-1.9088235 0.5230358 2.6021738 128 148 61
-1.9072989 0.52286696 2.5999463 113 133 48
-1.9059498 0.5226459 2.5975149 119 140 56
-1.9045851 0.52243006 2.5951052 139 161 76
-1.9021093 0.5225474 2.5940015 149 171 86
-1.8990597 0.522836 2.593567 139 160 75
-1.896017 0.52312195 2.5931199 126 148 63
-1.8914738 0.5238548 2.5944169 125 146 62
-1.8863304 0.5247647 2.596401 130 150 66
-1.8809724 0.5257364 2.59862 130 152 67
-1.8758576 0.5266335 2.6005425 129 151 66
-1.8711102 0.5274193 2.6020265 129 151 66
-1.8677086 0.5278042 2.6019459 130 150 68
-1.8643321 0.52818066 2.6018302 130 149 68
-1.8611032 0.52851266 2.6015396 129 149 67
-1.8591064 0.5284798 2.5998304 130 150 69
-1.8582036 0.528124 2.596869 135 154 72
-1.8581089 0.5275308 2.5929894 141 158 78
-1.8585739 0.5267742 2.5884807 143 159 80
-1.8590598 0.5260134 2.5839598 142 157 78
-1.8581797 0.52565545 2.581002 142 158 78
-1.8574389 0.52525747 2.5778916 145 160 80
-1.8569119 0.5247979 2.5745451 147 163 82
-1.8551389 0.5247041 2.572613 144 162 82
-1.8527795 0.52478206 2.5713432 142 159 80
-1.8505275 0.52482843 2.5699515 144 161 81
-1.8489443 0.52467954 2.5678082 146 164 82
-1.8477311 0.5244231 2.565252 145 163 81
-1.848073 0.52371484 2.5609608 141 158 76
-1.8486438 0.5229415 2.5564246 136 153 73
-1.8492721 0.52215344 2.5518355 134 152 71
-1.851521 0.5208971 2.5454562 134 152 70
-1.8546381 0.5193921 2.5381322 135 153 70
-1.9771703 0.5180115 2.6048403 135 152 73
-1.9755619 0.5178729 2.6027482 133 150 72
-1.9738823 0.5177566 2.600745 132 149 69
-1.9726571 0.51750016 2.5981877 132 150 69
-1.9723816 0.51695126 2.5944738 135 153 72
-1.9726986 0.51622105 2.5900466 141 159 78
-1.9734435 0.51536095 2.5851102 147 164 84
-1.9743425 0.51445544 2.5799997 150 167 86
-1.9749299 0.5136479 2.5752811 147 165 83
-1.9716843 0.51276946 2.5672345 141 159 76
-1.9688675 0.51300836 2.5666475 141 161 79
-1.9651927 0.5135086 2.5670867 142 162 81
-1.961139 0.51412314 2.567972 138 158 79
-1.9569619 0.51477367 2.568995 132 152 75
-1.9529271 0.5153795 2.569838 131 149 73
-1.9498293 0.515699 2.5695562 133 151 76
-1.946859 0.5159793 2.5691183 139 158 80
-1.9440365 0.5162141 2.5685008 147 166 83
-1.9417076 0.5162988 2.567295 147 166 81
-1.9398618 0.5162373 2.5655174 134 154 67
-1.9384558 0.5160431 2.5632222 121 141 56
-1.9371796 0.5158103 2.5607774 124 144 59
-1.9357855 0.51561344 2.5584743 137 159 73
-1.9328564 0.515879 2.5579736 146 167 82
-1.9297673 0.516192 2.557656 142 162 77
-1.9266118 0.5165242 2.5574112 133 153 68
-1.9220822 0.5172676 2.5587626 126 147 63
-1.9168233 0.5182276 2.5609505 125 144 60
-1.91135 0.5192494 2.563373 125 147 61
-1.9060268 0.5202239 2.5656059 128 150 65
-1.9010031 0.5211068 2.567478 128 150 65
-1.8973193 0.52158827 2.5677905 125 145 63
-1.8938736 0.5219977 2.5678217 123 141 61
-1.890719 0.5223196 2.5675116 123 140 60
-1.8891335 0.52217484 2.5653973 126 144 63
-1.8884792 0.52175415 2.5622184 132 148 68
-1.8883555 0.5211773 2.5584402 138 153 74
-1.8882502 0.5205962 2.554649 140 154 76
-1.8883235 0.5199638 2.5506637 139 153 75
-1.8877189 0.5195331 2.5474577 139 153 74
-1.887197 0.51907885 2.5441647 141 155 76
-1.886882 0.5185649 2.5406444 143 158 78
-1.8853358 0.5184142 2.538522 144 160 80
-1.8829535 0.51850957 2.5373445 143 158 79
-1.8806669 0.5185767 2.536058 141 157 77
-1.878941 0.5184792 2.5341406 137 153 73
-1.877512 0.51829505 2.531892 136 151 70
-1.8776298 0.517659 2.5279164 135 150 69
-1.877976 0.5169575 2.523695 134 149 70
-1.8784295 0.5162265 2.519364 133 149 70
-1.8806269 0.5149887 2.5131054 133 148 68
-1.884006 0.5134099 2.505553 132 149 66
-1.8879346 0.51167494 2.4974153 132 149 63
-1.7981968 0.49492973 2.3231163 134 149 70
-1.7931516 0.49575338 2.3245938 135 150 71
-1.786692 0.49695298 2.3274121 138 153 74
-2.0037172 0.51291597 2.576174 131 150 69
-2.0007787 0.5132006 2.5757785 127 145 64
-1.9989482 0.51313937 2.574016 124 142 62
-1.9974774 0.5129664 2.571814 124 142 61
-1.9966278 0.51260114 2.5688543 126 145 63
-1.9968517 0.5119038 2.5645888 130 148 67
-1.9977279 0.5110061 2.559539 132 151 70
-1.9989922 0.5099906 2.554031 134 153 72
-2.0003083 0.5089615 2.5484757 136 155 73
-2.0013518 0.508019 2.5432668 136 156 72
-2.0010586 0.50749093 2.5396895 136 155 70
-2.0001998 0.5071383 2.5368032 133 153 68
-1.9989908 0.5068941 2.5343442 135 154 70
-1.9963202 0.50709945 2.5336459 141 161 79
-1.9926734 0.5076037 2.5341165 147 167 86
-1.9885846 0.5082423 2.5351086 144 163 85
-1.9843497 0.508924 2.5362659 137 156 79
-1.980248 0.50956327 2.5372534 134 152 76
-1.977108 0.5099075 2.537086 137 155 78
-1.9740516 0.5102254 2.5368147 142 161 82
-1.9709349 0.51056087 2.5366092 147 167 83
-1.9687577 0.5106097 2.5352867 149 169 83
-1.9671336 0.5104904 2.5333102 146 166 79
-1.9659119 0.51024944 2.5308614 140 160 75
-1.9647448 0.5099924 2.5283513 136 156 70
-1.9633585 0.5098022 2.5261028 133 154 68
-1.9607174 0.509992 2.5253282 136 156 71
-1.9576489 0.5103105 2.5250506 142 162 77
-1.9544476 0.5106681 2.524923 142 162 77
-1.9498606 0.5114425 2.5264053 130 150 65
-1.9444265 0.5124699 2.5288603 119 139 55
-1.9386983 0.5135833 2.531642 121 143 57
-1.9330884 0.5146585 2.5342689 132 152 67
-1.927796 0.5156359 2.5365129 132 152 68
-1.9238985 0.5161933 2.5371327 122 140 59
-1.9203705 0.51663876 2.5373187 116 132 54
-1.9172744 0.5169542 2.5370011 118 135 56
-1.9158769 0.51676196 2.534731 126 143 64
-1.9155366 0.5162551 2.5312526 133 148 70
-1.9157282 0.51559085 2.5271742 137 150 73
-1.9159492 0.5149196 2.5230722 137 150 73
-1.9162078 0.5142387 2.5189376 137 149 72
-1.9157958 0.5137584 2.5155747 134 147 69
-1.9153781 0.5132808 2.5122256 132 146 67
-1.9151286 0.51275474 2.5086932 134 148 69
-1.9136419 0.5125956 2.506566 139 154 75
-1.911183 0.5127238 2.5055368 143 157 78
-1.9087029 0.5128581 2.50453 140 155 75
-1.9066914 0.5128539 2.5029948 134 148 69
-1.9049921 0.5127579 2.50111 132 145 66
-1.9048879 0.5121934 2.4974422 133 147 68
-1.9051448 0.511524 2.4933796 135 148 69
-1.9056863 0.5107729 2.48901 134 147 68
-1.9080964 0.509476 2.4825733 132 145 66
-1.9117936 0.50780565 2.4747274 130 145 63
-1.9161305 0.5059522 2.466197 130 146 62
-1.8225385 0.49081948 2.299782 143 159 82
-1.8169492 0.49180034 2.3018248 142 158 80
-1.8101814 0.4930954 2.3049812 140 155 76
-1.8051925 0.49391073 2.3064227 138 154 74
-1.8016906 0.4943262 2.306437 138 153 73
-1.7984849 0.4946615 2.3061643 138 153 74
-2.0362022 0.506487 2.5440001 137 156 75
-2.0325637 0.5070043 2.5445437 137 154 73
-2.0287945 0.5075614 2.5452409 130 149 68
-2.025764 0.5078858 2.5450199 127 146 64
-2.0239387 0.50783247 2.543313 128 147 66
-2.0226226 0.5076201 2.5409822 128 148 66
-2.022049 0.5071764 2.5377455 128 148 66
-2.0226352 0.50637263 2.5330992 127 146 64
-2.0239246 0.5053517 2.527608 126 146 65
-2.0255752 0.50422114 2.5216932 127 148 66
-2.0272126 0.50309724 2.5158117 128 149 65
-2.028301 0.50214654 2.510613 129 151 65
-2.0280948 0.501599 2.5069947 129 150 63
-2.0274792 0.5011797 2.5038795 127 149 61
-2.0265522 0.5008574 2.5011456 129 150 64
-2.0241637 0.5009871 2.500174 137 157 73
-2.0207498 0.5014325 2.500431 144 165 81
-2.0167453 0.50205874 2.501389 146 165 85
-2.0124803 0.50276345 2.5026484 143 161 83
-2.008304 0.5034393 2.5037913 140 158 81
-2.0050244 0.5038384 2.5038562 141 159 81
-2.0018451 0.50420594 2.503796 142 162 81
-1.9988873 0.5045047 2.5034676 144 164 79
-1.9968307 0.5045273 2.5020676 147 168 79
-1.9952953 0.5043907 2.5000515 150 170 81
-1.9941149 0.50414616 2.4976192 149 169 83
-1.9928265 0.50393516 2.4953175 142 161 75
-1.9909881 0.5038919 2.4936647 132 151 65
-1.9882113 0.50413394 2.493113 130 149 64
-1.9851419 0.50446415 2.4928997 137 157 72
-1.9819992 0.5048158 2.4927669 142 161 76
-1.9775189 0.50557166 2.4941876 132 151 66
-1.9721935 0.5065811 2.4965796 120 140 55
-1.9664481 0.5077151 2.499444 121 142 56
-1.9607128 0.5088435 2.5022798 130 149 65
-1.9552926 0.50987405 2.504734 131 150 66
-1.9512275 0.5104945 2.5056095 124 141 60
-1.9476627 0.51096296 2.5058994 120 135 58
-1.9446756 0.5112569 2.5055182 125 140 62
-1.9434512 0.51102144 2.503111 131 146 69
-1.9433337 0.5104551 2.4994392 135 149 72
-1.9438115 0.5097119 2.4950957 135 148 71
-1.9442399 0.5089852 2.49082 134 146 69
-1.9446012 0.50828034 2.4866314 133 144 68
-1.9442888 0.5077779 2.4832182 131 142 66
-1.9439368 0.5072885 2.479858 130 142 65
-1.9438083 0.50673366 2.4762516 133 145 68
-1.9424648 0.5065412 2.474026 139 152 73
-1.9401394 0.5066405 2.47291 144 157 77
-1.9376307 0.5067939 2.4719982 142 156 76
-1.9354504 0.5068497 2.4707162 138 150 72
-1.9335849 0.5068124 2.4690802 136 147 70
-1.9332563 0.50632113 2.465726 138 151 72
-1.9334115 0.5056883 2.4618385 138 151 71
-1.9340265 0.5049214 2.457448 134 147 68
-1.9365699 0.5035887 2.4509244 130 142 63
-1.9404747 0.5018588 2.4429092 128 141 61
-1.8475847 0.48645446 2.2757707 143 160 82
-1.841454 0.4875934 2.278378 144 160 82
-1.83442 0.48897362 2.2818334 145 161 82
-1.8291497 0.4898758 2.2835875 144 161 81
-1.8254449 0.49035472 2.283838 140 157 77
-1.822757 0.49055928 2.283116 136 153 72
-2.0581765 0.50263196 2.520697 132 150 68
-2.0546708 0.50311846 2.5211296 138 157 74
-2.0508869 0.5036914 2.5218987 137 155 73
-2.0470693 0.50427365 2.5227008 133 152 70
-2.043944 0.5046366 2.5226417 134 154 72
-2.0420172 0.5046219 2.5211034 141 162 79
-2.0407286 0.5044068 2.5187829 141 163 81
-2.040296 0.50392395 2.515418 133 156 74
-2.041059 0.50306773 2.5106 125 147 65
-2.0425565 0.50198394 2.5048995 124 145 63
-2.0443907 0.5007975 2.498806 127 150 65
-2.046164 0.4996331 2.4928052 128 150 65
-2.0475407 0.49859503 2.4873028 127 149 63
-2.0480175 0.4978396 2.4829044 125 147 60
-2.0480022 0.49723908 2.479112 123 146 58
-2.047471 0.4968002 2.4759502 124 146 58
-2.0455022 0.4968082 2.474524 129 150 63
-2.0422583 0.4972112 2.4746277 135 155 69
-2.038294 0.4978361 2.4755883 142 161 78
-2.0337229 0.49864706 2.4772646 145 164 83
-2.029253 0.49942473 2.4788082 144 163 84
-2.0254128 0.5000065 2.4795897 141 160 80
-2.021788 0.50052047 2.4801068 138 158 74
-2.0186472 0.5008845 2.4800417 137 158 71
-2.0165253 0.50093454 2.4787652 140 161 70
-2.0149925 0.5008037 2.4767923 142 162 71
-2.0137863 0.50057316 2.4744358 142 160 73
-2.0125253 0.50035995 2.4721475 138 156 71
-2.0109353 0.50024784 2.4702487 132 150 65
-2.0086083 0.50036097 2.4692156 129 147 63
-2.0059915 0.50056225 2.4685197 131 149 65
-2.0030096 0.5008742 2.4682472 132 150 66
-1.9987502 0.5015742 2.4694586 130 148 64
-1.9935148 0.502569 2.4717944 126 145 60
-1.9877391 0.50372547 2.474743 124 143 57
-1.9817334 0.5049488 2.47794 124 141 57
-1.976291 0.50599885 2.4804683 125 142 59
-1.9720535 0.5066819 2.4815898 130 145 65
-1.968473 0.5071649 2.481945 135 148 71
-1.9658433 0.5073599 2.4811997 139 152 76
-1.9647958 0.50707763 2.4786367 139 152 76
-1.9650476 0.50640494 2.4745903 138 150 74
-1.9659604 0.50553507 2.4697986 135 147 71
-1.967044 0.50461596 2.4648247 132 143 66
-1.9678729 0.50377536 2.4601545 130 140 64
-1.9678495 0.5031921 2.4564648 132 140 65
-1.9674468 0.50272375 2.4532142 136 146 70
-1.9673144 0.5021757 2.4496644 141 151 74
-1.9660206 0.50197566 2.447434 144 156 77
-1.9638631 0.5020336 2.4461803 145 158 78
-1.9613608 0.5021941 2.445314 145 157 77
-1.9588459 0.5023581 2.4444594 144 155 78
-1.9565825 0.50244683 2.4433208 145 155 78
-1.9556532 0.50213945 2.4406881 145 158 78
-1.9553742 0.50164 2.4373343 142 155 74
-1.9561167 0.5008392 2.4328496 134 147 67
-1.95857 0.4995342 2.426474 127 139 61
-1.9625608 0.49777797 2.418411 127 139 59
-1.8596681 0.48502845 2.2609558 139 156 77
-2.0834303 0.50075686 2.5126443 139 159 74
-2.0839906 0.49995437 2.508037 141 162 78
-2.0840545 0.4993125 2.5040627 144 162 80
-2.0832772 0.4989405 2.5011494 142 159 79
-2.0821707 0.49867442 2.498652 138 156 76
-2.08068 0.49853128 2.4966364 134 153 73
-2.0781655 0.49871364 2.4958935 136 155 73
-2.074985 0.4991072 2.495973 140 159 76
-2.0714219 0.49962103 2.4965196 138 157 75
-2.0677137 0.5001795 2.497237 135 155 73
-2.0646172 0.5005431 2.4971924 139 159 78
-2.062636 0.5005536 2.4957721 147 169 86
-2.0613513 0.50034434 2.4934971 147 170 87
-2.0609705 0.49985072 2.490119 136 159 77
-2.061754 0.498992 2.485326 125 147 65
-2.06326 0.4979081 2.4796653 124 146 63
-2.065105 0.49672064 2.4736087 129 151 66
-2.0668976 0.49555245 2.4676342 130 152 67
-2.0680656 0.49458283 2.4624345 127 149 64
-2.0682535 0.4939219 2.4584348 124 146 60
-2.0681705 0.49334726 2.4547725 122 145 57
-2.0678349 0.49285296 2.4514236 122 145 56
-2.066366 0.49271303 2.4494448 125 147 58
-2.063898 0.49288437 2.4486666 130 151 63
-2.060354 0.4933898 2.449175 139 158 72
-2.0559468 0.49416205 2.4507077 145 164 80
-2.051517 0.4949395 2.4522557 145 164 82
-2.047574 0.4955642 2.4532118 140 159 76
-2.0438428 0.49612188 2.4539073 133 153 68
-2.0405998 0.4965274 2.454015 131 152 62
-2.038314 0.49663642 2.4529839 130 151 59
-2.0365715 0.49657783 2.4513094 128 148 57
-2.0351439 0.49642235 2.4492643 127 145 58
-2.033671 0.49628112 2.4472747 128 146 61
-2.031887 0.49623582 2.4456525 130 147 63
-2.0294497 0.49639118 2.444797 129 147 63
-2.0268269 0.49660286 2.4441562 125 143 59
-2.0239732 0.4968847 2.4437819 123 141 57
-2.020037 0.49749693 2.444665 126 144 60
-2.0152793 0.49835846 2.4464939 129 147 63
-2.0099115 0.49940398 2.449018 126 144 59
-2.0041883 0.50055546 2.4519386 121 138 54
-1.9989419 0.501559 2.454291 124 140 58
-1.9947705 0.50223345 2.4553876 135 150 70
-1.9912838 0.5026985 2.455686 144 157 81
-1.9887747 0.502866 2.4548535 147 159 84
-1.9877415 0.50258636 2.4523258 144 155 81
-1.9878802 0.5019527 2.4484603 142 154 78
-1.988614 0.50114095 2.443924 139 151 76
-1.9894571 0.5002979 2.439275 135 146 71
-1.9900191 0.49954176 2.4349585 132 142 66
-1.9899553 0.49897566 2.431364 135 143 68
-1.9898326 0.49842855 2.4278445 142 151 76
-1.9896787 0.4978923 2.4243684 148 157 81
-1.988477 0.4976715 2.4220839 147 158 80
-1.9863693 0.49772272 2.4208236 143 156 78
-1.9838188 0.49790633 2.4200606 143 156 78
-1.9810383 0.49815825 2.4195535 147 158 81
-1.978687 0.49828148 2.4185617 149 161 84
-1.9775274 0.49804893 2.416235 150 163 84
-1.9770695 0.49760792 2.4131284 145 157 79
-1.977738 0.49683276 2.408773 135 147 70
-1.9800998 0.4955562 2.402546 127 138 62
-1.9839454 0.49384198 2.3946905 128 139 62
-1.987237 0.49229607 2.3874736 134 145 67
-1.970668 0.4821859 2.3116987 135 141 74
-1.967714 0.48249537 2.3114219 135 140 74
-1.8816011 0.4819127 2.243174 122 138 62
-1.8757205 0.48300454 2.2456036 133 149 71
-1.8694811 0.48419183 2.2483618 148 165 87
-1.8641982 0.48511627 2.2501915 155 173 94
-1.8601465 0.4857043 2.2508364 146 163 83
-1.8567593 0.48611072 2.2508416 130 148 66
-2.1115856 0.49720958 2.4966016 139 158 74
-2.1098194 0.49715805 2.494955 137 157 73
-2.1087413 0.49688426 2.4924397 135 155 70
-2.1085534 0.4963242 2.4888062 132 152 66
-2.1088285 0.49561632 2.4845986 130 151 66
-2.1092749 0.49485514 2.4801872 131 152 67
-2.109611 0.49413136 2.4759257 133 154 70
-2.1094747 0.49356073 2.4722662 137 156 73
-2.108584 0.4932336 2.4695578 140 158 76
-2.1074252 0.492993 2.4671884 141 159 78
-2.1059663 0.49284884 2.4651957 141 160 80
-2.1036954 0.4929646 2.4642134 142 161 80
-2.1009445 0.49323294 2.4638236 142 161 79
-2.0978007 0.49362594 2.4639156 140 159 77
-2.094466 0.49407876 2.464237 136 156 75
-2.091694 0.49435145 2.4638586 137 157 76
-2.0899208 0.4943066 2.4622488 140 160 79
-2.08881 0.49405184 2.4598267 139 160 77
-2.088519 0.49353808 2.4564052 132 152 70
-2.089221 0.4927118 2.4517794 125 146 63
-2.0905166 0.49169993 2.4464417 124 145 63
-2.0919464 0.49064818 2.4409559 128 149 65
-2.0932298 0.48964512 2.4356644 129 149 66
-2.094088 0.48877823 2.430903 127 147 64
-2.0943081 0.4881142 2.426927 125 145 61
-2.0942957 0.4875246 2.4232416 122 143 57
-2.0940652 0.48700497 2.4198284 122 144 57
-2.0928698 0.48678866 2.417583 128 150 61
-2.0908353 0.4868353 2.4163475 135 155 67
-2.0879989 0.48713246 2.4160724 140 160 72
-2.0842936 0.48769987 2.416831 141 160 75
-2.080437 0.48831305 2.4177618 140 159 74
-2.0768967 0.48882636 2.4183068 136 156 70
-2.07335 0.48934036 2.4188514 131 151 63
-2.0700345 0.48978144 2.4191144 126 146 56
-2.067447 0.4899957 2.418509 120 140 50
-2.0651932 0.490106 2.4175062 115 134 46
-2.0631995 0.49013558 2.4161952 113 131 46
-2.061195 0.4901683 2.414896 117 135 51
-2.05893 0.49028155 2.4139028 124 141 58
-2.056148 0.4905538 2.4135132 127 145 61
-2.0532804 0.49085182 2.4132206 123 142 58
-2.0503416 0.49117094 2.4130058 120 139 54
-2.046608 0.49173343 2.413713 121 140 56
-2.0423722 0.49244872 2.4149957 125 144 59
-2.037608 0.49332434 2.4168816 126 146 60
-2.0324717 0.49431166 2.4191852 127 146 61
-2.0277815 0.49516034 2.4209585 130 147 65
-2.0240169 0.4957243 2.421651 136 151 74
-2.0208683 0.49609914 2.4216259 141 153 80
-2.0185606 0.4962168 2.4206285 143 154 82
-2.0174341 0.49597478 2.4182746 143 155 81
-2.0171452 0.4954788 2.4149652 146 158 83
-2.0173295 0.4948403 2.4111223 147 160 85
-2.0176072 0.49417496 2.4071822 144 156 81
-2.0176125 0.49359372 2.4035618 139 150 74
-2.0170937 0.49317238 2.4005456 139 149 73
-2.0165691 0.49275383 2.3975418 143 155 79
-2.0160968 0.49232045 2.394485 146 158 82
-2.0148013 0.4921362 2.3923645 143 156 80
-2.0129004 0.49213478 2.3909292 138 152 76
-2.0106235 0.49224627 2.3899167 137 151 75
-2.0081277 0.49242333 2.3891485 141 154 78
-2.0060573 0.49247232 2.3879008 145 158 82
-2.005042 0.492205 2.3854723 148 161 85
-2.0046997 0.49173677 2.3822963 145 157 83
-2.0054126 0.4909543 2.3779516 137 148 74
-2.0072317 0.48984322 2.372388 130 140 67
-2.0096197 0.48856482 2.3662086 132 142 68
-2.0124497 0.48715794 2.3595583 136 148 73
-1.998037 0.4771375 2.2862647 131 139 72
-1.9949429 0.47749758 2.2861893 130 136 70
-1.9922098 0.4777527 2.2857296 132 138 71
-1.9899623 0.47786725 2.284758 138 144 78
-1.9887294 0.47768936 2.282724 144 151 84
-1.9883127 0.47727707 2.2798405 143 151 83
-1.9883103 0.47674662 2.2765315 138 147 78
-2.1333532 0.49005508 2.453738 125 147 63
-2.1333742 0.48943758 2.449922 124 146 62
-2.133397 0.48882106 2.4461136 125 146 62
-2.1330218 0.4883346 2.4428127 129 149 64
-2.1320128 0.4880533 2.4403105 134 153 69
-2.1307902 0.4878415 2.4380789 138 157 76
-2.1293466 0.48770127 2.4361253 141 160 80
-2.127327 0.4877461 2.4348888 141 160 80
-2.1250498 0.48787344 2.433971 140 159 77
-2.1224318 0.48810956 2.4334722 138 157 76
-2.119617 0.48840794 2.4332125 135 155 75
-2.1173127 0.48854268 2.4323199 132 151 72
-2.1158497 0.48840865 2.4303913 129 147 67
-2.1149297 0.48810217 2.4277987 127 145 62
-2.1146426 0.487595 2.424436 125 143 60
-2.1148403 0.48693508 2.420489 126 145 62
-2.1154194 0.48615572 2.4160872 127 146 64
-2.116344 0.48526877 2.4112763 128 147 65
-2.1173716 0.48435125 2.4063537 128 147 65
-2.1180377 0.4835504 2.4018836 128 146 65
-2.1181967 0.48291168 2.3980389 126 144 62
-2.1181743 0.48233157 2.3944225 122 142 58
-2.1179948 0.48180255 2.3910046 123 144 59
-2.117058 0.481513 2.3885052 132 153 66
-2.1154928 0.48142165 2.386764 140 160 73
-2.11318 0.48156524 2.38592 139 159 71
-2.110061 0.48196116 2.3860376 133 153 66
-2.1067705 0.48240986 2.3863535 131 151 64
-2.1035683 0.48282984 2.3865576 132 152 64
-2.1003504 0.48325375 2.3867745 131 151 63
-2.0972762 0.48363182 2.3868144 125 145 56
-2.0946383 0.48387292 2.386332 116 136 48
-2.0920959 0.48408383 2.3857336 112 131 45
-2.089528 0.484302 2.3851614 110 129 45
-2.0869448 0.4845246 2.3846047 115 133 50
-2.084179 0.4848032 2.384259 120 138 55
-2.081059 0.48519084 2.384324 123 142 58
-2.0779443 0.48557585 2.3843772 123 142 58
-2.0748973 0.4859393 2.3843462 121 141 56
-2.0713391 0.4864593 2.3849049 119 139 54
-2.067599 0.48703435 2.3856678 120 140 55
-2.0634608 0.48773065 2.3868842 125 146 60
-2.058989 0.4885278 2.3884768 132 153 67
-2.0549462 0.4891913 2.3895617 135 153 72
-2.0516686 0.48961845 2.3897533 134 149 74
-2.0488608 0.48990074 2.3893986 133 146 74
-2.046678 0.4899908 2.3883204 135 147 75
-2.0453343 0.4898243 2.386279 140 153 79
-2.0444617 0.4895142 2.3837004 147 161 85
-2.043981 0.48908535 2.3806784 153 166 91
-2.0436225 0.48862022 2.3775234 151 164 89
-2.0430298 0.4882276 2.3746417 145 157 81
-2.041994 0.48797038 2.3722687 140 153 76
-2.0407524 0.48777637 2.3701334 139 154 76
-2.0398505 0.48747984 2.3676164 140 155 77
-2.0383594 0.4873624 2.365769 137 153 76
-2.0368469 0.48725164 2.3639474 134 150 74
-2.0350802 0.48721808 2.3624136 131 147 71
-2.0333 0.4871886 2.3608956 132 146 70
-2.0317006 0.48710468 2.359175 136 150 74
-2.0310206 0.4867441 2.3564272 142 154 80
-2.030895 0.48621765 2.353066 141 152 81
-2.0309243 0.48564586 2.3495398 135 145 74
-2.0320458 0.48474756 2.3448067 130 140 69
-2.2312925 0.50118375 2.5814981 136 155 74
-2.1678443 0.48480526 2.4327464 136 153 74
-2.1653295 0.4850196 2.4321842 134 151 72
-2.1633766 0.48504984 2.4309058 137 154 75
-2.1617012 0.48498937 2.429276 137 155 76
-2.160181 0.48487857 2.4274507 132 152 71
-2.1591997 0.48459238 2.4249473 126 148 65
-2.1582525 0.48429593 2.4224055 123 146 62
-2.1579366 0.48379514 2.4190755 123 145 61
-2.1577032 0.48326877 2.41565 122 143 58
-2.1570978 0.48286438 2.4126978 121 141 56
-2.1560316 0.4826099 2.4103267 124 143 59
-2.1546154 0.48246932 2.4083958 129 148 65
-2.1531682 0.48233908 2.4065058 133 152 71
-2.1513925 0.48231512 2.405026 132 151 70
-2.1497178 0.4822586 2.4034207 130 149 68
-2.147653 0.48232773 2.4022985 132 151 70
-2.1455328 0.48241445 2.4012442 134 153 73
-2.1436749 0.4824169 2.3998654 131 150 71
-2.1424098 0.48222938 2.397758 124 142 62
-2.1414785 0.48193535 2.395244 121 139 57
-2.1407554 0.48157567 2.3924797 124 141 59
-2.1406655 0.4810146 2.3889472 128 147 64
-2.1404533 0.4804938 2.385572 131 149 67
-2.1408443 0.47978243 2.3814712 131 150 68
-2.141446 0.4790056 2.3771248 130 149 67
-2.1419249 0.47826988 2.3729396 130 148 67
-2.1420655 0.47764304 2.3691742 126 144 63
-2.1419268 0.47710642 2.3657558 122 141 59
-2.1417227 0.47659186 2.3624241 122 143 59
-2.140903 0.47627303 2.3598402 131 151 65
-2.1400445 0.47596723 2.3573074 137 157 70
-2.1381004 0.47600454 2.35608 133 153 66
-2.1355734 0.4762255 2.3555486 124 144 57
-2.1327803 0.47652948 2.3553312 123 143 57
-2.1299589 0.47684178 2.3551433 130 150 63
-2.1272042 0.4771323 2.3548713 133 153 66
-2.1241386 0.47751954 2.3549638 128 148 60
-2.1212635 0.47784635 2.354825 120 140 54
-2.1177483 0.4783725 2.3554378 121 140 55
-2.1146612 0.4787636 2.3555374 123 143 59
-2.1116247 0.47913802 2.3555722 124 143 59
-2.1085691 0.47951743 2.3556235 121 141 57
-2.1054416 0.47991845 2.355754 120 140 55
-2.1020846 0.48038974 2.3561468 122 141 56
-2.099028 0.48076665 2.3561819 123 142 57
-2.0956976 0.48122767 2.3565307 121 141 56
-2.092636 0.48160428 2.3565602 121 141 56
-2.0892115 0.4820923 2.3570051 124 145 60
-2.0857077 0.48260358 2.3575346 130 151 65
-2.082284 0.483089 2.3579645 132 150 69
-2.0792627 0.48344916 2.3579226 132 147 72
-2.076736 0.48365626 2.357306 132 145 73
-2.0742545 0.483849 2.3566346 134 147 73
-2.0723429 0.48386595 2.355306 139 153 77
-2.0704021 0.483892 2.3540108 145 160 83
-2.0689344 0.48377296 2.3521748 151 165 88
-2.0675845 0.4836182 2.3502061 149 163 86
-2.0663528 0.48342758 2.348105 143 156 79
-2.0650241 0.48326707 2.346117 137 151 73
-2.063437 0.48318586 2.3444242 134 150 70
-2.0621643 0.48300883 2.3423767 133 151 71
-2.0604773 0.48295856 2.3408 134 152 73
-2.0589495 0.48285976 2.3390443 134 152 73
-2.0573246 0.4827908 2.3373995 131 148 69
-2.0559688 0.4826403 2.3354533 127 143 65
-2.0548882 0.482407 2.333201 128 143 65
-2.0544453 0.48198107 2.3302386 134 146 70
-2.054624 0.4813683 2.3265882 134 146 72
-2.0544538 0.48086232 2.3233356 129 140 67
-2.0548968 0.48017272 2.3194084 126 137 64
-2.0556612 0.4793878 2.3151343 131 142 69
-2.0575671 0.47826132 2.3096066 138 150 76
-2.0447233 0.46808305 2.2371092 139 145 81
-2.0422468 0.46828184 2.2364788 138 144 77
-2.0402088 0.46835217 2.2353852 137 145 77
-2.0384088 0.46835333 2.2340417 140 147 79
-2.0372906 0.46815625 2.2319853 143 151 82
-2.0361228 0.4679738 2.2299829 144 154 84
-2.0355968 0.46760577 2.227315 143 154 83
-2.0345645 0.4673852 2.2251785 138 148 78
-2.0335293 0.4671659 2.2230477 132 142 72
-2.0321035 0.46706003 2.2213244 134 144 74
-2.2490191 0.5090073 2.628258 135 148 76
-2.2496367 0.50807637 2.6229985 132 144 73
-2.2504914 0.5070619 2.6174037 130 143 71
-2.251749 0.5059041 2.6112301 129 143 69
-2.2529838 0.50475776 2.6051102 129 143 68
-2.2544801 0.5035201 2.5986245 129 143 68
-2.2558746 0.5023226 2.5923097 129 142 66
-2.2558641 0.49752578 2.5628169 135 153 75
-2.2548447 0.49721164 2.5601206 131 149 69
-2.2536054 0.49697676 2.557747 129 147 67
-2.2522116 0.49679726 2.5555985 130 148 68
-2.251204 0.4964811 2.5528991 132 150 69
-2.2502317 0.49615327 2.5501542 131 150 69
-2.2497048 0.4956683 2.5467782 129 148 66
-2.2490897 0.49521592 2.5435362 130 148 65
-2.248444 0.49477547 2.5403447 130 147 64
-2.24757 0.4944171 2.5374856 127 144 59
-2.2464137 0.4941591 2.5350327 121 138 53
-2.2451265 0.49394795 2.532769 116 134 50
-2.2435997 0.4938217 2.5308475 115 133 49
-2.2419748 0.49373016 2.529066 119 138 54
-2.2401385 0.49371323 2.527584 129 147 61
-2.2389317 0.49347553 2.525218 136 155 69
-2.2378798 0.49318436 2.5226393 137 155 70
-2.237257 0.49274403 2.5194654 130 149 65
-2.237021 0.49216983 2.515759 124 143 62
-2.2368999 0.4915572 2.5119023 125 144 63
-2.2371106 0.49083066 2.507594 126 146 65
-2.2372437 0.49013302 2.5034056 126 146 65
-2.2026548 0.481701 2.4256282 138 150 74
-2.2024045 0.48117203 2.4221883 133 145 70
-2.2025273 0.48052025 2.418274 131 145 69
-2.2022762 0.47999433 2.4148526 135 149 73
-2.2019005 0.47951105 2.4116006 138 153 77
-2.2022307 0.47879514 2.4074473 138 153 77
-2.2029111 0.47796506 2.4028559 138 154 77
-2.202087 0.4776344 2.400205 140 155 79
-2.2003489 0.47760627 2.398728 138 154 77
-2.1976368 0.47789934 2.398495 131 147 69
-2.1948667 0.4782107 2.3983312 122 139 60
-2.1919796 0.47855973 2.398311 121 139 59
-2.1892729 0.47884873 2.3980565 129 146 67
-2.186729 0.4790835 2.397592 134 152 72
-2.1842446 0.47929832 2.3970482 130 150 70
-2.1827765 0.47918 2.3952198 125 147 64
-2.18185 0.47888502 2.3927116 124 147 63
-2.181706 0.47833535 2.389225 124 146 62
-2.1818194 0.47770306 2.3854234 121 142 57
-2.1817632 0.47712776 2.3818445 117 136 52
-2.1814537 0.4766361 2.3785903 116 135 51
-2.1810102 0.47618926 2.375511 119 138 55
-2.1802883 0.47583377 2.3727846 123 142 60
-2.1789083 0.47569236 2.37088 122 141 59
-2.1771955 0.47565904 2.3693902 120 139 58
-2.1747866 0.47585067 2.368761 126 145 65
-2.172432 0.47602436 2.3680625 132 151 72
-2.1700077 0.47622004 2.367447 132 151 71
-2.167748 0.47636232 2.366626 126 144 63
-2.1656835 0.47644135 2.3655636 122 140 59
-2.1638002 0.4764621 2.3642783 125 143 61
-2.1630611 0.4761158 2.3615952 130 149 67
-2.1629205 0.4755785 2.3581867 133 152 70
-2.1634922 0.47481468 2.3539205 134 153 71
-2.1644053 0.47394347 2.3492503 133 152 70
-2.1653593 0.47306156 2.3445444 131 149 69
-2.166175 0.4722257 2.3400185 126 145 64
-2.1666021 0.47151563 2.3359742 122 141 59
-2.1678457 0.47054765 2.330957 121 141 57
-2.1684613 0.46978152 2.3267093 127 147 62
-2.1680512 0.4693426 2.3237038 131 151 65
-2.1665113 0.4692629 2.3220587 126 146 60
-2.16459 0.469304 2.3208704 118 138 52
-2.162015 0.4695517 2.3204613 120 140 54
-2.1589646 0.4699488 2.3206143 130 150 64
-2.1555452 0.47046146 2.3212001 135 155 69
-2.1514857 0.4711745 2.322538 132 152 65
-2.148053 0.47168854 2.323123 127 147 61
-2.1445398 0.4722267 2.3237953 132 152 66
-2.1416044 0.47258213 2.3237786 138 158 73
-2.13887 0.47287384 2.3235204 135 155 70
-2.1361203 0.47316957 2.3232756 125 145 60
-2.133367 0.47346574 2.3230305 118 138 53
-2.1308212 0.47369635 2.3225389 120 139 54
-2.1285515 0.47384045 2.321721 124 143 58
-2.125971 0.47408077 2.3212633 125 144 59
-2.1234148 0.47431323 2.3207743 124 144 59
-2.120082 0.47478643 2.3211832 124 144 59
-2.1168687 0.47522128 2.321446 125 145 59
-2.1134143 0.47573012 2.3219821 127 145 63
-2.10988 0.47626233 2.3226027 130 145 69
-2.1065414 0.47673273 2.32299 133 147 74
-2.1028738 0.4773037 2.3237486 135 149 75
-2.1000447 0.47761464 2.3235373 139 154 76
-2.0976105 0.47780296 2.322869 143 158 80
-2.0958452 0.4777849 2.3214338 146 160 82
-2.0942345 0.47771943 2.3198228 144 158 80
-2.0928097 0.47759685 2.3180008 138 151 74
-2.0915234 0.47743207 2.316023 132 147 67
-2.0904884 0.47719076 2.3137631 129 145 64
-2.0899873 0.47678643 2.310902 130 147 65
-2.0889897 0.47653502 2.308608 134 153 71
-2.0879488 0.47629726 2.306366 136 155 73
-2.086394 0.476217 2.3047059 133 151 69
-2.0852501 0.4760116 2.3025854 127 143 62
-2.0841124 0.47580478 2.3004608 125 140 59
-2.083083 0.47556555 2.2982183 128 141 63
-2.082293 0.47525415 2.2957115 128 140 63
-2.0808482 0.47514227 2.2939394 123 135 58
-2.0804336 0.4747183 2.2910228 121 133 57
-2.08075 0.4740742 2.287301 128 140 63
-2.0820265 0.47314143 2.2825246 137 149 74
-2.0836854 0.4720953 2.2773387 141 153 79
-2.0854492 0.4710199 2.2720518 137 149 77
-2.0871472 0.46996692 2.2668524 132 144 72
-2.0888853 0.46890426 2.261624 128 140 69
-2.0909526 0.4677451 2.2560496 126 138 68
-2.092297 0.4668056 2.2512827 129 140 70
-2.0934253 0.46593305 2.2467659 134 146 76
-2.09371 0.46531513 2.2431812 140 152 81
-2.0939102 0.46472389 2.239697 144 155 86
-2.0936399 0.46427467 2.2367325 146 156 89
-2.0929756 0.46394405 2.2342017 145 152 89
-2.0920558 0.46369025 2.2319517 144 149 88
-2.0902803 0.46369192 2.23063 143 149 87
-2.0889957 0.4635475 2.2287788 144 148 86
-2.0877538 0.4633908 2.226884 142 147 84
-2.0868647 0.4631297 2.224612 139 144 82
-2.0858903 0.46289444 2.2224355 136 140 78
-2.0849886 0.4626383 2.2201843 134 137 75
-2.083879 0.4624442 2.2181585 136 138 76
-2.0828466 0.46222767 2.2160535 141 144 82
-2.0820732 0.46193525 2.2136755 145 150 87
-2.0805516 0.46186396 2.2120962 145 151 88
-2.0789618 0.46181294 2.2105901 143 150 86
-2.0765944 0.4619909 2.2099075 143 150 86
-2.0744004 0.4621172 2.2090387 144 151 86
-2.0720508 0.46228915 2.2083328 145 151 86
-2.0696654 0.46247098 2.2076616 143 149 83
-2.067421 0.4626114 2.2068405 140 147 79
-2.0647056 0.46288905 2.2065105 138 145 76
-2.0628638 0.46291086 2.2052631 137 144 75
-2.0613391 0.46284017 2.203685 138 147 78
-2.0605965 0.46254173 2.201293 141 151 82
-2.0596943 0.46229032 2.199071 138 148 79
-2.0587506 0.46205154 2.1968956 133 143 73
-2.0574522 0.46191636 2.1950908 134 143 74
-2.0559335 0.46184537 2.1935153 141 150 80
-2.05487 0.46164268 2.1914713 145 154 84
-2.053216 0.46161145 2.1900382 141 150 80
-2.051713 0.46153644 2.18845 134 144 74
-2.0496023 0.46163726 2.1874866 131 142 71
-2.0477226 0.46167123 2.186285 133 144 72
-2.0457475 0.46173263 2.1851807 134 146 74
-2.0439243 0.46175006 2.1839204 135 147 75
-1.9530966 0.4698297 2.1654527 132 143 72
-1.9485877 0.47058198 2.166694 134 145 75
-1.9451377 0.47103956 2.1669188 134 144 75
-1.9414392 0.47156486 2.1673732 132 143 76
-1.9382355 0.4719524 2.1673524 131 141 75
-1.9354889 0.47221306 2.1668944 129 140 75
-1.9330084 0.47239992 2.166182 129 142 73
-1.9316901 0.47226644 2.164373 130 143 71
-1.9300812 0.47221315 2.1628385 128 142 70
-1.9328394 0.46704343 2.1331296 131 144 71
-1.9347519 0.4660381 2.1283839 126 139 67
-1.9349445 0.46550214 2.1252344 129 142 70
-1.9340254 0.4652693 2.1231134 138 150 78
-1.9312446 0.46554175 2.1227028 140 152 79
-2.2110114 0.46865112 2.3381314 114 133 50
-2.209968 0.46841097 2.3358793 117 136 53
-2.2081478 0.46842414 2.3345947 116 135 52
-2.2063253 0.46843803 2.3333127 115 134 53
-2.2044635 0.46846464 2.332079 122 141 61
-2.2029586 0.46837553 2.3304048 132 150 70
-2.2014198 0.46829754 2.3287735 132 151 71
-2.2000818 0.4681549 2.3268967 126 146 65
-2.1949508 0.46694532 2.315648 136 155 73
-2.1953263 0.46625513 2.3117065 135 154 72
-2.1964266 0.46533403 2.3068972 131 151 70
-2.197792 0.4643304 2.301781 126 145 64
-2.199073 0.46335614 2.2967815 122 141 59
-2.1999328 0.4625189 2.292304 121 141 57
-2.1997118 0.46202856 2.2891386 125 145 60
-2.1990387 0.46168357 2.2865229 127 147 61
-2.197678 0.46155834 2.2847362 122 142 57
-2.1961956 0.46147212 2.2830966 115 135 50
-2.1940818 0.4615868 2.282212 118 138 54
-2.19155 0.46183354 2.281823 130 150 65
-2.188757 0.4621627 2.2817411 137 157 71
-2.1849127 0.46282354 2.2829008 134 154 68
-2.1812057 0.46343946 2.2838883 132 152 66
-2.1769834 0.4642167 2.285476 139 159 73
-2.1727862 0.46498403 2.2870224 147 167 82
-2.1692395 0.4655447 2.2877917 142 162 77
-2.1663299 0.46590364 2.287805 127 148 62
-2.1639576 0.4660928 2.2871833 118 138 52
-2.1616244 0.46626928 2.2865129 120 139 54
-2.159178 0.46648088 2.285972 125 143 58
-2.1561432 0.4668763 2.2861142 127 146 61
-2.153391 0.46718222 2.2859216 126 146 61
-2.1505728 0.46750805 2.2858012 124 144 59
-2.148266 0.46767357 2.2850833 122 141 56
-2.1458116 0.46788475 2.284534 123 141 59
-2.1432328 0.46813405 2.284125 129 144 67
-2.140898 0.468307 2.2834318 135 149 74
-2.1275382 0.46968654 2.28185 140 154 76
-2.1256225 0.4697271 2.2806609 135 148 70
-2.124288 0.46958828 2.2788107 129 145 64
-2.1229913 0.46943828 2.27692 126 142 61
-2.121728 0.46927825 2.2749934 128 145 62
-2.1196995 0.46935374 2.2739334 134 153 69
-2.1178246 0.4693818 2.2726994 138 157 73
-2.1160207 0.46938813 2.2713847 135 153 69
